x,y,WeightedProbabiliticGoals,GoalProbability
0,0,0.0000541769186507278,0
0,2,0.000262158444412103,0
0,4,0.000847541088632625,0.001
0,6,0.00227774577314145,0.003
0,8,0.00467701860644299,0.005
0,10,0.00701565773557131,0.007
0,12,0.00761208203296086,0.007
0,14,0.00615731344471185,0.007
0,16,0.00425265247838652,0.005
0,18,0.00319881751409681,0.004
0,20,0.00286732835185903,0.003
0,22,0.00317667774040189,0.003
0,24,0.00660522924904978,0.004
0,26,0.0179251934743323,0.007
0,28,0.03885290706724,0.01
0,30,0.0600510563749879,0.01
0,32,0.0656617318707278,0.008
0,34,0.0529117600002242,0.005
0,36,0.0378640745128116,0.003
0,38,0.0354710908951684,0.003
0,40,0.0442611174793901,0.003
0,42,0.0534194222984,0.005
0,44,0.0561841099697243,0.007
0,46,0.0510470190616406,0.009
0,48,0.0385023877032213,0.009
0,50,0.0226018757681843,0.007
0,52,0.00989657811422953,0.004
0,54,0.00323843956393767,0.002
0,56,0.000867166406355314,0.001
0,58,0.000241716980120925,0
0,60,0.0000666209445658533,0
0,62,0.0000227387425141057,0
0,64,0.0000120932135012873,0
0,66,0.0000169746701909369,0
0,68,0.0000166112301097109,0
0,70,0.0000113329525055936,0
0,72,0,0
0,74,0,0
0,76,0,0
0,78,0,0
0,80,0,0
2,0,0.000324810667535571,0
2,2,0.00103737807674191,0.001
2,4,0.00296163110556114,0.002
2,6,0.00729172696786263,0.004
2,8,0.0141953744229275,0.007
2,10,0.0206284384510298,0.01
2,12,0.0219299783673472,0.01
2,14,0.0179562700876181,0.01
2,16,0.0136161530590018,0.008
2,18,0.0120340037588277,0.008
2,20,0.0114849614093818,0.007
2,22,0.0103592014011904,0.005
2,24,0.0129809940026411,0.004
2,26,0.0280378688122823,0.006
2,28,0.0587953209527309,0.007
2,30,0.0911242739368437,0.007
2,32,0.100897533355379,0.006
2,34,0.0837047683828249,0.004
2,36,0.0634323479529977,0.002
2,38,0.0623762061450484,0.002
2,40,0.0775190933756918,0.003
2,42,0.0924531369252939,0.004
2,44,0.0975066253682688,0.006
2,46,0.0900349351181219,0.008
2,48,0.0691660799639674,0.008
2,50,0.0414173570733029,0.007
2,52,0.0187113048098989,0.004
2,54,0.00667033569319278,0.002
2,56,0.00226329371496763,0.001
2,58,0.000899868935181664,0
2,60,0.000379194372815502,0
2,62,0.000164575968303691,0
2,64,0.000123717119118618,0
2,66,0.000134593786255824,0
2,68,0.000131712035031259,0
2,70,0.0000898720281503482,0
2,72,0.000042765147402106,0
2,74,0.0000142061687278185,0
2,76,0.000000031679735346749,0
2,78,0.0000000213037693824675,0
2,80,0,0
4,0,0.00106142576818633,0.001
4,2,0.00307476576230063,0.001
4,4,0.00778480512508174,0.003
4,6,0.0173753153247315,0.006
4,8,0.0318350778172349,0.01
4,10,0.0445601719019967,0.013
4,12,0.0465482123310351,0.014
4,14,0.0389642634262613,0.013
4,16,0.0328896013705664,0.012
4,18,0.0334111828228258,0.013
4,20,0.0336899996460269,0.012
4,22,0.0279789381227214,0.008
4,24,0.0232888579606068,0.005
4,26,0.0334902533721828,0.004
4,28,0.0639421215439657,0.005
4,30,0.099180068868581,0.005
4,32,0.113005584125896,0.004
4,34,0.100410689120862,0.003
4,36,0.0857133717846356,0.002
4,38,0.0899437205924525,0.002
4,40,0.107128762911556,0.003
4,42,0.120448448155239,0.004
4,44,0.12308871329746,0.005
4,46,0.113232887421442,0.006
4,48,0.0880846700829067,0.007
4,50,0.0539602479073431,0.005
4,52,0.0258495064290795,0.003
4,54,0.010977941719376,0.002
4,56,0.00524301333390531,0.001
4,58,0.00279670609113669,0.001
4,60,0.00134702052030148,0
4,62,0.000682661495010023,0
4,64,0.000629863300504085,0
4,66,0.000760594670067289,0
4,68,0.000728157808204282,0
4,70,0.00049687717136257,0
4,72,0.000236501685335903,0
4,74,0.0000786371041765765,0
4,76,0.0000183751296760005,0
4,78,0.000000162934930660411,0
4,80,0.0000000763888430151741,0
6,0,0.00251454332273085,0.001
6,2,0.00673520344253752,0.002
6,4,0.015274211517142,0.004
6,6,0.0306982017781778,0.008
6,8,0.0524338629180167,0.013
6,10,0.0704537525409684,0.016
6,12,0.0724846362754135,0.016
6,14,0.0626676678410625,0.014
6,16,0.0591821895287513,0.015
6,18,0.0672214829512468,0.017
6,20,0.0707104241787925,0.017
6,22,0.0574048679856426,0.012
6,24,0.0382377915273965,0.006
6,26,0.0339520244198564,0.004
6,28,0.0524592494188109,0.004
6,30,0.0813941580018989,0.004
6,32,0.100121802876226,0.003
6,34,0.105112163132386,0.003
6,36,0.112068114049681,0.003
6,38,0.127825365639691,0.003
6,40,0.139110817555232,0.003
6,42,0.135479004370982,0.003
6,44,0.122562845868842,0.004
6,46,0.105603575622209,0.005
6,48,0.0809473325880241,0.005
6,50,0.0510833597476612,0.004
6,52,0.0275800705367194,0.003
6,54,0.0157188373881614,0.002
6,56,0.0104890963059393,0.002
6,58,0.00660491817419933,0.001
6,60,0.00344887043901378,0.001
6,62,0.00206317842310281,0.001
6,64,0.00230339019237363,0.001
6,66,0.00292233922393866,0.001
6,68,0.00281776603679999,0.001
6,70,0.00192194069096825,0
6,72,0.000911931482848835,0
6,74,0.000303587522542263,0
6,76,0.0000712571639003807,0
6,78,0.000012172495975386,0
6,80,0.000000420864023016125,0
8,0,0.00431776402652866,0.002
8,2,0.0108076747384568,0.003
8,4,0.0221991284806229,0.006
8,6,0.040052212397746,0.009
8,8,0.0631573101675992,0.013
8,10,0.0811871835147046,0.015
8,12,0.0825292444719287,0.014
8,14,0.0744751130313324,0.013
8,16,0.0784626958632641,0.015
8,18,0.0970191780082614,0.018
8,20,0.105182581661537,0.019
8,22,0.0854179139774876,0.014
8,24,0.0525046070346145,0.007
8,26,0.0330944544498658,0.003
8,28,0.0379757897801234,0.003
8,30,0.0595568253492786,0.003
8,32,0.0864554949536337,0.003
8,34,0.118422740113972,0.004
8,36,0.159338681666259,0.004
8,38,0.193667988148099,0.004
8,40,0.194439369395146,0.004
8,42,0.159635671557428,0.004
8,44,0.115690567234446,0.004
8,46,0.0823251992738542,0.004
8,48,0.0576689343196747,0.003
8,50,0.0375090846057236,0.003
8,52,0.0249326586975904,0.002
8,54,0.0199701411323112,0.002
8,56,0.0166362284284866,0.002
8,58,0.0113244723727669,0.002
8,60,0.00631994147393043,0.001
8,62,0.00460644320282189,0.001
8,64,0.00601515101959616,0.001
8,66,0.00788798261647486,0.001
8,68,0.0076433923902188,0.001
8,70,0.00520280894807142,0.001
8,72,0.00247502953078415,0
8,74,0.000817842109771949,0
8,76,0.000193199268209222,0
8,78,0.0000337718219594175,0
8,80,0.00000159519607131448,0
10,0,0.00567584431926242,0.002
10,2,0.013027036030547,0.004
10,4,0.0240852978760363,0.005
10,6,0.0387971928565609,0.007
10,8,0.055916058625969,0.01
10,10,0.0685815929782202,0.011
10,12,0.0695641803919132,0.01
10,14,0.0664412481094521,0.01
10,16,0.0769760744732669,0.011
10,18,0.100559489078742,0.015
10,20,0.111377559970397,0.015
10,22,0.0920170234386752,0.012
10,24,0.0572104388537659,0.007
10,26,0.0337023321499718,0.004
10,28,0.0333678838296631,0.003
10,30,0.0536394728560424,0.003
10,32,0.0903724862013026,0.004
10,34,0.14635150384144,0.005
10,36,0.21766277482511,0.006
10,38,0.270508468838099,0.007
10,40,0.262927018656348,0.007
10,42,0.197612683246194,0.006
10,44,0.120689622596065,0.004
10,46,0.0674468573822025,0.003
10,48,0.0390277662699793,0.002
10,50,0.0251791551403818,0.002
10,52,0.0208114643916096,0.002
10,54,0.0211850638602543,0.002
10,56,0.019532066338522,0.002
10,58,0.0138342373775784,0.002
10,60,0.0083990277050251,0.001
10,62,0.00763109039993331,0.001
10,64,0.0113373231077618,0.002
10,66,0.015161164627442,0.002
10,68,0.0146805021933654,0.002
10,70,0.00996664125397068,0.001
10,72,0.00473154110901704,0.001
10,74,0.00157627328324352,0
10,76,0.00037448581039481,0
10,78,0.0000661711819353172,0
10,80,0.00000423004400301615,0
12,0,0.00690077081542255,0.002
12,2,0.013290742479296,0.003
12,4,0.0209368009914297,0.004
12,6,0.0291687663949771,0.005
12,8,0.0382336070367352,0.006
12,10,0.0462647858823521,0.006
12,12,0.0499256744238261,0.007
12,14,0.052338329574328,0.007
12,16,0.0623661697328865,0.008
12,18,0.0793653049642477,0.01
12,20,0.0875930617006296,0.01
12,22,0.0760198994322215,0.008
12,24,0.0537849877466643,0.005
12,26,0.0385372568879239,0.004
12,28,0.0406776713475536,0.003
12,30,0.0621274843666504,0.004
12,32,0.102505638851078,0.005
12,34,0.164974852215953,0.007
12,36,0.244324513312684,0.009
12,38,0.302672025129259,0.009
12,40,0.292318683148063,0.009
12,42,0.215717657056331,0.007
12,44,0.125725116968356,0.005
12,46,0.0637070136588704,0.003
12,48,0.0322582731912947,0.002
12,50,0.0190555006090651,0.001
12,52,0.0161550427792408,0.001
12,54,0.0174082744112851,0.002
12,56,0.0164804179590301,0.002
12,58,0.0120197093087797,0.001
12,60,0.00831623362377688,0.001
12,62,0.00976930345682514,0.001
12,64,0.0159946278603176,0.002
12,66,0.0214996337642899,0.002
12,68,0.0206457123632368,0.002
12,70,0.0138967690594681,0.001
12,72,0.00655205532405396,0.001
12,74,0.00217574328727302,0
12,76,0.000520177613809989,0
12,78,0.0000922354023915239,0
12,80,0.0000162264843264951,0
14,0,0.00991916846104353,0.003
14,2,0.0152093314916313,0.003
14,4,0.0186423093174805,0.003
14,6,0.0208955078776138,0.003
14,8,0.0260807254736728,0.003
14,10,0.0370976616755427,0.004
14,12,0.0507471192025297,0.006
14,14,0.0600585308688712,0.007
14,16,0.0626139508910659,0.007
14,18,0.0622549469998848,0.007
14,20,0.061279251887093,0.006
14,22,0.0583949976398243,0.005
14,24,0.0537209377578064,0.004
14,26,0.0502236580774225,0.004
14,28,0.0538388067637633,0.004
14,30,0.0704139663442383,0.005
14,32,0.101998256205542,0.006
14,34,0.151169157328203,0.007
14,36,0.214926087718597,0.008
14,38,0.263410178401642,0.009
14,40,0.255142124153214,0.009
14,42,0.190076478317197,0.007
14,44,0.112819172883296,0.004
14,46,0.0587436596014231,0.003
14,48,0.0298981794958319,0.002
14,50,0.0161533704124098,0.001
14,52,0.0113566606006569,0.001
14,54,0.0108934869535792,0.001
14,56,0.0100554671851952,0.001
14,58,0.00766797445351271,0.001
14,60,0.00676293041249736,0.001
14,62,0.0106041690174083,0.001
14,64,0.0184465134180018,0.002
14,66,0.024456865660954,0.002
14,68,0.0229671829447681,0.002
14,70,0.0151472489257993,0.001
14,72,0.00701919960631475,0.001
14,74,0.00230413861788408,0
14,76,0.00054773403276092,0
14,78,0.000104412573443189,0
14,80,0.0000181016950939049,0
16,0,0.0165370098083964,0.003
16,2,0.0225843186687102,0.003
16,4,0.0231202876396075,0.003
16,6,0.0214938810817562,0.002
16,8,0.0281136889311069,0.003
16,10,0.0513066140409089,0.005
16,12,0.0843474648295291,0.009
16,14,0.104671102586756,0.011
16,16,0.096691050858769,0.011
16,18,0.0719302010570218,0.007
16,20,0.054202955141278,0.005
16,22,0.0530141043111489,0.004
16,24,0.0598771107936143,0.004
16,26,0.0634416916507838,0.005
16,28,0.0635592307368914,0.005
16,30,0.0684482067890041,0.005
16,32,0.0835485478131189,0.005
16,34,0.112845628567062,0.005
16,36,0.156316862420665,0.006
16,38,0.193499920951777,0.007
16,40,0.191394812978104,0.007
16,42,0.146065725765611,0.005
16,44,0.089261538085542,0.004
16,46,0.0481789576799604,0.002
16,48,0.0251467357580688,0.001
16,50,0.0131631357367879,0.001
16,52,0.00782302220732193,0.001
16,54,0.00615364726590556,0.001
16,56,0.00524023641461286,0
16,58,0.00438180564657081,0
16,60,0.00562024464952047,0.001
16,62,0.0111343062078095,0.001
16,64,0.0196282357724131,0.002
16,66,0.0252261030107318,0.002
16,68,0.022905880319928,0.002
16,70,0.0146377644751607,0.001
16,72,0.00660427241697289,0.001
16,74,0.00212603251494069,0
16,76,0.000504829834988078,0
16,78,0.0000913279714914111,0
16,80,0.0000100936570673333,0
18,0,0.0269557270285986,0.005
18,2,0.0365384488637973,0.005
18,4,0.0360424824227956,0.004
18,6,0.0311910341315344,0.003
18,8,0.0399595073544015,0.004
18,10,0.0767437316934354,0.007
18,12,0.13077556739901,0.012
18,14,0.163327686823837,0.017
18,16,0.146118938639722,0.016
18,18,0.0978587343760644,0.01
18,20,0.0605921105902342,0.005
18,22,0.052952377942602,0.004
18,24,0.0613880728910607,0.004
18,26,0.0659564730284124,0.005
18,28,0.0617459451449793,0.004
18,30,0.0567668106063262,0.004
18,32,0.059624621042621,0.004
18,34,0.077815712450897,0.004
18,36,0.114166819223543,0.005
18,38,0.152044631592176,0.006
18,40,0.159659588012415,0.006
18,42,0.126504239497375,0.005
18,44,0.0773948361986608,0.003
18,46,0.0398623800856102,0.002
18,48,0.0199158796713958,0.001
18,50,0.0112050026891294,0.001
18,52,0.00804539977026342,0.001
18,54,0.00672534790070022,0.001
18,56,0.0053836951061234,0
18,58,0.00446839766391649,0
18,60,0.00615290831393371,0.001
18,62,0.0119203640659119,0.001
18,64,0.0201401644936174,0.002
18,66,0.02515200674483,0.002
18,68,0.022383399716861,0.002
18,70,0.0141484594505615,0.001
18,72,0.00639764698103602,0.001
18,74,0.00208357385339083,0
18,76,0.000505867473160691,0
18,78,0.0000975398924856789,0
18,80,0.00000708711869466083,0
20,0,0.0393870674208344,0.007
20,2,0.0545861669041715,0.007
20,4,0.0544730431712375,0.006
20,6,0.0453404926336369,0.004
20,8,0.0509138081326149,0.004
20,10,0.0901174795027155,0.007
20,12,0.150634924399078,0.013
20,14,0.187179925129471,0.017
20,16,0.166532669176825,0.016
20,18,0.109436134651782,0.01
20,20,0.0637423616784145,0.005
20,22,0.0502103948578533,0.004
20,24,0.0544769384241815,0.004
20,26,0.0560256694319441,0.004
20,28,0.0495563672510506,0.003
20,30,0.0423718122036084,0.003
20,32,0.0441965288123071,0.003
20,34,0.0646520747332334,0.004
20,36,0.107828789523176,0.005
20,38,0.156180352723181,0.007
20,40,0.172899492568409,0.007
20,42,0.140803390454136,0.006
20,44,0.0849114739089671,0.004
20,46,0.0407630245750877,0.003
20,48,0.0200391704378227,0.001
20,50,0.0151005223578957,0.001
20,52,0.0157404981450817,0.001
20,54,0.0156518340555775,0.001
20,56,0.0134029196586911,0.001
20,58,0.0108356196637306,0.001
20,60,0.0104657675218165,0.001
20,62,0.0138352456077652,0.001
20,64,0.0198344091452714,0.002
20,66,0.0239901381606876,0.002
20,68,0.0219752518033593,0.002
20,70,0.0148953164660437,0.001
20,72,0.00748510283175414,0.001
20,74,0.00281286771341649,0
20,76,0.000795583656241292,0
20,78,0.000136189608815476,0
20,80,0.0000188618531418448,0
22,0,0.0482941696909415,0.008
22,2,0.0685542458668028,0.008
22,4,0.0701844364803959,0.007
22,6,0.05811940803323,0.005
22,8,0.056621424878904,0.004
22,10,0.0845133077658612,0.006
22,12,0.131058612747324,0.009
22,14,0.158449891719982,0.012
22,16,0.140566445895306,0.011
22,18,0.095969343944126,0.007
22,20,0.062915859062304,0.004
22,22,0.0545649932489956,0.003
22,24,0.0556599232395711,0.003
22,26,0.050618774756703,0.003
22,28,0.0402147285995809,0.002
22,30,0.0345117079106341,0.002
22,32,0.0430502963648103,0.003
22,34,0.073533498818757,0.004
22,36,0.1261908250294,0.007
22,38,0.180235945277808,0.008
22,40,0.19794075900078,0.009
22,42,0.161945910235484,0.008
22,44,0.0994431153671749,0.006
22,46,0.0509972275813816,0.003
22,48,0.0319212336026142,0.002
22,50,0.0325593617831247,0.002
22,52,0.0379762194333304,0.003
22,54,0.0393202175684619,0.003
22,56,0.0358763852903848,0.002
22,58,0.03055644585933,0.002
22,60,0.0255006066071565,0.002
22,62,0.0222515788436536,0.002
22,64,0.022389473903756,0.002
22,66,0.0247298081498162,0.002
22,68,0.0247164867110695,0.002
22,70,0.0197415830881656,0.001
22,72,0.0119704987057505,0.001
22,74,0.00542295354496787,0
22,76,0.00180725159223802,0
22,78,0.000438836054472051,0
22,80,0.0000374833793864637,0
24,0,0.046433384847462,0.007
24,2,0.0681331831980054,0.007
24,4,0.0740682184967634,0.006
24,6,0.0668628129502923,0.005
24,8,0.0650594058745469,0.004
24,10,0.0814012187628725,0.005
24,12,0.107019936347832,0.006
24,14,0.118519039504967,0.007
24,16,0.10504246238723,0.006
24,18,0.0845155725558001,0.005
24,20,0.0799940973495078,0.004
24,22,0.0891183199820584,0.004
24,24,0.0900461335748903,0.004
24,26,0.0728097400179772,0.003
24,28,0.0502055488772248,0.002
24,30,0.0409298314702214,0.002
24,32,0.0553243761230718,0.003
24,34,0.0948972121681826,0.005
24,36,0.150818199367162,0.008
24,38,0.19848074024323,0.01
24,40,0.208209758723534,0.01
24,42,0.171558406063078,0.009
24,44,0.114746707878716,0.007
24,46,0.0746644620099748,0.005
24,48,0.0659799906233553,0.004
24,50,0.0766319098681158,0.004
24,52,0.0875134848182689,0.005
24,54,0.0891683552886239,0.005
24,56,0.0837889407913749,0.004
24,58,0.074819295691486,0.004
24,60,0.0616228660721815,0.003
24,62,0.0458961183410682,0.003
24,64,0.0351716261904218,0.002
24,66,0.0342629980398285,0.002
24,68,0.0373323699617964,0.002
24,70,0.0347575271200517,0.002
24,72,0.024479730172598,0.001
24,74,0.012585805261375,0.001
24,76,0.00468360986899978,0
24,78,0.00125429940970485,0
24,80,0.000240238141468367,0
26,0,0.0342917714537328,0.004
26,2,0.0541530104397048,0.005
26,4,0.0678196000164618,0.005
26,6,0.0758798096741668,0.005
26,8,0.0867932152512745,0.005
26,10,0.104146088069375,0.005
26,12,0.118952692083895,0.006
26,14,0.118734817484697,0.006
26,16,0.108524116187954,0.005
26,18,0.111959053229723,0.005
26,20,0.141288574202517,0.005
26,22,0.173706921481591,0.006
26,24,0.173855111219107,0.006
26,26,0.136197712067416,0.005
26,28,0.0907765149993207,0.003
26,30,0.0683074194116988,0.003
26,32,0.079497897706003,0.004
26,34,0.119511874265743,0.006
26,36,0.171289736592959,0.008
26,38,0.208968946204218,0.01
26,40,0.213345817237358,0.01
26,42,0.185003197056074,0.009
26,44,0.145747014142508,0.008
26,46,0.125023815613993,0.007
26,48,0.135058054428432,0.007
26,50,0.160015539389884,0.007
26,52,0.175167182623019,0.007
26,54,0.173154385258295,0.007
26,56,0.162330670684454,0.006
26,58,0.146439715031834,0.006
26,60,0.120372513640711,0.005
26,62,0.0863310799183517,0.004
26,64,0.0609573173731033,0.003
26,66,0.0570267649983814,0.003
26,68,0.0661919656720436,0.003
26,70,0.0675291285456694,0.003
26,72,0.0518642459817974,0.002
26,74,0.0288195375388242,0.001
26,76,0.0114950497126508,0.001
26,78,0.00326265431980899,0
26,80,0.000661930394667037,0
28,0,0.0213377790912514,0.002
28,2,0.0399240341341063,0.003
28,4,0.0631748678413948,0.004
28,6,0.0896958949738165,0.005
28,8,0.118564901246287,0.006
28,10,0.146754780270241,0.006
28,12,0.164291309982772,0.007
28,14,0.16326422565702,0.007
28,16,0.159616878795466,0.006
28,18,0.186674605389301,0.007
28,20,0.249671326071344,0.008
28,22,0.303572474742696,0.009
28,24,0.297824078789776,0.009
28,26,0.235203906523397,0.008
28,28,0.164456464551775,0.006
28,30,0.124528470698202,0.005
28,32,0.121915561746364,0.005
28,34,0.148697591454028,0.006
28,36,0.189663535748194,0.008
28,38,0.223464869793027,0.009
28,40,0.235203639563672,0.009
28,42,0.225217477353304,0.009
28,44,0.20887152592806,0.009
28,46,0.209745967243125,0.009
28,48,0.237925734870426,0.01
28,50,0.273286153577222,0.011
28,52,0.287379423053809,0.01
28,54,0.276083703078595,0.009
28,56,0.254104854715971,0.008
28,58,0.225921766491926,0.007
28,60,0.18290570021432,0.006
28,62,0.129480134894304,0.005
28,64,0.0913427034395032,0.004
28,66,0.0889809057720561,0.004
28,68,0.110103917296216,0.004
28,70,0.119219330607302,0.005
28,72,0.0964873543872301,0.004
28,74,0.0562178972376144,0.002
28,76,0.0233928480962785,0.001
28,78,0.00693364252426727,0
28,80,0.00146628020266384,0
30,0,0.0166159911953218,0.002
30,2,0.0377608339612972,0.003
30,4,0.0696201257927739,0.004
30,6,0.107206679143057,0.005
30,8,0.144739226976213,0.006
30,10,0.178992135932674,0.007
30,12,0.202627872577283,0.008
30,14,0.209780961087961,0.008
30,16,0.221529427007646,0.008
30,18,0.275372593816606,0.009
30,20,0.366952274765528,0.01
30,22,0.432536920769034,0.012
30,24,0.416223386332229,0.012
30,26,0.336214536072264,0.01
30,28,0.25511653311618,0.008
30,30,0.208250896778942,0.007
30,32,0.191323982174031,0.007
30,34,0.196605350662795,0.007
30,36,0.221722951572992,0.008
30,38,0.255453451949433,0.008
30,40,0.281817929137869,0.009
30,42,0.29391749301571,0.01
30,44,0.300635944089528,0.011
30,46,0.318921316427642,0.012
30,48,0.352530759955785,0.013
30,50,0.381126953028561,0.013
30,52,0.382186290308092,0.013
30,54,0.357265042355247,0.011
30,56,0.322719763365854,0.01
30,58,0.280616023530192,0.008
30,60,0.221583708303567,0.007
30,62,0.154305864185834,0.005
30,64,0.110603907221631,0.004
30,66,0.11460306609614,0.004
30,68,0.150276130675012,0.006
30,70,0.169759422387204,0.006
30,72,0.142375060796197,0.005
30,74,0.0858497155787889,0.003
30,76,0.0370348618355113,0.002
30,78,0.0114836349820134,0.001
30,80,0.00259994710712611,0
32,0,0.0233088555917537,0.002
32,2,0.0528522258725022,0.003
32,4,0.0928548040501827,0.005
32,6,0.131142508249218,0.006
32,8,0.160104236436813,0.007
32,10,0.183889037774125,0.007
32,12,0.204023424949341,0.008
32,14,0.220849658702058,0.008
32,16,0.255571125511675,0.008
32,18,0.336422604203278,0.01
32,20,0.443283890995343,0.011
32,22,0.504206996815158,0.013
32,24,0.475367708859221,0.012
32,26,0.393558449576377,0.011
32,28,0.324391598921167,0.01
32,30,0.289323870509217,0.009
32,32,0.271522404925985,0.009
32,34,0.265254625459626,0.009
32,36,0.280561414192989,0.009
32,38,0.314654336673039,0.009
32,40,0.350048402867187,0.01
32,42,0.376579989042389,0.011
32,44,0.400639750976827,0.012
32,46,0.428667652226154,0.014
32,48,0.451558298418826,0.015
32,50,0.452670928271788,0.015
32,52,0.42678476194939,0.014
32,54,0.386172317658358,0.012
32,56,0.343614629245523,0.01
32,58,0.293495632132533,0.009
32,60,0.225309325012261,0.007
32,62,0.152321157960022,0.005
32,64,0.108616869185985,0.004
32,66,0.117009906873842,0.004
32,68,0.1599194659805,0.006
32,70,0.186876199878668,0.006
32,72,0.162412939361189,0.006
32,74,0.102366455934889,0.004
32,76,0.0470600584548316,0.002
32,78,0.0162959942142146,0.001
32,80,0.00455082417360233,0
34,0,0.0403372650064932,0.003
34,2,0.0841975522387029,0.005
34,4,0.133880415478135,0.006
34,6,0.167951012265028,0.007
34,8,0.178508019444474,0.007
34,10,0.179006537581532,0.007
34,12,0.185727846760511,0.007
34,14,0.211067130426029,0.007
34,16,0.272386561368013,0.008
34,18,0.375369652071787,0.01
34,20,0.479266022826481,0.011
34,22,0.517961195715033,0.011
34,24,0.472966212254255,0.011
34,26,0.395507784644804,0.01
34,28,0.343385061132973,0.009
34,30,0.325322407099004,0.01
34,32,0.320926608433811,0.01
34,34,0.327065466783168,0.01
34,36,0.354752974853382,0.01
34,38,0.398602425935668,0.011
34,40,0.437272828366796,0.012
34,42,0.462848009855672,0.012
34,44,0.48630042622481,0.013
34,46,0.508264641931949,0.015
34,48,0.509320447059755,0.016
34,50,0.476813949284291,0.015
34,52,0.422017446369529,0.013
34,54,0.367623020347915,0.011
34,56,0.322649502084563,0.009
34,58,0.272969363623901,0.008
34,60,0.20526364051499,0.006
34,62,0.134227692508143,0.004
34,64,0.0928122013624004,0.003
34,66,0.0998320055956776,0.003
34,68,0.140300685533441,0.005
34,70,0.171311336598886,0.006
34,72,0.159042161100468,0.005
34,74,0.110920292544299,0.004
34,76,0.0597055905539936,0.002
34,78,0.0262597839431121,0.001
34,80,0.0100536622954975,0.001
36,0,0.0625575069330215,0.004
36,2,0.121519569726359,0.006
36,4,0.180580370832975,0.007
36,6,0.212219039820694,0.007
36,8,0.20972870650855,0.007
36,10,0.192232414125113,0.007
36,12,0.18857679671657,0.007
36,14,0.226672724555553,0.008
36,16,0.319565817831949,0.009
36,18,0.441696114346028,0.011
36,20,0.529038602101872,0.011
36,22,0.530796249527983,0.011
36,24,0.460638178360458,0.01
36,26,0.378867347616499,0.009
36,28,0.330265736659372,0.008
36,30,0.31685302227163,0.009
36,32,0.326362712157061,0.009
36,34,0.360294931165945,0.01
36,36,0.423074821544695,0.011
36,38,0.495284706672959,0.013
36,40,0.541348254734546,0.013
36,42,0.550657506266337,0.014
36,44,0.544150954368437,0.014
36,46,0.533788091617841,0.014
36,48,0.506113712245838,0.014
36,50,0.452533778139586,0.013
36,52,0.386082632743965,0.011
36,54,0.328273031699554,0.009
36,56,0.286140745368547,0.008
36,58,0.243590091437139,0.007
36,60,0.184716038625197,0.005
36,62,0.12143888128023,0.003
36,64,0.0836357104961973,0.002
36,66,0.0897269965784949,0.003
36,68,0.129275114630432,0.004
36,70,0.16891145602319,0.005
36,72,0.175895015123529,0.005
36,74,0.144712612251105,0.005
36,76,0.0960763520442776,0.003
36,78,0.0529462197693096,0.002
36,80,0.0244785130340961,0.002
38,0,0.0820016161680238,0.005
38,2,0.150782919645137,0.006
38,4,0.215712391689776,0.007
38,6,0.250168803702045,0.008
38,8,0.248097090248306,0.008
38,10,0.226390597648941,0.008
38,12,0.220914410730659,0.008
38,14,0.275991128468252,0.009
38,16,0.403072644367771,0.011
38,18,0.545035337041838,0.012
38,20,0.613729603937069,0.012
38,22,0.575581342500631,0.011
38,24,0.477415051660011,0.009
38,26,0.387181321784401,0.008
38,28,0.334799889077099,0.008
38,30,0.316597095014528,0.008
38,32,0.329553235196638,0.008
38,34,0.38254231923547,0.01
38,36,0.476494217516685,0.012
38,38,0.578347704379272,0.014
38,40,0.632980685254841,0.015
38,42,0.61710875126209,0.014
38,44,0.561879106053341,0.013
38,46,0.504184667107116,0.012
38,48,0.451623252331245,0.011
38,50,0.398656265865068,0.011
38,52,0.34574636938161,0.01
38,54,0.300866779435891,0.008
38,56,0.268856511580165,0.007
38,58,0.2374250849404,0.006
38,60,0.189987429516833,0.005
38,62,0.133309384138364,0.004
38,64,0.0976463578024741,0.003
38,66,0.107061987515091,0.003
38,68,0.156213218581556,0.005
38,70,0.214316809627223,0.006
38,72,0.243984537892036,0.007
38,74,0.225095400049646,0.007
38,76,0.168094197484828,0.006
38,78,0.101898078057728,0.004
38,80,0.0499831935654581,0.003
40,0,0.090965076816228,0.005
40,2,0.162916145265832,0.006
40,4,0.232723652772485,0.007
40,6,0.277444616379735,0.008
40,8,0.285469643411724,0.008
40,10,0.263689004757677,0.008
40,12,0.253029912829518,0.008
40,14,0.314643423842696,0.009
40,16,0.461833925322541,0.012
40,18,0.61647597791491,0.013
40,20,0.674971303453674,0.013
40,22,0.616739696077656,0.011
40,24,0.511987560073758,0.01
40,26,0.430044599953962,0.009
40,28,0.385474818167788,0.009
40,30,0.366326731402489,0.009
40,32,0.373224577997267,0.009
40,34,0.420057532653799,0.01
40,36,0.50943315731653,0.012
40,38,0.607527871188255,0.014
40,40,0.653093737041593,0.014
40,42,0.615064797244662,0.013
40,44,0.52753553341848,0.011
40,46,0.444356968104277,0.009
40,48,0.390612522206416,0.009
40,50,0.362117635047442,0.009
40,52,0.34240328927933,0.009
40,54,0.321872431407764,0.009
40,56,0.301880666701136,0.008
40,58,0.275949572706798,0.007
40,60,0.229803077595159,0.006
40,62,0.169522635233714,0.004
40,64,0.130271920370487,0.004
40,66,0.143542763466891,0.004
40,68,0.205859284492677,0.006
40,70,0.283283563084049,0.008
40,72,0.331708213299894,0.009
40,74,0.319127583498501,0.009
40,76,0.248355939251359,0.008
40,78,0.155182196186292,0.006
40,80,0.0774198985737052,0.004
42,0,0.0855286476368326,0.004
42,2,0.155528487944255,0.005
42,4,0.232282246053227,0.006
42,6,0.293998900648223,0.008
42,8,0.315449323817575,0.009
42,10,0.29033491629159,0.008
42,12,0.265272380741738,0.008
42,14,0.314798516784398,0.009
42,16,0.455778133401653,0.011
42,18,0.60617729244296,0.013
42,20,0.664041861111676,0.012
42,22,0.617594094879599,0.011
42,24,0.539863602322209,0.01
42,26,0.488636149444525,0.01
42,28,0.463995670558017,0.01
42,30,0.448115770328026,0.01
42,32,0.442411515597747,0.01
42,34,0.460263086085273,0.011
42,36,0.50688452072368,0.012
42,38,0.560744098795478,0.012
42,40,0.577295300006502,0.012
42,42,0.533300764056402,0.01
42,44,0.456471165245662,0.009
42,46,0.394165101067597,0.008
42,48,0.373767939433636,0.008
42,50,0.390696056712369,0.009
42,52,0.414153005478277,0.01
42,54,0.415710439435835,0.011
42,56,0.391731232833724,0.01
42,58,0.346932438174259,0.008
42,60,0.280226892038112,0.007
42,62,0.20504752176294,0.005
42,64,0.159415830546261,0.004
42,66,0.172813200703957,0.005
42,68,0.237739477900548,0.007
42,70,0.318314415968633,0.009
42,72,0.371134884702841,0.01
42,74,0.361273458072951,0.01
42,76,0.286159458006564,0.009
42,78,0.181912469917658,0.007
42,80,0.0923701443317503,0.005
44,0,0.071975717425224,0.003
44,2,0.136739122842399,0.004
44,4,0.217054927384268,0.005
44,6,0.291585046736415,0.007
44,8,0.324626048438383,0.008
44,10,0.302002096508179,0.008
44,12,0.272127025088343,0.007
44,14,0.310723483155034,0.008
44,16,0.433772471031017,0.01
44,18,0.56932437957349,0.011
44,20,0.630454819515765,0.011
44,22,0.609744167863201,0.011
44,24,0.568336490738939,0.011
44,26,0.546044113918349,0.011
44,28,0.531954141422304,0.012
44,30,0.508983422168856,0.012
44,32,0.481313194796169,0.012
44,34,0.46167484634145,0.012
44,36,0.455923654763488,0.011
44,38,0.456874229467767,0.011
44,40,0.446542170343455,0.01
44,42,0.41735668000387,0.009
44,44,0.385423027452342,0.008
44,46,0.376173961204434,0.008
44,48,0.409536604789565,0.009
44,50,0.481589081910181,0.011
44,52,0.54795476937478,0.013
44,54,0.559609672501718,0.013
44,56,0.507924356573342,0.012
44,58,0.416914809737571,0.009
44,60,0.311852284965097,0.007
44,62,0.219483730179006,0.005
44,64,0.170761417051035,0.005
44,66,0.17965773748693,0.005
44,68,0.230510214450343,0.006
44,70,0.293750854298243,0.008
44,72,0.338270460529983,0.009
44,74,0.334636004694792,0.009
44,76,0.27382148618381,0.008
44,78,0.18168549775787,0.006
44,80,0.0975385103969312,0.005
46,0,0.0647088549193326,0.003
46,2,0.125016558193699,0.004
46,4,0.200437235920774,0.005
46,6,0.271717711280446,0.006
46,8,0.309317722783508,0.007
46,10,0.305249264582808,0.007
46,12,0.301269492890609,0.007
46,14,0.353710435618114,0.008
46,16,0.469751089825489,0.01
46,18,0.592610256123137,0.011
46,20,0.65521927648843,0.011
46,22,0.650502347852896,0.011
46,24,0.624414674945399,0.011
46,26,0.60336198571456,0.012
46,28,0.572691528936805,0.013
46,30,0.52224543102096,0.013
46,32,0.463703531533207,0.013
46,34,0.411045687222129,0.012
46,36,0.368937132906633,0.011
46,38,0.338010473973959,0.009
46,40,0.31860736611066,0.008
46,42,0.31483629141201,0.008
46,44,0.330826249332808,0.008
46,46,0.371670002895516,0.009
46,48,0.451508460723972,0.011
46,50,0.568489776350925,0.013
46,52,0.669373859303374,0.015
46,54,0.686715559365356,0.015
46,56,0.607410440092549,0.013
46,58,0.473967029392789,0.01
46,60,0.336961004578904,0.007
46,62,0.23332314675442,0.005
46,64,0.181880706100692,0.005
46,66,0.178116131719737,0.005
46,68,0.203830223824184,0.005
46,70,0.244435219905618,0.006
46,72,0.286167582203726,0.007
46,74,0.302331795629194,0.007
46,76,0.269040593977342,0.007
46,78,0.194930054153276,0.007
46,80,0.114901720696661,0.006
48,0,0.0723829717868939,0.003
48,2,0.134582330714108,0.004
48,4,0.20196839320758,0.004
48,6,0.258612442119906,0.005
48,8,0.295693763337785,0.006
48,10,0.32136325464828,0.007
48,12,0.363499329849882,0.008
48,14,0.446825647364401,0.009
48,16,0.56526155362437,0.011
48,18,0.678738946258087,0.012
48,20,0.74016466997578,0.012
48,22,0.741021878760672,0.012
48,24,0.712871921626574,0.012
48,26,0.673451180743126,0.013
48,28,0.609398507314654,0.013
48,30,0.519382492507145,0.014
48,32,0.428539747602668,0.013
48,34,0.354807816640935,0.012
48,36,0.296350252258657,0.01
48,38,0.252526253030246,0.008
48,40,0.233670359584505,0.007
48,42,0.248846828170757,0.008
48,44,0.292105436588437,0.009
48,46,0.356268242610513,0.01
48,48,0.454757764730268,0.012
48,50,0.592515624901634,0.015
48,52,0.716091695366751,0.016
48,54,0.749563475408518,0.015
48,56,0.675963862972232,0.013
48,58,0.541354723048091,0.01
48,60,0.40209384201409,0.008
48,62,0.295852809373338,0.006
48,64,0.233573078860419,0.005
48,66,0.204291981882162,0.005
48,68,0.199592481015332,0.005
48,70,0.225478054178295,0.006
48,72,0.279836597648335,0.007
48,74,0.327058159392713,0.008
48,76,0.318728794588858,0.008
48,78,0.247402786842278,0.008
48,80,0.153660864844599,0.007
50,0,0.0916308826604979,0.003
50,2,0.163423731232748,0.004
50,4,0.228032872293112,0.004
50,6,0.271487428109341,0.005
50,8,0.307121838617636,0.005
50,10,0.357529177907139,0.007
50,12,0.434159703716503,0.008
50,14,0.535205555207524,0.01
50,16,0.649439558976352,0.012
50,18,0.751839107064826,0.013
50,20,0.812000329388258,0.012
50,22,0.822115629359369,0.012
50,24,0.801516605286805,0.012
50,26,0.756556877485955,0.013
50,28,0.669712327862369,0.014
50,30,0.549063141972095,0.014
50,32,0.438851706941618,0.014
50,34,0.361457346152653,0.013
50,36,0.299629786322424,0.011
50,38,0.244724452804218,0.009
50,40,0.21713728428953,0.008
50,42,0.231123040066765,0.008
50,44,0.273210268833952,0.01
50,46,0.330085091314834,0.011
50,48,0.418855360340933,0.013
50,50,0.553917627300046,0.014
50,52,0.690050482156414,0.015
50,54,0.754381112835778,0.014
50,56,0.725972543371981,0.013
50,58,0.636843253858922,0.011
50,60,0.526255456289797,0.009
50,62,0.42435240167455,0.008
50,64,0.343256369938796,0.007
50,66,0.279509528987973,0.006
50,68,0.24224383229555,0.006
50,70,0.25596385924209,0.006
50,72,0.323177082348061,0.007
50,74,0.393961785427285,0.009
50,76,0.395955595718681,0.01
50,78,0.311079796455271,0.01
50,80,0.191886763396818,0.009
52,0,0.112130416155208,0.004
52,2,0.195238762855611,0.005
52,4,0.260462238040241,0.005
52,6,0.294631385222701,0.005
52,8,0.326455675076463,0.005
52,10,0.384437308011034,0.007
52,12,0.465532095270037,0.009
52,14,0.556877389704041,0.011
52,16,0.652496343714962,0.012
52,18,0.739406051072316,0.012
52,20,0.798118401790503,0.012
52,22,0.826346315895226,0.012
52,24,0.835614505786915,0.012
52,26,0.813246310646712,0.013
52,28,0.729797389190247,0.015
52,30,0.603913400885811,0.016
52,32,0.500906330491158,0.016
52,34,0.442281130104418,0.015
52,36,0.387026331931917,0.013
52,38,0.316644277651709,0.011
52,40,0.265113809842901,0.009
52,42,0.255924004857135,0.009
52,44,0.271489370579967,0.01
52,46,0.297727626858773,0.011
52,48,0.35862533424613,0.011
52,50,0.477397659197664,0.012
52,52,0.619386279795272,0.013
52,54,0.719645015799436,0.013
52,56,0.752308780628217,0.013
52,58,0.72667796539294,0.012
52,60,0.654628303044355,0.012
52,62,0.557701873943582,0.011
52,64,0.458284310181572,0.01
52,66,0.367077122262416,0.009
52,68,0.305178850020468,0.007
52,70,0.305029322230835,0.007
52,72,0.370392092572697,0.008
52,74,0.445473266978014,0.01
52,76,0.445421201211513,0.011
52,78,0.34511037573648,0.011
52,80,0.205715597009738,0.01
54,0,0.121693107489161,0.005
54,2,0.207114004339475,0.005
54,4,0.267525545002205,0.005
54,6,0.291064981244648,0.005
54,8,0.313693474965256,0.005
54,10,0.363355633150727,0.007
54,12,0.428497680325369,0.008
54,14,0.494288799785493,0.01
54,16,0.561817443102822,0.011
54,18,0.626117678185996,0.011
54,20,0.677296275416103,0.011
54,22,0.723055461932038,0.011
54,24,0.769410714279759,0.012
54,26,0.783032154470997,0.013
54,28,0.722697487241804,0.015
54,30,0.617484988015496,0.017
54,32,0.54466677843282,0.017
54,34,0.517496061716775,0.016
54,36,0.476386618782935,0.014
54,38,0.397735503707803,0.012
54,40,0.325380283795693,0.01
54,42,0.288714426569768,0.009
54,44,0.269410755606163,0.009
54,46,0.257425485387403,0.009
54,48,0.284476526908763,0.009
54,50,0.379950994350938,0.011
54,52,0.518062993330744,0.012
54,54,0.641187905345114,0.012
54,56,0.718189916532304,0.013
54,58,0.738878750046169,0.014
54,60,0.693352163366646,0.014
54,62,0.597825476607381,0.013
54,64,0.489529965229365,0.012
54,66,0.393707803590944,0.01
54,68,0.330470917359183,0.009
54,70,0.324594451374216,0.008
54,72,0.380547893179859,0.009
54,74,0.449660652829567,0.011
54,76,0.447175297655699,0.012
54,78,0.341963224196376,0.012
54,80,0.1963176268535,0.011
56,0,0.119030675456103,0.006
56,2,0.192978969274647,0.006
56,4,0.23802947596428,0.005
56,6,0.24661502444483,0.005
56,8,0.255355909865876,0.005
56,10,0.290872064730108,0.006
56,12,0.33971786331045,0.008
56,14,0.384532113237045,0.009
56,16,0.424818236364786,0.01
56,18,0.459551540228151,0.01
56,20,0.491788172968469,0.01
56,22,0.540303190339909,0.01
56,24,0.607126374301261,0.011
56,26,0.646712649938293,0.013
56,28,0.615433186126638,0.015
56,30,0.544104183228672,0.017
56,32,0.502997818745529,0.017
56,34,0.497830673872807,0.016
56,36,0.470687761813005,0.014
56,38,0.40160674108915,0.011
56,40,0.331535227980886,0.009
56,42,0.285512220572883,0.008
56,44,0.246214615428814,0.007
56,46,0.209349065620791,0.007
56,48,0.209540315200051,0.007
56,50,0.277605523870798,0.009
56,52,0.395554486739548,0.011
56,54,0.51433284157793,0.012
56,56,0.601640863250739,0.013
56,58,0.638418875722044,0.014
56,60,0.604971692021598,0.014
56,62,0.513735835059004,0.014
56,64,0.412253300261321,0.012
56,66,0.335272509270863,0.01
56,68,0.293240437499532,0.009
56,70,0.294043173543451,0.009
56,72,0.342338321358087,0.01
56,74,0.404024986251743,0.013
56,76,0.404377145239868,0.014
56,78,0.30918449567136,0.014
56,80,0.173815401311337,0.012
58,0,0.123762864486206,0.007
58,2,0.181650992495744,0.007
58,4,0.205123529583315,0.006
58,6,0.19404423276885,0.005
58,8,0.186434507717169,0.005
58,10,0.21071148324076,0.006
58,12,0.256901861870815,0.008
58,14,0.299613905822542,0.01
58,16,0.323539353470897,0.01
58,18,0.328322730318875,0.009
58,20,0.331619604536657,0.009
58,22,0.361039655432981,0.009
58,24,0.417816399798954,0.01
58,26,0.459719095883147,0.012
58,28,0.450062993260986,0.015
58,30,0.411492017961988,0.016
58,32,0.392782128784335,0.016
58,34,0.395248553426315,0.014
58,36,0.377313549682436,0.012
58,38,0.325846975101767,0.009
58,40,0.271601646375578,0.007
58,42,0.232440801045261,0.006
58,44,0.194498299046048,0.006
58,46,0.15631380216902,0.006
58,48,0.147151613756618,0.006
58,50,0.19272258210851,0.008
58,52,0.28178226715565,0.01
58,54,0.377067915107096,0.011
58,56,0.450570035391665,0.013
58,58,0.483445171868286,0.014
58,60,0.455790389154236,0.014
58,62,0.37714585888378,0.013
58,64,0.295497531869672,0.011
58,66,0.247037202232136,0.01
58,68,0.231478103499484,0.009
58,70,0.240973271971679,0.009
58,72,0.278267292392113,0.011
58,74,0.325436557101516,0.013
58,76,0.327133559418232,0.014
58,78,0.252484212588258,0.014
58,80,0.142936454300017,0.011
60,0,0.157520092930356,0.01
60,2,0.209834918242622,0.01
60,4,0.216218471647378,0.008
60,6,0.1842440331224,0.006
60,8,0.158495639214536,0.005
60,10,0.177131919089158,0.006
60,12,0.237303402239829,0.009
60,14,0.300603808928865,0.011
60,16,0.327809946738145,0.011
60,18,0.313222789742073,0.01
60,20,0.286187410832755,0.009
60,22,0.281154784005626,0.008
60,24,0.302275306633375,0.009
60,26,0.320253299334387,0.01
60,28,0.312314313464926,0.012
60,30,0.294376461745292,0.014
60,32,0.29523679568552,0.014
60,34,0.308383640591851,0.013
60,36,0.298067781518683,0.01
60,38,0.253251781866818,0.007
60,40,0.200991514818848,0.005
60,42,0.162243589817559,0.005
60,44,0.131777159969196,0.004
60,46,0.10846887478057,0.004
60,48,0.110467136450809,0.005
60,50,0.153390779195151,0.007
60,52,0.22794202575451,0.009
60,54,0.306913342950173,0.011
60,56,0.367058274738363,0.012
60,58,0.39102790611315,0.013
60,60,0.362742035901143,0.013
60,62,0.293807617269683,0.012
60,64,0.230342426333778,0.01
60,66,0.205769961351517,0.009
60,68,0.211465144934322,0.009
60,70,0.225676945956158,0.009
60,72,0.244798361406236,0.01
60,74,0.264928315785276,0.011
60,76,0.256682046626187,0.012
60,78,0.199278637341486,0.011
60,80,0.117671737723323,0.009
62,0,0.211419201405126,0.012
62,2,0.276481633158286,0.011
62,4,0.28201510368475,0.01
62,6,0.236566537197741,0.008
62,8,0.192649763697435,0.006
62,10,0.204653362682519,0.007
62,12,0.283256524959756,0.01
62,14,0.380832060268136,0.013
62,16,0.433552456152244,0.013
62,18,0.422685328106789,0.012
62,20,0.380215185721476,0.01
62,22,0.344111885089577,0.009
62,24,0.322450648387611,0.009
62,26,0.300186169655695,0.009
62,28,0.271151308037616,0.01
62,30,0.254687345334195,0.012
62,32,0.271528191330337,0.013
62,34,0.30358189880841,0.013
62,36,0.302022341712714,0.011
62,38,0.248643567433821,0.008
62,40,0.176253053720263,0.005
62,42,0.120368176993902,0.004
62,44,0.0892452025183287,0.003
62,46,0.0831896774095054,0.003
62,48,0.110109960186975,0.005
62,50,0.174286493815189,0.008
62,52,0.262384833993175,0.011
62,54,0.350033112087608,0.012
62,56,0.415134235986598,0.013
62,58,0.437091179363537,0.014
62,60,0.400622502563988,0.013
62,62,0.324340149318923,0.011
62,64,0.261764325232787,0.01
62,66,0.249913453677886,0.009
62,68,0.27386827243831,0.01
62,70,0.294636304246229,0.01
62,72,0.294153097691577,0.01
62,74,0.277799585260388,0.009
62,76,0.243781700426369,0.009
62,78,0.186188812491976,0.008
62,80,0.117036263823797,0.007
64,0,0.245194078186125,0.011
64,2,0.335198271654819,0.011
64,4,0.363325539776725,0.01
64,6,0.326082046039884,0.008
64,8,0.271000914145618,0.007
64,10,0.26581020817749,0.008
64,12,0.344141270911485,0.01
64,14,0.466362363951058,0.013
64,16,0.554927551858411,0.014
64,18,0.572813109528554,0.013
64,20,0.542611970684575,0.011
64,22,0.497945785996211,0.01
64,24,0.447737005782778,0.01
64,26,0.388634531064068,0.01
64,28,0.329788370173045,0.011
64,30,0.298442220566927,0.012
64,32,0.316070840018537,0.014
64,34,0.357403513784099,0.015
64,36,0.359187366385428,0.013
64,38,0.293361805806736,0.01
64,40,0.196440567128557,0.006
64,42,0.118284703728694,0.004
64,44,0.0802449049683367,0.003
64,46,0.086968346867385,0.004
64,48,0.140212809921642,0.006
64,50,0.233520319851342,0.01
64,52,0.347418501273108,0.012
64,54,0.45943293072114,0.014
64,56,0.548942781582512,0.015
64,58,0.587984076104256,0.015
64,60,0.549684177490517,0.015
64,62,0.453404451716052,0.013
64,64,0.370103923914589,0.011
64,66,0.354777495008512,0.011
64,68,0.391752591191202,0.012
64,70,0.421869549922455,0.012
64,72,0.407498323569204,0.011
64,74,0.355765606167235,0.009
64,76,0.288086141662799,0.008
64,78,0.214389336771532,0.007
64,80,0.140249766109668,0.007
66,0,0.230314036711221,0.009
66,2,0.343621431788031,0.009
66,4,0.413594828950578,0.009
66,6,0.413081437368928,0.009
66,8,0.362919636726271,0.008
66,10,0.329572089973169,0.008
66,12,0.375175533806333,0.009
66,14,0.489121975564619,0.012
66,16,0.599498483931668,0.013
66,18,0.654793476536964,0.013
66,20,0.659513408306977,0.012
66,22,0.633885504527736,0.012
66,24,0.582415108592219,0.011
66,26,0.508324646483911,0.012
66,28,0.430434279100544,0.013
66,30,0.379990905573841,0.014
66,32,0.378656067094924,0.017
66,34,0.403449506801759,0.019
66,36,0.393671385036249,0.017
66,38,0.320026390572698,0.013
66,40,0.215357969341623,0.009
66,42,0.130172571332741,0.005
66,44,0.0920991471310173,0.004
66,46,0.109472501053975,0.005
66,48,0.180444352443054,0.009
66,50,0.289114546050248,0.012
66,52,0.41358606133334,0.014
66,54,0.541632536565818,0.015
66,56,0.663420430589233,0.016
66,58,0.741754256559976,0.017
66,60,0.724593811154023,0.017
66,62,0.61575767188101,0.015
66,64,0.498891340906484,0.013
66,66,0.454786505189838,0.012
66,68,0.481492651960308,0.012
66,70,0.51330367480845,0.012
66,72,0.49633573887212,0.011
66,74,0.429944929585606,0.01
66,76,0.342817787193198,0.008
66,78,0.254162671172047,0.007
66,80,0.168825730175687,0.007
68,0,0.184436118772775,0.007
68,2,0.312119178748111,0.008
68,4,0.428180057541806,0.009
68,6,0.479335479217144,0.009
68,8,0.44571876060977,0.009
68,10,0.379510800963295,0.008
68,12,0.368402541583447,0.009
68,14,0.441541897671797,0.01
68,16,0.549048796071669,0.012
68,18,0.63568409428837,0.012
68,20,0.686350749728513,0.012
68,22,0.699455595481937,0.013
68,24,0.666863546227265,0.013
68,26,0.594193821193806,0.013
68,28,0.508752430378,0.015
68,30,0.44309091564888,0.017
68,32,0.413673289998842,0.02
68,34,0.402108897585901,0.022
68,36,0.366505185629636,0.02
68,38,0.29050417251587,0.015
68,40,0.200310519127702,0.011
68,42,0.133540417606703,0.008
68,44,0.111961068430753,0.007
68,46,0.142694934311883,0.009
68,48,0.219928799783105,0.012
68,50,0.323567370258158,0.014
68,52,0.437036637462491,0.015
68,54,0.565023430947506,0.016
68,56,0.71069381024639,0.018
68,58,0.83153433401847,0.019
68,60,0.852400540902745,0.019
68,62,0.753475818284799,0.018
68,64,0.61036422387765,0.015
68,66,0.517246031736375,0.013
68,68,0.499586995215627,0.012
68,70,0.514175023172728,0.012
68,72,0.507851618823571,0.011
68,74,0.460718574030171,0.01
68,76,0.382666790457017,0.009
68,78,0.288617108891877,0.008
68,80,0.190635553160999,0.008
70,0,0.146926406924876,0.005
70,2,0.282486906185977,0.007
70,4,0.431045420910895,0.009
70,6,0.520278834701079,0.01
70,8,0.498872476116476,0.01
70,10,0.404992256695369,0.009
70,12,0.341038255003761,0.008
70,14,0.36800447516025,0.009
70,16,0.465160460274289,0.01
70,18,0.584292383025703,0.012
70,20,0.68914224004069,0.013
70,22,0.744903513830405,0.014
70,24,0.724174061068725,0.015
70,26,0.639327666408142,0.015
70,28,0.536991886494429,0.016
70,30,0.456404636419048,0.018
70,32,0.404713493920533,0.021
70,34,0.360916105778085,0.023
70,36,0.30259756031785,0.021
70,38,0.231498748208842,0.016
70,40,0.170651086614735,0.013
70,42,0.140840559728971,0.011
70,44,0.149035856965961,0.012
70,46,0.193687082486838,0.015
70,48,0.267033981898912,0.017
70,50,0.355054390770829,0.017
70,52,0.453489647226025,0.017
70,54,0.576300720231858,0.018
70,56,0.7275276769642,0.02
70,58,0.865219663829429,0.021
70,60,0.917244960481803,0.022
70,62,0.85156755621928,0.021
70,64,0.712224725410722,0.019
70,66,0.577025408598239,0.015
70,68,0.499204392523972,0.013
70,70,0.484145325223106,0.011
70,72,0.497122474816428,0.011
70,74,0.490228118785416,0.01
70,76,0.433796145276035,0.01
70,78,0.330981140319849,0.009
70,80,0.211367806081314,0.009
72,0,0.136013062621372,0.005
72,2,0.273085940305675,0.007
72,4,0.426789170801775,0.009
72,6,0.52088733144292,0.011
72,8,0.50141089284982,0.011
72,10,0.402563882708547,0.01
72,12,0.321221651832995,0.008
72,14,0.326584602695085,0.008
72,16,0.424046522765899,0.01
72,18,0.580003403766697,0.013
72,20,0.736516814805315,0.016
72,22,0.818755992988649,0.018
72,24,0.782413009395831,0.018
72,26,0.658652593753685,0.018
72,28,0.522618931850552,0.017
72,30,0.423508803631242,0.017
72,32,0.360401250504431,0.019
72,34,0.306937429076374,0.02
72,36,0.247921716984521,0.018
72,38,0.194747853440073,0.016
72,40,0.169329874549709,0.015
72,42,0.18066471540178,0.017
72,44,0.218654319319533,0.02
72,46,0.270247053551516,0.022
72,48,0.330158740917541,0.022
72,50,0.400718718745812,0.021
72,52,0.492736152554757,0.02
72,54,0.614958654756895,0.021
72,56,0.754439366766512,0.022
72,58,0.875645419469376,0.023
72,60,0.93855235480431,0.024
72,62,0.917241303953174,0.024
72,64,0.812538571535909,0.022
72,66,0.662328440549428,0.018
72,68,0.539439042134647,0.014
72,70,0.502129664801693,0.012
72,72,0.536140252020867,0.012
72,74,0.5642719848058,0.012
72,76,0.517234566971116,0.012
72,78,0.391604375449914,0.011
72,80,0.239894080818248,0.01
74,0,0.145824576511779,0.006
74,2,0.275066109916013,0.008
74,4,0.405972561179361,0.009
74,6,0.476578355199935,0.011
74,8,0.459395623322797,0.011
74,10,0.390845533161781,0.01
74,12,0.337052898717296,0.009
74,14,0.347496194825849,0.01
74,16,0.446181060767426,0.012
74,18,0.620887950117516,0.016
74,20,0.799057382887619,0.02
74,22,0.87715262100081,0.022
74,24,0.809130175901994,0.021
74,26,0.648938816083462,0.019
74,28,0.488100592580479,0.017
74,30,0.376219419851425,0.016
74,32,0.309718581571885,0.016
74,34,0.264328328054632,0.016
74,36,0.225520319241919,0.016
74,38,0.201293026620864,0.016
74,40,0.209934739247481,0.018
74,42,0.25275360306729,0.022
74,44,0.30779256309858,0.026
74,46,0.353838682910064,0.026
74,48,0.392294197654803,0.025
74,50,0.444705769673035,0.023
74,52,0.535976699935385,0.023
74,54,0.660860548167258,0.024
74,56,0.780587598558043,0.024
74,58,0.865882295428361,0.024
74,60,0.916595385752356,0.025
74,62,0.924407011003096,0.026
74,64,0.858254306931423,0.025
74,66,0.719761487717278,0.021
74,68,0.587373852662491,0.016
74,70,0.548861130731635,0.014
74,72,0.599868651402348,0.014
74,74,0.644635160866098,0.014
74,76,0.594345962043641,0.014
74,78,0.446355766452538,0.013
74,80,0.268779364137967,0.012
76,0,0.166956617713718,0.007
76,2,0.282852848738968,0.008
76,4,0.380162067126589,0.009
76,6,0.421796276299425,0.01
76,8,0.415880700032191,0.011
76,10,0.398899867773317,0.011
76,12,0.393115705030003,0.012
76,14,0.413657217402316,0.013
76,16,0.495172964590111,0.015
76,18,0.64981674638807,0.019
76,20,0.80571129816063,0.023
76,22,0.85507239670434,0.024
76,24,0.767338337689998,0.023
76,26,0.610053667735754,0.021
76,28,0.463026462848547,0.018
76,30,0.358332167258579,0.016
76,32,0.294026858484329,0.015
76,34,0.258479232498255,0.015
76,36,0.240918847610626,0.016
76,38,0.242340830638244,0.018
76,40,0.27182917453274,0.021
76,42,0.323840491660876,0.025
76,44,0.373139659576219,0.027
76,46,0.400621639012546,0.027
76,48,0.415272952882142,0.025
76,50,0.452278761284454,0.023
76,52,0.543172475751917,0.024
76,54,0.669311504159107,0.024
76,56,0.76954132643386,0.024
76,58,0.815109083318934,0.023
76,60,0.831674179284,0.023
76,62,0.833588361949643,0.024
76,64,0.789331680090264,0.024
76,66,0.684399311844649,0.022
76,68,0.580439740205042,0.017
76,70,0.558868486606892,0.015
76,72,0.618158932638222,0.015
76,74,0.668043080601381,0.015
76,76,0.620384799798995,0.015
76,78,0.470759896749792,0.015
76,80,0.287376878178239,0.013
78,0,0.19094627478918,0.009
78,2,0.296809118463187,0.009
78,4,0.371435095811,0.01
78,6,0.397452269127858,0.01
78,8,0.40642476557605,0.011
78,10,0.43046999900889,0.012
78,12,0.458818209527972,0.014
78,14,0.479510356245038,0.015
78,16,0.530202445705725,0.017
78,18,0.639227965945827,0.02
78,20,0.746285998448436,0.023
78,22,0.761429175701791,0.024
78,24,0.678027463148882,0.023
78,26,0.564156172149688,0.022
78,28,0.46785956779948,0.02
78,30,0.393375719314572,0.018
78,32,0.338260455918587,0.017
78,34,0.306142613113719,0.017
78,36,0.296963830644324,0.019
78,38,0.30974376504468,0.022
78,40,0.339582773615009,0.025
78,42,0.370660292080917,0.026
78,44,0.385958336606685,0.026
78,46,0.383031080796262,0.024
78,48,0.379696336621726,0.022
78,50,0.411076395789574,0.021
78,52,0.502241460145515,0.023
78,54,0.623511907952434,0.023
78,56,0.706831190718732,0.022
78,58,0.723062331859614,0.021
78,60,0.703834994545036,0.02
78,62,0.683007551330856,0.021
78,64,0.653954251274335,0.022
78,66,0.598878337595016,0.02
78,68,0.541796201637652,0.018
78,70,0.535671478121993,0.016
78,72,0.590962759682271,0.015
78,74,0.644176298997761,0.016
78,76,0.613696369715237,0.016
78,78,0.48017738016897,0.016
78,80,0.302053660137883,0.015
80,0,0.204926540701391,0.01
80,2,0.308499685531486,0.01
80,4,0.379667805810182,0.01
80,6,0.407169860182745,0.01
80,8,0.424829911420565,0.011
80,10,0.460191591300596,0.013
80,12,0.494115110887224,0.015
80,14,0.508307049412756,0.017
80,16,0.536373630511318,0.018
80,18,0.605791931234122,0.02
80,20,0.666968748912234,0.022
80,22,0.65518642806037,0.022
80,24,0.587837576702319,0.022
80,26,0.527473033179385,0.022
80,28,0.491737343857754,0.023
80,30,0.458746751519692,0.023
80,32,0.420745066819904,0.022
80,34,0.389875802104572,0.022
80,36,0.380196220379037,0.023
80,38,0.396066797808575,0.026
80,40,0.415339653557624,0.028
80,42,0.406171966069739,0.027
80,44,0.367428460693724,0.024
80,46,0.327557098121659,0.02
80,48,0.315432876120627,0.018
80,50,0.352608119810491,0.019
80,52,0.443667124689592,0.021
80,54,0.551926895082159,0.022
80,56,0.620722620714564,0.021
80,58,0.627731194355745,0.019
80,60,0.597815332683635,0.018
80,62,0.573029413226894,0.019
80,64,0.572370228781095,0.02
80,66,0.573401771546838,0.021
80,68,0.55609646783066,0.019
80,70,0.547518450924137,0.017
80,72,0.582330888797206,0.016
80,74,0.632942867904621,0.017
80,76,0.619138217412371,0.018
80,78,0.499822064622145,0.018
80,80,0.322235095283028,0.017
82,0,0.203581987316542,0.01
82,2,0.311776162256847,0.01
82,4,0.392468271735072,0.011
82,6,0.428726853129172,0.011
82,8,0.444350999108199,0.012
82,10,0.465201390623092,0.013
82,12,0.483169417246419,0.015
82,14,0.490345501455709,0.016
82,16,0.514201834311398,0.018
82,18,0.567620531437234,0.02
82,20,0.602330861503789,0.021
82,22,0.574684404766208,0.02
82,24,0.519351515118024,0.02
82,26,0.495386295782852,0.022
82,28,0.503005131787879,0.025
82,30,0.505119408153193,0.027
82,32,0.485940699887255,0.027
82,34,0.458766103276056,0.026
82,36,0.450180185883499,0.027
82,38,0.471195633229785,0.029
82,40,0.484607307169667,0.031
82,42,0.441620240298552,0.029
82,44,0.356855816311744,0.023
82,46,0.29057918422443,0.018
82,48,0.279554114704684,0.017
82,50,0.325239192008312,0.018
82,52,0.410437286223974,0.021
82,54,0.499213355566482,0.021
82,56,0.555219029519848,0.02
82,58,0.566292024821684,0.018
82,60,0.547868821554107,0.018
82,62,0.541127915887277,0.019
82,64,0.580497458330736,0.021
82,66,0.637614213494694,0.024
82,68,0.656199194626136,0.023
82,70,0.64065246082604,0.02
82,72,0.644466978521481,0.019
82,74,0.671162992338813,0.019
82,76,0.649536075352568,0.02
82,78,0.529028606963712,0.02
82,80,0.347711053310323,0.02
84,0,0.206650356950249,0.01
84,2,0.327295077502579,0.011
84,4,0.419354968805112,0.012
84,6,0.456190258071917,0.012
84,8,0.455115229292541,0.012
84,10,0.446127726422814,0.013
84,12,0.438253012597037,0.014
84,14,0.438469113698278,0.015
84,16,0.467973829625443,0.017
84,18,0.522429519917009,0.019
84,20,0.550632692352722,0.019
84,22,0.521513671099359,0.019
84,24,0.477050712861259,0.019
84,26,0.470191726986237,0.021
84,28,0.493585308059962,0.025
84,30,0.506287402285284,0.028
84,32,0.491981630251618,0.029
84,34,0.466911277421549,0.027
84,36,0.462633660267365,0.027
84,38,0.490139899660969,0.029
84,40,0.504026630109013,0.031
84,42,0.451478854051161,0.029
84,44,0.358826580693272,0.024
84,46,0.299613626593145,0.02
84,48,0.303905405481851,0.02
84,50,0.353704929983232,0.022
84,52,0.423827434049836,0.023
84,54,0.488763565674957,0.022
84,56,0.528690711560613,0.02
84,58,0.536495079649341,0.019
84,60,0.521941976335469,0.018
84,62,0.527205960932791,0.019
84,64,0.597483581710365,0.023
84,66,0.707726900940622,0.027
84,68,0.780666447926882,0.027
84,70,0.789271288534118,0.025
84,72,0.775067105096544,0.023
84,74,0.758390994707929,0.022
84,76,0.697735164137512,0.022
84,78,0.560081020262386,0.023
84,80,0.376668286866625,0.024
86,0,0.24145509597999,0.012
86,2,0.385081914110108,0.014
86,4,0.483960591330376,0.014
86,6,0.504807813299199,0.013
86,8,0.472094133864799,0.012
86,10,0.427485300041091,0.012
86,12,0.392864910461857,0.012
86,14,0.382799647890094,0.013
86,16,0.412290541047866,0.015
86,18,0.467023782322803,0.017
86,20,0.498846890344585,0.018
86,22,0.486118677791904,0.019
86,24,0.46448242201163,0.019
86,26,0.469681448077522,0.022
86,28,0.486460083605019,0.026
86,30,0.480480208255522,0.029
86,32,0.44815042748189,0.028
86,34,0.416294234722794,0.026
86,36,0.413468079122574,0.026
86,38,0.439328694189097,0.027
86,40,0.450020949459395,0.029
86,42,0.408098094529966,0.028
86,44,0.347384979138573,0.025
86,46,0.329757098712692,0.024
86,48,0.363318760675271,0.026
86,50,0.417616047442269,0.027
86,52,0.472266220763037,0.026
86,54,0.513897171306418,0.024
86,56,0.528104296934103,0.021
86,58,0.510339053897878,0.018
86,60,0.475390192372922,0.017
86,62,0.47002947036377,0.017
86,64,0.547174866708545,0.021
86,66,0.69601813570749,0.027
86,68,0.838418242944379,0.03
86,70,0.910976368238995,0.029
86,72,0.912669978274992,0.027
86,74,0.859722927763539,0.025
86,76,0.748092175412097,0.025
86,78,0.583302336353664,0.025
86,80,0.397858337492107,0.027
88,0,0.301286465252252,0.017
88,2,0.472138597826578,0.018
88,4,0.574242003797328,0.017
88,6,0.573877416212541,0.016
88,8,0.512630354200563,0.014
88,10,0.44359870237166,0.013
88,12,0.388606112190334,0.013
88,14,0.359830564235033,0.013
88,16,0.37090662301818,0.014
88,18,0.411379160597467,0.016
88,20,0.446105028800384,0.018
88,22,0.459950666840894,0.019
88,24,0.471544576295698,0.021
88,26,0.489688154460048,0.025
88,28,0.490613194664299,0.028
88,30,0.453148808103446,0.029
88,32,0.392724148188313,0.027
88,34,0.347440993176485,0.025
88,36,0.338116504585773,0.024
88,38,0.350475972692224,0.025
88,40,0.349186136981284,0.026
88,42,0.32077207247201,0.025
88,44,0.301622876341985,0.024
88,46,0.329928704044835,0.027
88,48,0.392958552195033,0.03
88,50,0.457758690617419,0.031
88,52,0.510783184030818,0.029
88,54,0.53950276714624,0.026
88,56,0.526018578569795,0.021
88,58,0.471476194370445,0.017
88,60,0.405684198558701,0.015
88,62,0.379873222823225,0.014
88,64,0.444304921859915,0.018
88,66,0.601443976491697,0.024
88,68,0.789433541079983,0.029
88,70,0.927054584069096,0.031
88,72,0.968393136339192,0.03
88,74,0.906143064142265,0.028
88,76,0.757949893492704,0.026
88,78,0.567537949846128,0.026
88,80,0.380649779534275,0.027
90,0,0.344322724430434,0.02
90,2,0.527612183426061,0.022
90,4,0.630896014340244,0.021
90,6,0.627446427649573,0.018
90,8,0.569262162704899,0.017
90,10,0.504715006826387,0.016
90,12,0.439919819074586,0.015
90,14,0.381424588550988,0.015
90,16,0.354399752313917,0.015
90,18,0.36649672239029,0.016
90,20,0.396502615641648,0.017
90,22,0.429336195362803,0.019
90,24,0.464633602367325,0.022
90,26,0.489934719918801,0.027
90,28,0.47902444497443,0.03
90,30,0.422273421873068,0.03
90,32,0.344610165317346,0.027
90,34,0.286542639546784,0.024
90,36,0.263430798591736,0.023
90,38,0.256578279329262,0.023
90,40,0.241944409653612,0.022
90,42,0.221626482715875,0.021
90,44,0.226250987477817,0.022
90,46,0.275113802769395,0.026
90,48,0.349730500865228,0.03
90,50,0.425098845802272,0.032
90,52,0.488624239577055,0.03
90,54,0.519398812165316,0.026
90,56,0.493152489990467,0.021
90,58,0.418067183924393,0.016
90,60,0.33671232110199,0.013
90,62,0.300229682029601,0.012
90,64,0.346288209142259,0.015
90,66,0.481634288990663,0.021
90,68,0.667999694636896,0.026
90,70,0.834201695925148,0.029
90,72,0.910676325059192,0.03
90,74,0.859132702349065,0.028
90,76,0.696366098859834,0.026
90,78,0.49221790060503,0.024
90,80,0.311588085616002,0.023
92,0,0.344245046481324,0.022
92,2,0.510183510442385,0.023
92,4,0.608788573118925,0.022
92,6,0.627371057417191,0.02
92,8,0.609084258184399,0.02
92,10,0.575693598518631,0.02
92,12,0.509748262762841,0.02
92,14,0.418397956336379,0.019
92,16,0.349147572202299,0.017
92,18,0.331156672369849,0.017
92,20,0.348703216992265,0.017
92,22,0.379596023519543,0.019
92,24,0.41390368488499,0.022
92,26,0.436696704975132,0.027
92,28,0.427551373641006,0.031
92,30,0.377654805457869,0.031
92,32,0.30304084660826,0.028
92,34,0.23610625877729,0.025
92,36,0.195191562578542,0.023
92,38,0.172189217677409,0.021
92,40,0.153554541753967,0.019
92,42,0.141753058193208,0.017
92,44,0.152865533519923,0.018
92,46,0.194716270728542,0.022
92,48,0.258545583691855,0.027
92,50,0.33237099059107,0.03
92,52,0.402334065220684,0.029
92,54,0.440460317055345,0.026
92,56,0.421273682664457,0.021
92,58,0.354174840032967,0.016
92,60,0.281358237790246,0.013
92,62,0.247174640058639,0.012
92,64,0.278441383843719,0.014
92,66,0.381546025095742,0.018
92,68,0.539683554605688,0.023
92,70,0.705022785362819,0.027
92,72,0.801765830401622,0.029
92,74,0.763452755176155,0.027
92,76,0.597625376407963,0.024
92,78,0.391080595141131,0.02
92,80,0.224633097241505,0.017
94,0,0.316111245086936,0.022
94,2,0.444323083597392,0.022
94,4,0.530158037831328,0.021
94,6,0.575574020972248,0.021
94,8,0.603268253966133,0.023
94,10,0.602221391907354,0.024
94,12,0.538679459022573,0.025
94,14,0.426703389856963,0.024
94,16,0.33331977704553,0.021
94,18,0.298852196663478,0.019
94,20,0.303478061102171,0.018
94,22,0.316424936702726,0.019
94,24,0.329800443399613,0.021
94,26,0.343095550864995,0.026
94,28,0.346209823048323,0.031
94,30,0.32310461145434,0.033
94,32,0.267898411874556,0.032
94,34,0.198722621480786,0.027
94,36,0.142704333876845,0.022
94,38,0.11150089770735,0.018
94,40,0.101336840859362,0.016
94,42,0.104687310521591,0.016
94,44,0.117432978109128,0.017
94,46,0.139978985165177,0.019
94,48,0.177868594499125,0.023
94,50,0.234022994053182,0.027
94,52,0.295501336030057,0.028
94,54,0.335336869587735,0.025
94,56,0.332794368398591,0.021
94,58,0.292106163281252,0.017
94,60,0.240984846398357,0.014
94,62,0.213842763599702,0.013
94,64,0.234955332907082,0.015
94,66,0.31385567407218,0.017
94,68,0.446935829835694,0.021
94,70,0.604268836479611,0.025
94,72,0.709757308565295,0.028
94,74,0.680258450418694,0.026
94,76,0.517492261563687,0.022
94,78,0.318285741323599,0.017
94,80,0.168736171289652,0.013
96,0,0.282685552800638,0.021
96,2,0.380786729063496,0.02
96,4,0.455246344038135,0.021
96,6,0.51319737097172,0.022
96,8,0.559473991535616,0.024
96,10,0.568098230543486,0.027
96,12,0.505906455202949,0.028
96,14,0.395175920624835,0.028
96,16,0.306618633680842,0.025
96,18,0.278020326643578,0.023
96,20,0.280757101227389,0.022
96,22,0.275939182740097,0.021
96,24,0.262056477197442,0.022
96,26,0.257287965089534,0.026
96,28,0.265354720205992,0.032
96,30,0.265983747366211,0.038
96,32,0.23421232753866,0.038
96,34,0.172937130289774,0.033
96,36,0.113857895100444,0.023
96,38,0.0852264642501664,0.018
96,40,0.0908344669389125,0.019
96,42,0.11295488701207,0.022
96,44,0.12763668846613,0.023
96,46,0.128618681557246,0.023
96,48,0.13504990087148,0.023
96,50,0.164290045343305,0.026
96,52,0.208178852107246,0.027
96,54,0.244757444189589,0.025
96,56,0.258655959326239,0.022
96,58,0.245905277945066,0.019
96,60,0.216827411043197,0.017
96,62,0.196455780082575,0.017
96,64,0.211819662520542,0.017
96,66,0.276983912762512,0.018
96,68,0.390809964653999,0.021
96,70,0.530466161938053,0.025
96,72,0.628494880264667,0.027
96,74,0.605175103944471,0.026
96,76,0.462812901156749,0.021
96,78,0.29242696335599,0.016
96,80,0.167116340464093,0.013
98,0,0.250520149523059,0.019
98,2,0.343944564924474,0.019
98,4,0.423577721396103,0.021
98,6,0.485428067657873,0.022
98,8,0.524636002881328,0.025
98,10,0.521579011371339,0.028
98,12,0.458979725923126,0.03
98,14,0.364522208306454,0.03
98,16,0.300336212468463,0.031
98,18,0.295092258153501,0.033
98,20,0.311432629274327,0.032
98,22,0.300159347665267,0.031
98,24,0.261101004158782,0.03
98,26,0.227979099125051,0.032
98,28,0.219718798030446,0.039
98,30,0.220694724317948,0.047
98,32,0.201059934295501,0.049
98,34,0.153442343000713,0.041
98,36,0.104489128489697,0.028
98,38,0.0866350781085135,0.023
98,40,0.107456866293722,0.027
98,42,0.142349610461324,0.034
98,44,0.155268742540569,0.035
98,46,0.136888390019757,0.031
98,48,0.116358153047923,0.026
98,50,0.122460236653831,0.026
98,52,0.153521966895291,0.028
98,54,0.190192259606662,0.027
98,56,0.216779700941915,0.025
98,58,0.223340492217425,0.024
98,60,0.210308477451878,0.023
98,62,0.197149256034739,0.022
98,64,0.211305785852445,0.021
98,66,0.265014815379336,0.021
98,68,0.351680256354914,0.022
98,70,0.452061968316803,0.023
98,72,0.520807607233919,0.025
98,74,0.50413211669208,0.024
98,76,0.408438482213371,0.021
98,78,0.29834201832202,0.018
98,80,0.211202643165734,0.017
100,0,0.227877600772583,0.017
100,2,0.336770020884019,0.019
100,4,0.438068869390029,0.021
100,6,0.510247056823161,0.023
100,8,0.542104309173078,0.026
100,10,0.526746701297145,0.029
100,12,0.465107092650662,0.031
100,14,0.386724639386518,0.033
100,16,0.343418129359649,0.038
100,18,0.359482441253403,0.045
100,20,0.39527874167526,0.049
100,22,0.39042531570804,0.049
100,24,0.337633282249113,0.048
100,26,0.27782402000577,0.05
100,28,0.240518865196073,0.059
100,30,0.219243704110102,0.07
100,32,0.191225992481005,0.068
100,34,0.148697810342603,0.052
100,36,0.110049132730259,0.036
100,38,0.101423858577,0.032
100,40,0.128980597739413,0.038
100,42,0.165266018600509,0.045
100,44,0.170752849717546,0.044
100,46,0.138743904579847,0.036
100,48,0.104451214800265,0.028
100,50,0.102459903255149,0.026
100,52,0.134030250592835,0.029
100,54,0.177979378660335,0.03
100,56,0.213357051779162,0.029
100,58,0.229289333999693,0.029
100,60,0.226701229679691,0.029
100,62,0.221256412652943,0.029
100,64,0.234544137658996,0.026
100,66,0.271864726950292,0.023
100,68,0.320110502359034,0.021
100,70,0.365939161793923,0.02
100,72,0.393200205422236,0.02
100,74,0.383033048825515,0.019
100,76,0.345012779427898,0.019
100,78,0.3066456436463,0.019
100,80,0.26265934760187,0.021
102,0,0.22252922102745,0.017
102,2,0.348178057998173,0.019
102,4,0.47061431079614,0.022
102,6,0.557171931789571,0.024
102,8,0.593998098887363,0.027
102,10,0.582341436414623,0.03
102,12,0.53068315514028,0.032
102,14,0.462998950954836,0.035
102,16,0.420839596756241,0.041
102,18,0.434644865937523,0.051
102,20,0.478027419472743,0.059
102,22,0.488539934475054,0.063
102,24,0.446360644479654,0.067
102,26,0.383327859214828,0.076
102,28,0.326858153124591,0.091
102,30,0.276092255287604,0.102
102,32,0.22146219151929,0.091
102,34,0.165259717873942,0.065
102,36,0.123392591574832,0.046
102,38,0.114430773681001,0.041
102,40,0.139981283260076,0.048
102,42,0.171332369300219,0.053
102,44,0.170857032048901,0.049
102,46,0.135474279191012,0.038
102,48,0.102164386569152,0.028
102,50,0.106233263137653,0.027
102,52,0.14810205181194,0.03
102,54,0.201862364784044,0.032
102,56,0.243202528733555,0.032
102,58,0.264980697667055,0.032
102,60,0.272215147887539,0.033
102,62,0.275325329031421,0.033
102,64,0.286876529027208,0.03
102,66,0.305366353030173,0.025
102,68,0.314240964905849,0.021
102,70,0.30778400612465,0.018
102,72,0.294907447659334,0.016
102,74,0.282684728066104,0.015
102,76,0.279700855452795,0.016
102,78,0.285360081227154,0.019
102,80,0.268706410472112,0.023
104,0,0.216779439418254,0.016
104,2,0.344655841992126,0.019
104,4,0.469938996706263,0.021
104,6,0.561282546127607,0.024
104,8,0.610045691943496,0.027
104,10,0.621899452089205,0.029
104,12,0.598889365939636,0.032
104,14,0.545367239950581,0.035
104,16,0.489436310361199,0.04
104,18,0.47555966194043,0.049
104,20,0.506915606088663,0.059
104,22,0.533343076075843,0.068
104,24,0.520663159939961,0.078
104,26,0.478011228711351,0.093
104,28,0.419596823036679,0.11
104,30,0.346204754365706,0.117
104,32,0.261102529232464,0.103
104,34,0.18077753034551,0.074
104,36,0.12594023773545,0.052
104,38,0.110522225920738,0.047
104,40,0.132269090047273,0.054
104,42,0.163468820349146,0.06
104,44,0.168313161884207,0.055
104,46,0.142152595403662,0.043
104,48,0.118808027789896,0.034
104,50,0.132407392287856,0.033
104,52,0.182443885568913,0.034
104,54,0.241527262769745,0.035
104,56,0.287237717545635,0.034
104,58,0.31692532501481,0.034
104,60,0.336242929246622,0.035
104,62,0.351847790314346,0.036
104,64,0.370258195118939,0.034
104,66,0.381324492248977,0.029
104,68,0.363541420817364,0.023
104,70,0.317851885983882,0.018
104,72,0.26975800167792,0.015
104,74,0.238790923728763,0.013
104,76,0.229372162557685,0.014
104,78,0.230850430148797,0.016
104,80,0.214297901668332,0.02
106,0,0.183938065732388,0.015
106,2,0.293073009881804,0.018
106,4,0.399766539929832,0.02
106,6,0.483761048830954,0.022
106,8,0.548811962792775,0.025
106,10,0.60270247267713,0.028
106,12,0.629254054638605,0.032
106,14,0.60161504021109,0.035
106,16,0.533068939381923,0.039
106,18,0.487231927103042,0.046
106,20,0.499514804493193,0.055
106,22,0.53216084458108,0.067
106,24,0.537247293329402,0.08
106,26,0.505843003647403,0.095
106,28,0.446343768051018,0.107
106,30,0.362422371364357,0.11
106,32,0.262134838033619,0.097
106,34,0.168434912921855,0.074
106,36,0.1060073256302,0.053
106,38,0.0873043004634084,0.048
106,40,0.109159255535533,0.06
106,42,0.148457654331091,0.072
106,44,0.170797147121694,0.07
106,46,0.163012900958605,0.06
106,48,0.150789339395792,0.049
106,50,0.167612247649954,0.044
106,52,0.216521716805242,0.041
106,54,0.276196163367512,0.038
106,56,0.328745626437384,0.036
106,58,0.367918057952233,0.036
106,60,0.395440632996805,0.037
106,62,0.423767577101318,0.038
106,64,0.461027408172742,0.038
106,66,0.484406068279236,0.034
106,68,0.460364127617307,0.029
106,70,0.393795074763054,0.023
106,72,0.321093292340542,0.018
106,74,0.26363647524588,0.015
106,76,0.219576629444261,0.014
106,78,0.182234184349797,0.014
106,80,0.143390056012844,0.015
108,0,0.128205623333186,0.012
108,2,0.204214130608282,0.014
108,4,0.280505058263982,0.016
108,6,0.354319290485787,0.018
108,8,0.442629656979471,0.022
108,10,0.550571571853817,0.027
108,12,0.635292171548894,0.031
108,14,0.639469902305923,0.035
108,16,0.570343172419727,0.039
108,18,0.512699610966687,0.045
108,20,0.520246326882787,0.054
108,22,0.548902429503696,0.066
108,24,0.536180756441439,0.078
108,26,0.477340278203021,0.088
108,28,0.398428831092755,0.094
108,30,0.311116086269902,0.093
108,32,0.217311480275536,0.084
108,34,0.131164184168256,0.067
108,36,0.0742958227935663,0.05
108,38,0.0582899396778368,0.047
108,40,0.0822188033349276,0.067
108,42,0.130293799889032,0.089
108,44,0.170756875414129,0.094
108,46,0.181803474656447,0.084
108,48,0.177849913134945,0.069
108,50,0.19031171598996,0.056
108,52,0.230957460111285,0.047
108,54,0.292594596074117,0.042
108,56,0.360139698125861,0.039
108,58,0.411198739427125,0.038
108,60,0.437428518334015,0.038
108,62,0.464635802851304,0.04
108,64,0.513390915449096,0.041
108,66,0.552620989291636,0.039
108,68,0.537528104301905,0.035
108,70,0.473165212269971,0.029
108,72,0.397928651289113,0.025
108,74,0.32812747764613,0.021
108,76,0.253421191723632,0.019
108,78,0.17410869904628,0.016
108,80,0.105365014633119,0.013
110,0,0.0865084560163312,0.009
110,2,0.128399864690529,0.01
110,4,0.17361269485581,0.012
110,6,0.238785517576003,0.014
110,8,0.350555969292769,0.019
110,10,0.503008455380665,0.025
110,12,0.630597989431725,0.031
110,14,0.658935757195821,0.035
110,16,0.603809612870962,0.039
110,18,0.565959105718191,0.046
110,20,0.593802928902582,0.055
110,22,0.617581191886216,0.066
110,24,0.561824575117244,0.074
110,26,0.444109119479744,0.079
110,28,0.325798231196344,0.08
110,30,0.232402233597102,0.078
110,32,0.154694664425597,0.072
110,34,0.0890030831175211,0.059
110,36,0.0461332400088848,0.044
110,38,0.035170348996161,0.042
110,40,0.0575901698309686,0.066
110,42,0.104685746281191,0.095
110,44,0.151934855186893,0.104
110,46,0.175723576678152,0.097
110,48,0.179064737058961,0.082
110,50,0.185663985728242,0.064
110,52,0.215784077512916,0.05
110,54,0.280190612393266,0.043
110,56,0.366294780685187,0.04
110,58,0.432140474444024,0.039
110,60,0.453865569080491,0.038
110,62,0.464657731099154,0.04
110,64,0.499836531742183,0.042
110,66,0.536446164822491,0.041
110,68,0.532009685421632,0.038
110,70,0.487321432389841,0.034
110,72,0.431663673130133,0.031
110,74,0.371366261783417,0.028
110,76,0.291903160653404,0.025
110,78,0.195447249439019,0.021
110,80,0.108376994110326,0.015
112,0,0.112179370155738,0.013
112,2,0.126608180108229,0.011
112,4,0.135483167803641,0.01
112,6,0.179731170489466,0.012
112,8,0.292929944043907,0.017
112,10,0.456203965435392,0.023
112,12,0.590419471743223,0.029
112,14,0.628372966846425,0.033
112,16,0.601329343828362,0.038
112,18,0.608595085227668,0.046
112,20,0.67259258472527,0.055
112,22,0.696458396669732,0.064
112,24,0.601189002385447,0.069
112,26,0.427561570408981,0.071
112,28,0.267866397014559,0.069
112,30,0.162992553443237,0.065
112,32,0.0980036042232165,0.06
112,34,0.0534302954600008,0.05
112,36,0.0260004025701532,0.036
112,38,0.0193808678843837,0.032
112,40,0.0353622474159468,0.052
112,42,0.070924531169943,0.076
112,44,0.112399204015243,0.088
112,46,0.141944111010076,0.088
112,48,0.153671560768293,0.078
112,50,0.157958607910014,0.061
112,52,0.17707044183747,0.046
112,54,0.235620439733996,0.039
112,56,0.327448692122257,0.038
112,58,0.403145770081942,0.037
112,60,0.427341303616247,0.037
112,62,0.425678984334807,0.038
112,64,0.437186452672163,0.041
112,66,0.456739996374121,0.041
112,68,0.457205508695883,0.039
112,70,0.433800358700017,0.036
112,72,0.39950337854212,0.034
112,74,0.359916841496445,0.033
112,76,0.30619878358248,0.032
112,78,0.234151730556235,0.028
112,80,0.155375272003561,0.023
114,0,0.263879181840981,0.024
114,2,0.251709230957364,0.02
114,4,0.197025230271283,0.015
114,6,0.182924039079308,0.013
114,8,0.256617546573718,0.016
114,10,0.386641567207957,0.021
114,12,0.4927773292527,0.025
114,14,0.52787914166827,0.029
114,16,0.534981438335728,0.035
114,18,0.589812985816943,0.044
114,20,0.682228189448138,0.053
114,22,0.708218672181376,0.059
114,24,0.599011118133463,0.063
114,26,0.404669506086478,0.063
114,28,0.225927667837777,0.06
114,30,0.113786641110165,0.054
114,32,0.0567435650699695,0.045
114,34,0.027502044636322,0.035
114,36,0.0125513011061701,0.024
114,38,0.00906843879104497,0.021
114,40,0.0177761612544586,0.033
114,42,0.0391354307677206,0.05
114,44,0.069043802751745,0.061
114,46,0.0980816155329001,0.066
114,48,0.11587436261083,0.064
114,50,0.120439100537334,0.053
114,52,0.129294519804484,0.039
114,54,0.170795879143322,0.033
114,56,0.246664932497145,0.032
114,58,0.317368682251964,0.033
114,60,0.348634546233601,0.034
114,62,0.351459867804798,0.036
114,64,0.354536297169641,0.039
114,66,0.363531219461736,0.04
114,68,0.365723061463451,0.039
114,70,0.352195562236954,0.037
114,72,0.3299186905679,0.036
114,74,0.31832357938962,0.035
114,76,0.325802181369967,0.036
114,78,0.328271883601563,0.035
114,80,0.28686278809707,0.034
116,0,0.551303576795279,0.036
116,2,0.505531011288709,0.032
116,4,0.348252481295486,0.024
116,6,0.230973179717985,0.018
116,8,0.228223334793619,0.016
116,10,0.296632187810988,0.019
116,12,0.356946066923524,0.021
116,14,0.380808013152846,0.025
116,16,0.409721850972856,0.032
116,18,0.486780485166448,0.042
116,20,0.581462514005602,0.049
116,22,0.607003156752872,0.054
116,24,0.514838160680188,0.056
116,26,0.345750226922234,0.057
116,28,0.18407978313585,0.054
116,30,0.0805740721711283,0.045
116,32,0.0317605009966835,0.031
116,34,0.0123307183294611,0.02
116,36,0.00488334773746111,0.013
116,38,0.00332722927313032,0.011
116,40,0.00718597703908961,0.019
116,42,0.0178653994143314,0.03
116,44,0.0362775049421415,0.04
116,46,0.0590096170937356,0.046
116,48,0.0764356007404937,0.048
116,50,0.0813736477665263,0.042
116,52,0.0837627637794506,0.031
116,54,0.106041876299415,0.026
116,56,0.154117169916673,0.025
116,58,0.205594883158786,0.026
116,60,0.237311678126991,0.029
116,62,0.250403625197268,0.033
116,64,0.259419369274383,0.037
116,66,0.269384535777924,0.039
116,68,0.273158028645142,0.039
116,70,0.262846806138449,0.038
116,72,0.253206520146725,0.037
116,74,0.288451331501067,0.037
116,76,0.395731493947385,0.039
116,78,0.515692344618965,0.04
116,80,0.528912045297524,0.041
118,0,0.836535901999926,0.042
118,2,0.758628645900435,0.039
118,4,0.499391402077683,0.033
118,6,0.277369162401726,0.025
118,8,0.195982335806094,0.019
118,10,0.204428343817344,0.018
118,12,0.223208112642397,0.019
118,14,0.23181461786822,0.022
118,16,0.260153083796405,0.029
118,18,0.32554255079685,0.039
118,20,0.396987147243183,0.046
118,22,0.418458167793498,0.049
118,24,0.360857957884835,0.051
118,26,0.247136542811858,0.052
118,28,0.131602303221012,0.05
118,30,0.0542740133687072,0.04
118,32,0.0178399930590258,0.024
118,34,0.0051569813711956,0.011
118,36,0.00154419218224201,0.006
118,38,0.00095680826735568,0.005
118,40,0.00239918555237288,0.011
118,42,0.0069737980054978,0.019
118,44,0.0164298367323003,0.026
118,46,0.030081093108239,0.032
118,48,0.0422234774532113,0.035
118,50,0.0466325470218675,0.032
118,52,0.0471453489641441,0.025
118,54,0.0563954151950395,0.02
118,56,0.0797790559014476,0.019
118,58,0.108334806426007,0.021
118,60,0.130642317770962,0.024
118,62,0.145513473451744,0.028
118,64,0.158394990250296,0.033
118,66,0.170315991031375,0.037
118,68,0.175311549602617,0.039
118,70,0.1701063828937,0.039
118,72,0.181334575081378,0.038
118,74,0.27267683772198,0.039
118,76,0.481432880120692,0.042
118,78,0.712822993313364,0.044
118,80,0.773867732549821,0.044
120,0,0.893918636056489,0.044
120,2,0.806819574309169,0.042
120,4,0.520582651648857,0.039
120,6,0.264726424329563,0.031
120,8,0.147758869810865,0.023
120,10,0.122680047537143,0.019
120,12,0.118548548240628,0.019
120,14,0.116205217730345,0.021
120,16,0.13143747822094,0.028
120,18,0.168992943634043,0.037
120,20,0.208933761129625,0.042
120,22,0.2231936996529,0.045
120,24,0.197173584808484,0.047
120,26,0.139094833274342,0.049
120,28,0.0756148153739827,0.047
120,30,0.030888543700193,0.037
120,32,0.00942791101652394,0.021
120,34,0.00221867350309,0.008
120,36,0.000442306310456786,0.003
120,38,0.000217771419791469,0.002
120,40,0.000680393955075214,0.007
120,42,0.00231796367199699,0.013
120,44,0.00621696188482489,0.018
120,46,0.0125294078869166,0.023
120,48,0.0189090732658543,0.026
120,50,0.0221020728967943,0.025
120,52,0.022653739228233,0.02
120,54,0.0256721361700588,0.016
120,56,0.0341838610010288,0.015
120,58,0.0457185470647129,0.016
120,60,0.0564374717706967,0.019
120,62,0.0656267477839658,0.023
120,64,0.0751101914748029,0.029
120,66,0.0841619952745978,0.033
120,68,0.0887746273556357,0.037
120,70,0.0899657983508188,0.038
120,72,0.117611931963154,0.039
120,74,0.235121726844479,0.042
120,76,0.477574578832278,0.044
120,78,0.741720861134041,0.045
120,80,0.819526275093517,0.046
