Count,WeightedCount,Goals,WeightedGoals,GoalProbability,WeightedExpectedGoals,y,x,event
1,0.0012767978693657,0,0,0,0,10,58,Shot
1,0.00432475408142934,0,0,0,0,12,58,Shot
1,0.00538897542638191,0,0,0,0,14,58,Shot
1,0.0024703387302296,0,0,0,0,16,58,Shot
1,0.000416593346591774,0,0,0,0,18,58,Shot
1,0.00210508380560783,0,0,0,0,8,60,Shot
1,0.0193822030986418,0,0,0,0,10,60,Shot
1,0.0656511605862769,0,0,0,0,12,60,Shot
1,0.0818063835426151,0,0,0,0,14,60,Shot
1,0.0375005379790755,0,0,0,0,16,60,Shot
1,0.00632402124636688,0,0,0,0,18,60,Shot
1,0.000392332838747302,0,0,0,0,20,60,Shot
1,0.00046970768667114,0,0,0,0,6,62,Shot
1,0.0117559004321035,0,0,0,0,8,62,Shot
1,0.108240464904745,0,0,0,0,10,62,Shot
1,0.366630775006821,0,0,0,0,12,62,Shot
1,0.456850077453217,0,0,0,0,14,62,Shot
1,0.209422821769812,0,0,0,0,16,62,Shot
1,0.0353166766590223,0,0,0,0,18,62,Shot
1,0.00219099390545454,0,0,0,0,20,62,Shot
1,0.000964983070791902,0,0,0,0,6,64,Shot
1,0.0241517122687361,0,0,0,0,8,64,Shot
1,0.222372805835841,0,0,0,0,10,64,Shot
1,0.75321844021812,0,0,0,0,12,64,Shot
1,0.938567971405121,0,0,0,0,14,64,Shot
1,0.430245200110657,0,0,0,0,16,64,Shot
1,0.0725557534178673,0,0,0,0,18,64,Shot
1,0.00450125064368415,0,0,0,0,20,64,Shot
1,0.000729318515684538,0,0,0,0,6,66,Shot
1,0.0182534714610275,0,0,0,0,8,66,Shot
1,0.168065751192619,0,0,0,0,10,66,Shot
1,0.569270250881496,0,0,0,0,12,66,Shot
1,0.709354413039072,0,0,0,0,14,66,Shot
1,0.325172327082999,0,0,0,0,16,66,Shot
1,0.0548364587822947,0,0,0,0,18,66,Shot
1,0.00340197205271359,0,0,0,0,20,66,Shot
1,0.00507514592892351,0,0,0,0,8,68,Shot
1,0.0467285477602341,0,0,0,0,10,68,Shot
1,0.158278363783403,0,0,0,0,12,68,Shot
1,0.197226986065943,0,0,0,0,14,68,Shot
1,0.09041003600424,0,0,0,0,16,68,Shot
1,0.015246580966242,0,0,0,0,18,68,Shot
1,0.000945875125753698,0,0,0,0,20,68,Shot
1,0.00051910727530553,0,0,0,0,8,70,Shot
1,0.00477959243862464,0,0,0,0,10,70,Shot
1,0.0161893768798187,0,0,0,0,12,70,Shot
1,0.0201732058126514,0,0,0,0,14,70,Shot
1,0.00924751881181686,0,0,0,0,16,70,Shot
1,0.00155948443925628,0,0,0,0,18,70,Shot
1,0.000609178030781977,0,0,0,0,12,72,Shot
1,0.000759082568942465,0,0,0,0,14,72,Shot
1,0.000347968012680237,0,0,0,0,16,72,Shot
1,0.000743605429874021,0,0,0,0,30,76,Shot
1,0.000758627256008647,0,0,0,0,32,76,Shot
1,0.00180679630362313,0,0,0,0,18,78,Shot
1,0.00410233071383048,0,0,0,0,20,78,Shot
1,0.00342655464262014,0,0,0,0,22,78,Shot
2,0.00225150867076316,0,0,0,0,24,78,Shot
2,0.00282526253278441,0,0,0,0,26,78,Shot
2,0.00809138058656001,0,0,0,0,28,78,Shot
1,0.0193705772648816,0,0,0,0,30,78,Shot
1,0.019761888882724,0,0,0,0,32,78,Shot
2,0.00838183930274629,0,0,0,0,34,78,Shot
3,0.00405156789531934,0,0,0,0,36,78,Shot
2,0.00482633710137889,0,0,0,0,38,78,Shot
3,0.00581925092745023,0,0,0,0,40,78,Shot
2,0.00391945025633337,0,0,0,0,42,78,Shot
2,0.00131318896865737,0,0,0,0,44,78,Shot
1,0.000388351383731812,0,0,0,0,52,78,Shot
1,0.00481412968908364,0,0,0,0,16,80,Shot
1,0.0297121270004061,0,0,0,0,18,80,Shot
2,0.0679585388570364,0,0,0,0,20,80,Shot
2,0.0621676370012457,0,0,0,0,22,80,Shot
3,0.0428050761996297,0,0,0,0,24,80,Shot
4,0.051013297375338,0,0,0,0,26,80,Shot
4,0.0928473552356153,0,0,0,0,28,80,Shot
4,0.195290193273405,0,0,0,0,30,80,Shot
5,0.195202227755857,0,0,0,0,32,80,Shot
4,0.0899274140375305,0,0,0,0,34,80,Shot
5,0.0672130593355997,0,0,0,0,36,80,Shot
8,0.0962725901334969,0,0,0,0,38,80,Shot
9,0.112998620651005,0,0,0,0,40,80,Shot
8,0.0836190452924637,0,0,0,0,42,80,Shot
6,0.0342621157328686,0,0,0,0,44,80,Shot
5,0.00868014722477646,0,0,0,0,46,80,Shot
3,0.00308243652494592,0,0,0,0,48,80,Shot
3,0.00937011243439376,0,0,0,0,50,80,Shot
2,0.0145511081016589,0,0,0,0,52,80,Shot
2,0.00949673683319112,0,0,0,0,54,80,Shot
1,0.00230286794549084,0,0,0,0,56,80,Shot
2,0.00253699054653392,0,0,0,0,14,82,Shot
2,0.0336875859569958,0,0,0,0,16,82,Shot
2,0.189313321106668,0,0,0,0,18,82,Shot
3,0.419316459634509,0,0,0,0,20,82,Shot
3,0.387733372967358,0,0,0,0,22,82,Shot
4,0.299716391277851,0,0,0,0,24,82,Shot
5,0.359901868547667,0,0,0,0,26,82,Shot
8,0.468995541728308,0,0,0,0,28,82,Shot
8,0.78813021858706,0,0,0,0,30,82,Shot
8,0.750865288641772,1,0.000460406851317036,0.000613168378245128,0.0000236189069009243,32,82,Shot
11,0.39900760678458,1,0.000673245843550835,0.00168730077347702,0.0000345375635805032,34,82,Shot
13,0.455419810101457,1,0.000362168856671906,0.000795241771742918,0.0000185792902162041,36,82,Shot
15,0.722229994469334,0,0,0,0,38,82,Shot
16,0.870744113164717,0,0,0,0,40,82,Shot
16,0.706270212675233,0,0,0,0,42,82,Shot
15,0.367993175109263,0,0,0,0,44,82,Shot
13,0.132842647550958,0,0,0,0,46,82,Shot
10,0.067671654428038,0,0,0,0,48,82,Shot
6,0.140850769511575,0,0,0,0,50,82,Shot
4,0.197305724081479,0,0,0,0,52,82,Shot
4,0.119020889915176,0,0,0,0,54,82,Shot
2,0.0285169293425615,0,0,0,0,56,82,Shot
1,0.00259647635814399,0,0,0,0,58,82,Shot
1,0.000655835869013427,0,0,0,0,12,84,Shot
2,0.014020349900375,0,0,0,0,14,84,Shot
2,0.122683644231697,0,0,0,0,16,84,Shot
3,0.521662753796382,0,0,0,0,18,84,Shot
3,1.01261786023597,0,0,0,0,20,84,Shot
4,0.912616828448629,0,0,0,0,22,84,Shot
9,0.795203033863018,0,0,0,0,24,84,Shot
11,1.03260089655282,0,0,0,0,26,84,Shot
14,1.24302879527225,0,0,0,0,28,84,Shot
17,1.7186377765839,1,0.00320385662349047,0.00186418375479836,0.000164358091322198,30,84,Shot
19,1.47718503653104,1,0.0127350149069721,0.00862113722521752,0.000653307244688536,32,84,Shot
23,0.89353443505546,1,0.0186222160446804,0.0208410726146492,0.000955321116073779,34,84,Shot
24,1.38936046061376,1,0.0100177175369221,0.00721030849870072,0.000513909680508625,36,84,Shot
26,2.50031138572415,1,0.001982493268344,0.000792898548422128,0.000101702057219133,38,84,Shot
23,3.13409840785075,0,0,0,0,40,84,Shot
24,2.78399266931621,0,0,0,0,42,84,Shot
23,1.88444327975186,0,0,0,0,44,84,Shot
23,0.892630278070913,0,0,0,0,46,84,Shot
20,0.503949553492175,0,0,0,0,48,84,Shot
17,0.879123531959225,0,0,0,0,50,84,Shot
8,1.0579076808898,0,0,0,0,52,84,Shot
7,0.582765542680537,0,0,0,0,54,84,Shot
6,0.140658564338747,0,0,0,0,56,84,Shot
3,0.0153665321663165,0,0,0,0,58,84,Shot
2,0.000909214410056589,0,0,0,0,60,84,Shot
1,0.00305920561396507,0,0,0,0,12,86,Shot
2,0.0505409803525062,0,0,0,0,14,86,Shot
2,0.322995006677776,0,0,0,0,16,86,Shot
3,0.893627573949271,0,0,0,0,18,86,Shot
7,1.19424055302264,0,0,0,0,20,86,Shot
9,0.897203168925993,0,0,0,0,22,86,Shot
17,0.88283075816339,0,0,0,0,24,86,Shot
18,1.43302418588071,0,0,0,0,26,86,Shot
21,2.28999904182701,1,0.00301727853869232,0.00131758943282573,0.000154786621214848,28,86,Shot
22,3.27829887290829,1,0.0326014015239949,0.00994460931961126,0.00167245440686255,30,86,Shot
32,2.81606825517526,1,0.129587363976337,0.0460171246695411,0.0066478417437487,32,86,Shot
39,1.8749821148729,1,0.189493605328001,0.101064220199693,0.00972103653488126,34,86,Shot
35,2.71160590039048,1,0.101937030945959,0.0375928636721434,0.00522937753159398,36,86,Shot
37,5.22691760579037,1,0.0201732058126514,0.00385948418056246,0.00103488701051953,38,86,Shot
30,6.53172597110632,1,0.00146866713556808,0.000224851309143229,0.0000753427370687482,40,86,Shot
28,5.96677275763937,0,0,0,0,42,86,Shot
36,5.01296619097878,0,0,0,0,44,86,Shot
31,2.93791309571139,0,0,0,0,46,86,Shot
27,1.76107698925816,0,0,0,0,48,86,Shot
26,2.50923493517125,0,0,0,0,50,86,Shot
20,2.52374847624779,0,0,0,0,52,86,Shot
15,1.27950833236233,0,0,0,0,54,86,Shot
9,0.368597661443724,0,0,0,0,56,86,Shot
7,0.0738630668168856,0,0,0,0,58,86,Shot
4,0.0121785641441551,0,0,0,0,60,86,Shot
2,0.00165262235763933,0,0,0,0,62,86,Shot
1,0.0052496178263985,0,0,0,0,12,88,Shot
2,0.0822534630416036,0,0,0,0,14,88,Shot
3,0.481243946718094,0,0,0,0,16,88,Shot
5,1.08135268154039,0,0,0,0,18,88,Shot
9,1.02449723308573,0,0,0,0,20,88,Shot
12,0.640576685711293,0,0,0,0,22,88,Shot
19,0.924685124225541,0,0,0,0,24,88,Shot
24,2.04377508093869,1,0.00038456412803478,0.000188163625059051,0.0000197281693604382,26,88,Shot
32,4.07020945542023,1,0.0112949449828912,0.00277502794551517,0.000579431546769641,28,88,Shot
38,5.9519112305353,1,0.122040783393587,0.0205044696848766,0.0062607015791434,30,88,Shot
43,5.80545090394093,1,0.485100108531904,0.0835594196830779,0.024885672896196,32,88,Shot
47,4.60699493698886,1,0.709354413039073,0.153973343305367,0.0363899359738084,34,88,Shot
48,5.03074255844282,1,0.381593260777604,0.0758522735649029,0.0195757636415365,36,88,Shot
46,8.18364060777275,1,0.0755168098869623,0.00922777691572099,0.0038740181582284,38,88,Shot
45,9.25699067753561,1,0.00549783995136604,0.000593912227297357,0.000282039612564497,40,88,Shot
43,7.84842380991411,0,0,0,0,42,88,Shot
43,7.64152643740459,0,0,0,0,44,88,Shot
39,5.72074513109996,0,0,0,0,46,88,Shot
35,3.83579011808749,0,0,0,0,48,88,Shot
34,4.09580202960219,0,0,0,0,50,88,Shot
33,3.4777932312275,0,0,0,0,52,88,Shot
26,1.98730636270633,0,0,0,0,54,88,Shot
20,0.939503663248009,0,0,0,0,56,88,Shot
15,0.353577057746145,0,0,0,0,58,88,Shot
8,0.119324594383025,0,0,0,0,60,88,Shot
4,0.0380003251810043,0,0,0,0,62,88,Shot
3,0.00858961572823439,0,0,0,0,64,88,Shot
1,0.000717311760109308,0,0,0,0,66,88,Shot
1,0.00331399787896699,0,0,0,0,12,90,Shot
3,0.0537057988365347,0,0,0,0,14,90,Shot
5,0.319717093528241,0,0,0,0,16,90,Shot
6,0.746281084015725,0,0,0,0,18,90,Shot
10,0.848136152021501,0,0,0,0,20,90,Shot
15,1.06792648812907,0,0,0,0,22,90,Shot
22,2.04937722730576,0,0,0,0,24,90,Shot
32,3.70687997324163,1,0.000529593937884343,0.000142867840800688,0.0000271682097657815,26,90,Shot
35,6.2911829619176,1,0.0155545823325867,0.00247244157843496,0.000797951270588602,28,90,Shot
42,8.54867462482251,1,0.16806575119262,0.0196598605712063,0.00862178596886035,30,90,Shot
55,9.01599350575684,1,0.668044827941672,0.0740955311819064,0.0342707510795344,32,90,Shot
54,8.13563275736175,1,0.976871656950343,0.120073224306541,0.0501135911719394,34,90,Shot
57,7.79166768052871,1,0.52550267410033,0.0674441846914949,0.0269583276188383,36,90,Shot
60,9.73746579332511,1,0.103996295569416,0.0106800165234679,0.00533501796523798,38,90,Shot
61,9.44359230497511,1,0.00757122804090163,0.000801731777102759,0.000388404581105125,40,90,Shot
60,7.1140594328113,0,0,0,0,42,90,Shot
59,7.83476711983856,0,0,0,0,44,90,Shot
54,8.1302155992308,0,0,0,0,46,90,Shot
46,7.03980288249545,0,0,0,0,48,90,Shot
45,6.20139161671307,0,0,0,0,50,90,Shot
39,4.92479542189471,1,0.000740636949074095,0.000150389383847573,0.0000379947324795998,52,90,Shot
32,3.59783846652192,1,0.00096055434255054,0.000266980953005131,0.0000492765116876102,54,90,Shot
30,2.16564877427378,1,0.000458293843445022,0.000211619653606437,0.0000235105094344938,56,90,Shot
21,1.16034674750488,0,0,0,0,58,90,Shot
12,0.679844469104275,0,0,0,0,60,90,Shot
6,0.328209898119683,0,0,0,0,62,90,Shot
3,0.0912738804746277,0,0,0,0,64,90,Shot
2,0.0111058684791674,0,0,0,0,66,90,Shot
1,0.00042645658068565,0,0,0,0,68,90,Shot
2,0.00149967872085468,0,0,0,0,12,92,Shot
3,0.0280042501090275,0,0,0,0,14,92,Shot
4,0.19765676052662,0,0,0,0,16,92,Shot
7,0.65856619407838,0,0,0,0,18,92,Shot
10,1.26312932945235,0,0,0,0,20,92,Shot
16,2.16958853293449,0,0,0,0,22,92,Shot
23,3.54028002848901,0,0,0,0,24,92,Shot
34,4.82812714466147,0,0,0,0,26,92,Shot
38,6.66176908876386,1,0.00788021571883799,0.0011829013605604,0.000404255672759898,28,92,Shot
45,9.03341886743822,1,0.0851449653888686,0.00942555267704693,0.00436794327636387,30,92,Shot
56,10.4582240251261,2,0.340583609450766,0.0325661038272375,0.0174719653727723,32,92,Shot
67,10.0948394746227,2,0.501078773559887,0.0496371215034712,0.0257053796416917,34,92,Shot
69,9.40338393534138,2,0.272789664596468,0.0290097337801154,0.013994130784995,36,92,Shot
72,9.69347128378836,2,0.0552492310986196,0.00569963323572433,0.00283428980679389,38,92,Shot
71,8.35135751910648,2,0.00420401746874669,0.000503393305714504,0.000215666419646335,40,92,Shot
65,6.10581565564439,0,0,0,0,42,92,Shot
65,7.00172482240499,0,0,0,0,44,92,Shot
63,8.94180656908027,0,0,0,0,46,92,Shot
53,9.7198878272785,1,0.000548677346784204,0.0000564489381497142,0.0000281471901108149,48,92,Shot
50,9.2989065904318,1,0.00525802393801674,0.000565445398002711,0.000269737032625808,50,92,Shot
46,8.16744680893079,1,0.0185367505721658,0.00226958938402838,0.000950936730757201,52,92,Shot
40,6.36548029940963,1,0.0240408695260608,0.00377675656749586,0.0012332984566346,54,92,Shot
34,3.88390909443205,1,0.0114702333921092,0.00295327030402253,0.000588423855650986,56,92,Shot
25,2.54696872995988,1,0.00201325996015347,0.000790453348119896,0.000103280390876459,58,92,Shot
15,2.05664448607515,0,0,0,0,60,92,Shot
8,1.25346098617625,0,0,0,0,62,92,Shot
5,0.386479052577023,0,0,0,0,64,92,Shot
3,0.048958932586402,0,0,0,0,66,92,Shot
2,0.00239027731430742,0,0,0,0,68,92,Shot
2,0.00567964898164938,0,0,0,0,12,94,Shot
3,0.0706251583869564,0,0,0,0,14,94,Shot
4,0.381849996934517,0,0,0,0,16,94,Shot
7,1.03537029119052,0,0,0,0,18,94,Shot
12,1.67416596906236,0,0,0,0,20,94,Shot
15,2.32707892507422,0,0,0,0,22,94,Shot
28,3.39795000334614,0,0,0,0,24,94,Shot
35,4.57832289457083,0,0,0,0,26,94,Shot
44,6.29424699825651,1,0.00146866713556809,0.00023333484306779,0.0000753427370687488,28,94,Shot
55,9.05598038171521,2,0.0196922638548836,0.00217450381127635,0.0010102146510775,30,94,Shot
60,10.7564461430351,2,0.0930756787055767,0.00865301396649893,0.0047747894797803,32,94,Shot
74,10.2478244770567,2,0.178823923919553,0.0174499401624131,0.00917368105759464,34,94,Shot
70,10.0397555783276,2,0.141559834801814,0.0140999283993919,0.00726203041837869,36,94,Shot
72,10.4187034388942,2,0.0457343621829535,0.00438964046257635,0.00234617629924996,38,94,Shot
78,9.70117801113947,2,0.00587600565426255,0.000605700219861482,0.000301439542222982,40,94,Shot
70,7.82850744957662,0,0,0,0,42,94,Shot
66,7.68785891764927,0,0,0,0,44,94,Shot
66,8.62280877028102,0,0,0,0,46,94,Shot
59,9.24031570002862,2,0.00627564714806311,0.000679159387167224,0.00032194118160741,48,94,Shot
56,10.0655647784845,2,0.0508767831242135,0.00505453834373651,0.00260998288924649,50,94,Shot
56,10.5760516605647,3,0.172868648968208,0.0163452916566955,0.00886817499433157,52,94,Shot
49,8.93685778268022,3,0.222958239083737,0.0249481690886739,0.0114377748216579,54,94,Shot
40,5.70730034921066,2,0.106835251633025,0.0187190519328111,0.00548065662975913,56,94,Shot
32,3.81523450651669,2,0.0190348055947132,0.00498915743244626,0.000976486991739275,58,94,Shot
24,3.22173204906209,1,0.00119692441471689,0.000371515817110035,0.0000614023145784484,60,94,Shot
12,2.05053588763424,0,0,0,0,62,94,Shot
6,0.63551236306858,0,0,0,0,64,94,Shot
4,0.0797495858642014,0,0,0,0,66,94,Shot
2,0.00382580113419345,0,0,0,0,68,94,Shot
1,0.000479675847452217,0,0,0,0,10,96,Shot
1,0.0140884495240922,0,0,0,0,12,96,Shot
2,0.159209260761163,0,0,0,0,14,96,Shot
4,0.688955591133304,0,0,0,0,16,96,Shot
8,1.27187198576591,0,0,0,0,18,96,Shot
12,1.27344355879298,0,0,0,0,20,96,Shot
17,1.24036875736885,0,0,0,0,22,96,Shot
29,1.89425834100317,0,0,0,0,24,96,Shot
44,3.33251042936993,0,0,0,0,26,96,Shot
51,5.72452994172682,1,0.000924183419564612,0.000161442673716862,0.0000474106805396854,28,96,Shot
65,8.96650425286652,2,0.020798590083107,0.00231958737726108,0.0010669692717173,30,96,Shot
67,10.0719681952257,2,0.158973328191969,0.0157837400903753,0.00815534396926398,32,96,Shot
76,9.31012438546977,2,0.452697179090684,0.0486241816271762,0.0232234001224523,34,96,Shot
71,9.95838094993024,2,0.47737730444867,0.0479372406869024,0.0244894924524554,36,96,Shot
74,11.4704413818243,2,0.185821203950718,0.0162000046698434,0.00953264206163495,38,96,Shot
69,12.503680925483,1,0.0266064928732766,0.00212789282066943,0.00136491513177179,40,96,Shot
70,10.6062384360274,1,0.00140657163491749,0.00013261738771963,0.000072157233107117,42,96,Shot
69,9.03036302514076,0,0,0,0,44,96,Shot
65,8.48228799969867,2,0.00497127316328905,0.000586076912675643,0.000255026695816772,46,96,Shot
69,7.65778902276096,2,0.040728305567883,0.00531854631236612,0.00208936520968021,48,96,Shot
66,8.15712931142361,3,0.212583913977526,0.0260611185456891,0.0109055711454038,50,96,Shot
60,9.82862726163476,3,0.621861475926786,0.063270430282179,0.0319015415673565,52,96,Shot
54,9.5533388066534,3,0.784972729979301,0.0821673705775627,0.0402691614516803,54,96,Shot
44,6.60725677566111,3,0.386987004316067,0.0585699962110745,0.0198524631001089,56,96,Shot
36,4.07134713537263,2,0.0742944510884901,0.018248124912515,0.00381131105780613,58,96,Shot
27,2.87751072567253,2,0.00577529333770823,0.00200704493859304,0.000296272992633921,60,96,Shot
15,1.58186717216812,0,0,0,0,62,96,Shot
7,0.444535562920156,0,0,0,0,64,96,Shot
4,0.052702877780038,0,0,0,0,66,96,Shot
2,0.00226800687914274,0,0,0,0,68,96,Shot
1,0.000470177629289955,0,0,0,0,10,98,Shot
1,0.0138094795324643,0,0,0,0,12,98,Shot
2,0.150648807035264,0,0,0,0,14,98,Shot
3,0.616185216722296,0,0,0,0,16,98,Shot
8,1.00961027077799,0,0,0,0,18,98,Shot
16,0.903968494214934,0,0,0,0,20,98,Shot
18,1.00291350263132,0,0,0,0,22,98,Shot
31,1.75479234750394,0,0,0,0,24,98,Shot
43,2.89051874410864,0,0,0,0,26,98,Shot
51,4.71723606695576,1,0.00175269618417495,0.000371551510099863,0.0000899134491183487,28,98,Shot
58,7.62095248638941,1,0.0373807280556577,0.00490499424086656,0.00191763422570658,30,98,Shot
65,8.76475549285364,1,0.293288063812414,0.0334622071376146,0.0150457002421272,32,98,Shot
72,9.01117876559764,1,0.84653815888672,0.0939431100977138,0.0434274726920978,34,98,Shot
79,10.0963003665575,1,0.89888515515114,0.0890311423507726,0.0461128776285699,36,98,Shot
79,10.8012982960142,1,0.351129562392598,0.0325080886361753,0.0180129735702006,38,98,Shot
66,11.287345835877,2,0.0508671309221869,0.00450656262878956,0.00260948773053978,40,98,Shot
71,9.76646935894514,2,0.00339700060496876,0.000347822788371054,0.000174266392434486,42,98,Shot
72,8.34241395211616,3,0.00300259443136982,0.000359919137147129,0.00015403332537926,44,98,Shot
68,7.23139084817204,3,0.0330865609170283,0.00457540763757665,0.00169734312105823,46,98,Shot
72,6.38903295694003,5,0.191846572677929,0.0300274820885902,0.00984174394099369,48,98,Shot
65,6.78871091553375,5,0.553420540715573,0.0815207110158795,0.0283905163244834,50,98,Shot
61,8.32872060288643,4,1.04563253937092,0.125545397573853,0.0536410297312726,52,98,Shot
56,9.19770646469534,4,1.22179089401019,0.13283647382094,0.0626779668796733,54,98,Shot
50,7.27588450274427,4,0.693534165750645,0.0953195677431469,0.0355783560705422,56,98,Shot
38,4.20743715205719,2,0.176040988296608,0.0418404320574425,0.00903091624599038,58,98,Shot
26,2.30946846143059,2,0.019680113939519,0.00852149066687328,0.00100959135948436,60,98,Shot
19,1.06188355227094,1,0.000804893972822375,0.000757987042082941,0.0000412911227424719,62,98,Shot
7,0.269545902626395,0,0,0,0,64,98,Shot
4,0.0298735811727447,0,0,0,0,66,98,Shot
1,0.000782669535680912,0,0,0,0,68,98,Shot
1,0.00497962844583031,0,0,0,0,12,100,Shot
2,0.0544436612085566,0,0,0,0,14,100,Shot
4,0.23315281759651,0,0,0,0,16,100,Shot
10,0.51511718216796,0,0,0,0,18,100,Shot
13,1.05618310066666,0,0,0,0,20,100,Shot
22,2.17692473554765,0,0,0,0,22,100,Shot
36,3.78044709626023,0,0,0,0,24,100,Shot
42,5.02963754789009,0,0,0,0,26,100,Shot
53,6.20715160697389,1,0.0012228146344939,0.000197000929237822,0.0000627304848452642,28,100,Shot
59,8.32647435966821,1,0.0260796490157316,0.00313213587038186,0.00133788800133903,30,100,Shot
69,9.09485480885384,1,0.204620138841131,0.0224984502932288,0.0104970288680933,32,100,Shot
81,9.33296620914669,1,0.590609632571022,0.0632820926740525,0.0302983195983728,34,100,Shot
87,9.8257516079072,2,0.628239112776757,0.0639380210131901,0.0322287148285199,36,100,Shot
78,9.28695469691211,3,0.252222347484045,0.0271587787079341,0.0129390258344703,38,100,Shot
73,8.34143374371529,3,0.0544660495035108,0.00652957886820684,0.0027941125306989,40,100,Shot
77,7.60920117606216,5,0.0282174984979925,0.00370833913377952,0.00144755984428678,42,100,Shot
70,7.15401859475676,5,0.029642965591635,0.00414354047295327,0.0015206864158805,44,100,Shot
70,6.27585251554976,6,0.117322706180122,0.0186943058157326,0.00601866385503605,46,100,Shot
63,6.84040830704017,5,0.49795900242496,0.0727966782205762,0.0255453351424031,48,100,Shot
66,8.09943276219602,5,1.05323963799999,0.130038691464416,0.0540312744763111,50,100,Shot
58,8.77736732296467,5,1.26450321036659,0.144064064296159,0.064869111995474,52,100,Shot
50,9.38015574392767,4,1.31902966047893,0.140619164168229,0.0676663230820535,54,100,Shot
45,8.31433707185251,4,0.981812158754861,0.118086643621739,0.0503670392946833,56,100,Shot
41,5.07766555007845,4,0.342968157717706,0.0675444560763572,0.0175942928823576,58,100,Shot
28,2.53866212883486,2,0.0480549810041129,0.018929254294335,0.00246522422334733,60,100,Shot
16,1.141566134271,1,0.00251671701155001,0.00220461779304375,0.00012910777635418,62,100,Shot
8,0.306692867491533,0,0,0,0,64,100,Shot
4,0.0351046344891992,0,0,0,0,66,100,Shot
1,0.00151430301800542,0,0,0,0,68,100,Shot
1,0.000660574927407821,0,0,0,0,12,102,Shot
2,0.00778962137747431,0,0,0,0,14,102,Shot
6,0.0544790558698208,0,0,0,0,16,102,Shot
9,0.32838533866746,0,0,0,0,18,102,Shot
13,1.37174249929694,0,0,0,0,20,102,Shot
19,3.26542535195955,0,0,0,0,22,102,Shot
29,5.11026096885261,0,0,0,0,24,102,Shot
42,6.33910548973803,0,0,0,0,26,102,Shot
55,8.01902099972534,1,0.00115621909285348,0.000144184569773926,0.0000593141284345761,28,102,Shot
64,10.2335467552361,2,0.0120869113107088,0.00118110676579695,0.00062005948032858,30,102,Shot
74,10.4670276841519,3,0.0622142655334527,0.00594383309290862,0.00319159660926104,32,102,Shot
84,9.55374600630562,4,0.160712445240251,0.0168219298622947,0.00824456080766611,34,102,Shot
89,8.85240593923803,5,0.182494393423098,0.0206152310090296,0.00936197642556955,36,102,Shot
88,8.81336558173587,5,0.155217580850521,0.0176116126593207,0.00796267384164248,38,102,Shot
84,8.89964659073528,7,0.236282161522468,0.0265496117304751,0.0121212930680422,40,102,Shot
83,8.30690837076891,8,0.2931515522908,0.0352900909949082,0.0150386971905638,42,102,Shot
78,7.40063994982651,9,0.250628469329266,0.0338657833685236,0.012857259762481,44,102,Shot
74,6.85277117483548,9,0.378429795769942,0.0552228851825083,0.0194134776432145,46,102,Shot
63,8.03994007056001,9,0.79424674234303,0.0987876446058768,0.040744918999576,48,102,Shot
64,8.84356215237085,7,1.25314686428179,0.14170159520458,0.0642865305674519,50,102,Shot
53,8.71595170661405,5,1.32463170140363,0.151977861510917,0.0679537082125685,52,102,Shot
51,9.00556733863472,5,1.25150573107059,0.138970226306733,0.0642023403074319,54,102,Shot
42,8.42362957592276,4,0.968746496619034,0.115003454020343,0.0496967698217112,56,102,Shot
36,5.48743573344516,4,0.362880635694761,0.0661293641186636,0.0186158045348481,58,102,Shot
27,2.49268081018891,2,0.0530031135325617,0.0212634980443183,0.00271906380281612,60,102,Shot
16,0.9033588417281,1,0.00289491363752424,0.00320461095170813,0.000148509292368932,62,102,Shot
6,0.218319827067348,0,0,0,0,64,102,Shot
1,0.0239257498605623,0,0,0,0,66,102,Shot
1,0.00107783594788611,0,0,0,0,68,102,Shot
2,0.00144594831597564,0,0,0,0,14,104,Shot
6,0.039911671680816,0,0,0,0,16,104,Shot
11,0.384916401720834,0,0,0,0,18,104,Shot
15,1.6834274552959,0,0,0,0,20,104,Shot
19,3.60130914922287,0,0,0,0,22,104,Shot
31,4.57889196461471,0,0,0,0,24,104,Shot
43,5.27521559759508,1,0.00117957626789364,0.000223607214922438,0.0000605123533114738,26,104,Shot
58,7.3758557034095,1,0.0149566389618956,0.00202778356346937,0.000767276729660337,28,104,Shot
65,9.85336711007612,3,0.0710064452762587,0.00720631277440653,0.00364263610662623,30,104,Shot
76,10.8123415411051,3,0.132385911980503,0.0122439632041971,0.006791407471711,32,104,Shot
86,10.5417299079256,5,0.1322727860712,0.0125475407951549,0.00678560410385874,34,104,Shot
93,10.0830065080867,6,0.175107649173518,0.0173666107458206,0.00898303587715526,36,104,Shot
99,11.075901107163,9,0.471430535009477,0.0425636280468947,0.0241844227226202,38,104,Shot
94,12.2330362128678,9,1.03897270511928,0.0849317117222619,0.0532993797216887,40,104,Shot
91,11.0008679524976,9,1.3265273773412,0.120583883296229,0.0680509565340382,42,104,Shot
79,9.03391703759841,9,1.10963329845898,0.122829697665008,0.056924273597356,44,104,Shot
69,7.52610303106096,10,1.09735061313948,0.145805951447995,0.0562941708953117,46,104,Shot
68,6.96501040710557,10,1.24055196081509,0.178112003903038,0.0636404110504305,48,104,Shot
60,6.36282052119107,9,1.27243161766584,0.199979178012026,0.0652758399000174,50,104,Shot
54,6.54043695579401,8,1.31770075862113,0.201469835658887,0.0675981503144894,52,104,Shot
48,7.49747743883696,6,0.975484436528999,0.130108352374091,0.0500424266575776,54,104,Shot
39,7.4202207700723,5,0.50815889484681,0.0684829886593601,0.0260685904085269,56,104,Shot
34,5.00718246771887,3,0.160588275403488,0.0320715844566869,0.00823819088548524,58,104,Shot
25,2.04658922772713,2,0.022620711851255,0.0110528832775968,0.00116044425863577,60,104,Shot
19,0.501948398719836,1,0.00122501768298481,0.00244052513387646,0.0000628435014023726,62,104,Shot
5,0.0780253267296472,0,0,0,0,64,104,Shot
2,0.00696013112889217,0,0,0,0,66,104,Shot
1,0.00254251889095084,0,0,0,0,14,106,Shot
4,0.058140705113986,0,0,0,0,16,106,Shot
8,0.490233310755899,0,0,0,0,18,106,Shot
16,1.79549176941097,0,0,0,0,20,106,Shot
22,3.25789756661964,0,0,0,0,22,106,Shot
33,3.77181282565388,0,0,0,0,24,106,Shot
50,4.51004639794611,1,0.0056133926039127,0.00124464187474192,0.00028796747253193,26,106,Shot
60,6.79761547110786,1,0.0711759712477254,0.0104707263231124,0.00365133280200751,28,106,Shot
66,10.1462735695399,3,0.33629938357832,0.0331451129592959,0.0172521842558442,30,106,Shot
74,12.7619644782218,3,0.622667617283635,0.0487908909593198,0.0319428966809955,32,106,Shot
89,12.8362051731194,6,0.614566647816447,0.047877596184223,0.0315273163239582,34,106,Shot
103,12.5548479528481,10,0.646962065630397,0.0515308562923402,0.033189203750645,36,106,Shot
107,13.8126826976716,11,1.05450209918554,0.0763430335921133,0.0540960388322765,38,106,Shot
103,14.4699066937867,13,2.03199279729212,0.140428880454678,0.104241386863166,40,106,Shot
92,13.5623123897675,13,2.83935237701254,0.209356066680398,0.145658995429237,42,106,Shot
81,12.1521075449635,10,2.71172281923244,0.223148355887973,0.139111589294008,44,106,Shot
74,9.38391703354287,11,2.21634711989513,0.236185711358357,0.113698777798787,46,106,Shot
65,6.24191777177446,11,1.59005466900734,0.254738163357015,0.0815699268749667,48,106,Shot
60,4.44667331439702,10,1.0767155135159,0.242139558584124,0.0552355886967485,50,106,Shot
50,4.65132758255759,7,1.01714452249554,0.21867832450886,0.0521795922734096,52,106,Shot
47,5.95401061364301,5,0.644485748321636,0.10824397034914,0.0330621684821527,54,106,Shot
39,6.47629689991748,4,0.200438960598428,0.0309496250242916,0.0102825341025005,56,106,Shot
31,4.34575485033363,3,0.0365840290934153,0.00841833705612885,0.00187676350763747,58,106,Shot
24,1.58842778479526,2,0.00380210957669735,0.0023936307417258,0.000195048513857345,60,106,Shot
15,0.303898056893273,0,0,0,0,62,106,Shot
8,0.0290697447072866,0,0,0,0,64,106,Shot
3,0.00252702059502879,0,0,0,0,66,106,Shot
1,0.00249616431328167,0,0,0,0,68,106,Shot
1,0.00170703044490639,0,0,0,0,70,106,Shot
1,0.000429452249358501,0,0,0,0,72,106,Shot
1,0.00216659168125303,0,0,0,0,14,108,Shot
4,0.0443889980046516,0,0,0,0,16,108,Shot
9,0.350620350153098,0,0,0,0,18,108,Shot
14,1.22278291971102,0,0,0,0,20,108,Shot
20,2.35483443631768,0,0,0,0,22,108,Shot
31,3.1836874023013,0,0,0,0,24,108,Shot
51,3.93500550553035,1,0.00982721206503551,0.00249738203700709,0.000504136735141424,26,108,Shot
60,6.01154422220482,1,0.124605815545259,0.0207277549560399,0.00639228792590368,28,108,Shot
70,10.2562302444257,4,0.595261892328112,0.0580390531551923,0.0305369808819035,30,108,Shot
76,14.5567486252802,5,1.15503945881394,0.0793473521146076,0.0592536131175749,32,108,Shot
93,14.5829031960658,6,1.32408045382021,0.0907967663241031,0.0679254291691203,34,108,Shot
102,14.1962009092486,11,1.41787501005972,0.0998770740935342,0.0727370971217096,36,108,Shot
119,15.7471078143167,13,1.46382817184524,0.0929585412830144,0.0750944978574076,38,108,Shot
113,15.7566994254378,16,2.25396786499862,0.14304822375172,0.115628724917517,40,108,Shot
105,15.9828514259245,16,3.61379470280998,0.226104504540932,0.185387946336071,42,108,Shot
98,15.5561687218837,14,3.94981947155109,0.253906957565629,0.202626042829635,44,108,Shot
79,11.6015099321387,14,3.08777629839584,0.266152967713455,0.158403161712449,46,108,Shot
68,6.58907331053695,12,1.62997969958664,0.247376166991503,0.0836180840159209,48,108,Shot
60,4.41269800909755,10,0.674876947019958,0.152939753780699,0.0346212393139828,50,108,Shot
53,4.21859550270277,9,0.612660114516829,0.145228456751616,0.0314295110189798,52,108,Shot
41,4.99404863612889,7,0.501347342033314,0.100388958650978,0.0257191572250448,54,108,Shot
33,6.13084874602125,4,0.185965991870403,0.0303328298534668,0.00954006969305621,56,108,Shot
31,4.48994094517142,4,0.0338941902511556,0.00754891671517554,0.00173877456804613,58,108,Shot
21,1.72314485015985,2,0.0038568584279025,0.00223826710072847,0.000197857134137099,60,108,Shot
16,0.384171282962624,0,0,0,0,62,108,Shot
8,0.0527907406033632,0,0,0,0,64,108,Shot
3,0.0284640845864259,0,0,0,0,66,108,Shot
1,0.0481709084148037,0,0,0,0,68,108,Shot
1,0.0329422253115869,0,0,0,0,70,108,Shot
1,0.0082875573784575,0,0,0,0,72,108,Shot
1,0.000767018221526345,0,0,0,0,74,108,Shot
1,0.000679196551688038,0,0,0,0,14,110,Shot
3,0.0143109669908319,0,0,0,0,16,110,Shot
8,0.135182649169364,0,0,0,0,18,110,Shot
12,0.679920714335678,0,0,0,0,20,110,Shot
16,2.06268041525078,0,0,0,0,22,110,Shot
24,3.5104013917107,0,0,0,0,24,110,Shot
45,3.84876953541134,1,0.00632908248759055,0.00164444309521747,0.000324682418637023,26,110,Shot
47,4.82693907413161,3,0.082840707123563,0.0171621613306703,0.00424973465004076,28,110,Shot
62,8.25610560166237,4,0.411318540453441,0.0498199224063488,0.0211006727762707,30,110,Shot
79,12.8436267796282,5,0.93233906830857,0.0725915727937058,0.0478290659478286,32,110,Shot
90,13.9008997227483,7,1.48706774018618,0.106976366267332,0.0762866895015852,34,110,Shot
103,15.3270099908106,13,1.93032437687632,0.125942657963533,0.0990257890724386,36,110,Shot
115,18.8034024489189,16,1.90633598930969,0.101382502155576,0.0977951829443617,38,110,Shot
112,18.6459334638959,15,2.3654978496532,0.126864007867105,0.121350221712542,40,110,Shot
103,17.6997757842205,17,3.30348196628645,0.186639763495283,0.169468879073813,42,110,Shot
97,16.2724290027507,15,3.34804308444536,0.205749435679172,0.171754867864349,44,110,Shot
78,11.2297228097053,16,2.53948776844858,0.226139844364976,0.130275917935289,46,110,Shot
64,6.01304705704137,13,1.28373296693198,0.213491255723453,0.0658555999870104,48,110,Shot
56,4.72178144306526,11,0.567039697015813,0.120090204058175,0.0290891800906813,50,110,Shot
40,4.87461403133791,8,0.803646559116967,0.164863628986928,0.0412271303233959,52,110,Shot
32,5.12507160908273,5,0.90940161099619,0.177441737474367,0.0466523726226635,54,110,Shot
29,5.92136461360641,3,0.484118078091558,0.0817578564540895,0.0248352946590389,56,110,Shot
28,4.77077021626351,3,0.162358539420927,0.0340319344804008,0.00832900556580192,58,110,Shot
18,2.48048191886963,2,0.0361219562436543,0.0145624751258478,0.00185305913488817,60,110,Shot
15,0.830152090313595,1,0.00373054851939514,0.00449381331797394,0.00019137742611111,62,110,Shot
8,0.172748988357158,0,0,0,0,64,110,Shot
3,0.193048164799628,0,0,0,0,66,110,Shot
1,0.341981033862397,0,0,0,0,68,110,Shot
1,0.233867631741037,0,0,0,0,70,110,Shot
1,0.0588360804009219,0,0,0,0,72,110,Shot
1,0.00544531321955029,0,0,0,0,74,110,Shot
2,0.003242777789593,0,0,0,0,16,112,Shot
8,0.0665590484459333,0,0,0,0,18,112,Shot
11,0.580278780792295,0,0,0,0,20,112,Shot
14,2.34879760324835,0,0,0,0,22,112,Shot
23,4.47718914206082,0,0,0,0,24,112,Shot
36,4.63344558486372,2,0.00255012886654527,0.00055037419126619,0.000130821807086483,26,112,Shot
45,4.4579067847217,3,0.0370908097106717,0.00832022998726458,0.00190276139229955,28,112,Shot
56,6.23270444948378,4,0.219152777193729,0.0351617470345285,0.0112425543338698,30,112,Shot
75,8.80876892670829,5,0.654550504688187,0.0743066948553484,0.0335784912582409,32,112,Shot
84,10.3842908434109,9,1.3255407378424,0.12764865293459,0.0680003418518279,34,112,Shot
105,14.6119250561985,13,1.91413317249609,0.13099801464449,0.0981951790418178,36,112,Shot
108,20.6427349955589,16,2.30234118152024,0.111532758717077,0.118110279777408,38,112,Shot
104,21.6273113616877,16,2.93888237076324,0.135887550773852,0.150764891767492,40,112,Shot
94,19.5695591829647,17,3.05299095438933,0.156007139754429,0.156618670888179,42,112,Shot
88,15.8873009995207,15,2.38980003508079,0.150422027955087,0.122596925695033,44,112,Shot
75,9.41632237180014,15,1.80765569296834,0.191970455300243,0.09273287614859,46,112,Shot
57,4.83194463216711,12,1.13531940780157,0.23496117903412,0.05824197298318,48,112,Shot
52,4.14010368875888,10,0.66939389420203,0.16168529692132,0.0343399582825015,50,112,Shot
38,4.38266471050067,7,0.850245004984173,0.194001837043802,0.0436176341821393,52,112,Shot
28,4.70098005135049,4,1.08937159365522,0.231732868839183,0.0558848465817827,54,112,Shot
25,5.21769430218445,2,0.926265629505981,0.177523936026338,0.0475174980699039,56,112,Shot
21,4.32392113366231,2,0.53581767224257,0.123919390682489,0.0274874878172756,58,112,Shot
16,2.68333173206073,2,0.151023178234859,0.0562819633630902,0.00774750066469927,60,112,Shot
12,1.06501508795356,1,0.0167191585257391,0.0156985179973977,0.000857694118911592,62,112,Shot
8,0.284652125997441,1,0.000695277160367607,0.00244255038648072,0.000035667771828516,64,112,Shot
3,0.493701849166454,0,0,0,0,66,112,Shot
1,0.893150660116015,0,0,0,0,68,112,Shot
1,0.610791269065883,0,0,0,0,70,112,Shot
1,0.153661983693127,0,0,0,0,72,112,Shot
1,0.0142215053321838,0,0,0,0,74,112,Shot
1,0.00048420605905539,0,0,0,0,76,112,Shot
2,0.00196931853536334,0,0,0,0,16,114,Shot
8,0.0514145517212071,0,0,0,0,18,114,Shot
8,0.490991170945447,0,0,0,0,20,114,Shot
13,2.03944393394715,0,0,0,0,22,114,Shot
17,3.98425111853841,0,0,0,0,24,114,Shot
23,4.2453936510459,1,0.00355855754576926,0.000838216155736836,0.000182554275929377,26,114,Shot
37,4.37664808617895,3,0.0596574776256304,0.0136308600670964,0.00306043319284463,28,114,Shot
47,5.88353747878068,3,0.363254091745236,0.0617407627733031,0.0186349628589749,30,114,Shot
65,6.57443466532566,6,0.900468793354143,0.136965205252297,0.0461941183902451,32,114,Shot
73,7.48213513321196,10,1.1449136689703,0.153019645941466,0.0587341593194154,34,114,Shot
79,11.9526829480143,11,1.24759709565777,0.104377996227619,0.064001827009984,36,114,Shot
89,18.0178351716344,12,1.95466371889374,0.108484937300957,0.100274399190848,38,114,Shot
83,20.2020361273224,14,3.2317049229573,0.15996926758222,0.165786711227776,40,114,Shot
82,18.7564672355685,15,3.2247095111305,0.171925206950239,0.165427846062764,42,114,Shot
77,14.1139067724463,13,2.09523210626121,0.148451604509079,0.107485568279552,44,114,Shot
66,7.53782062873668,12,1.61812993859253,0.21466814060601,0.0830101903650823,46,114,Shot
50,3.9830153506324,12,1.36780341967939,0.343409025391332,0.0701684206821835,48,114,Shot
36,3.13015487382456,6,0.808588290249639,0.258322135115848,0.0414806415107687,50,114,Shot
27,2.96872375725765,5,0.501859697102652,0.169048971254316,0.0257454410795276,52,114,Shot
22,3.56275014794428,3,0.738091047465784,0.207168905148082,0.037864127531186,54,114,Shot
21,4.40097626785518,3,1.07937224986344,0.245257457475333,0.0553718794758138,56,114,Shot
17,3.58706887263993,2,0.8136252435785,0.226821751258906,0.0417390376041335,58,114,Shot
13,1.93147723187792,2,0.244998411139312,0.126845094053274,0.0125684373441027,60,114,Shot
12,0.677449888803069,1,0.0275652322895934,0.0406896993345089,0.00141409853760395,62,114,Shot
6,0.205716733970191,1,0.00114631824333006,0.00557231403205227,0.0000588062140921531,64,114,Shot
3,0.469452958340608,0,0,0,0,66,114,Shot
1,0.858129721811394,0,0,0,0,68,114,Shot
1,0.586841800844946,0,0,0,0,70,114,Shot
1,0.147636811131553,0,0,0,0,72,114,Shot
1,0.0136638721320107,0,0,0,0,74,114,Shot
1,0.000465220067913985,0,0,0,0,76,114,Shot
1,0.00132678043102699,0,0,0,0,16,116,Shot
5,0.0388935410109127,0,0,0,0,18,116,Shot
7,0.356946607497281,0,0,0,0,20,116,Shot
10,1.3372793333845,0,0,0,0,22,116,Shot
14,2.31733403086671,0,0,0,0,24,116,Shot
18,2.50646158951248,1,0.00443423575223921,0.00176912176543734,0.000227476635304824,26,116,Shot
23,3.45968061280636,1,0.0714755389788366,0.0206595772783946,0.00366670064966529,28,116,Shot
33,5.0872344800163,2,0.427008490911102,0.0839372536470411,0.0219055684420922,30,116,Shot
46,5.33019119189831,5,0.95874960629612,0.179871522761394,0.0491839285788838,32,116,Shot
59,5.69444516181933,9,0.911908822358097,0.16014006570339,0.0467809927584595,34,116,Shot
69,7.86329123704318,9,0.780241342147946,0.0992257972682363,0.040026440891851,36,116,Shot
69,11.0486567471122,11,1.4778500196711,0.133758343072553,0.0758138197298572,38,116,Shot
67,12.6107228036274,11,2.59818381194941,0.206029729810734,0.133287029483549,40,116,Shot
66,11.6230491445446,11,2.51376352604719,0.216274016807979,0.128956262320614,42,116,Shot
59,8.10274273605703,11,1.36657348220683,0.168655667188544,0.0701053247951975,44,116,Shot
48,4.24343240406507,10,0.901636739077181,0.21247816701721,0.0462540340957105,46,116,Shot
36,2.67382568575723,8,0.893875996009751,0.33430600983871,0.0458559073791613,48,116,Shot
31,2.04067302326062,5,0.54340566932951,0.266287476305856,0.0278767526517328,50,116,Shot
18,1.72587417900576,4,0.206014561038954,0.119368238742429,0.0105685628341426,52,116,Shot
19,2.29025761886542,3,0.306825536989223,0.133969879397769,0.0157401736578076,54,116,Shot
17,2.9958575088735,3,0.59408697669547,0.198302814782022,0.030476707619539,56,116,Shot
13,2.41373909871149,2,0.48404377551683,0.200536907976187,0.0248314829312378,58,116,Shot
10,1.07949355900601,1,0.147902796706792,0.137011282256264,0.00758742485219571,60,116,Shot
8,0.26778694775894,1,0.0167191585257391,0.0624345535346613,0.000857694118911592,62,116,Shot
5,0.0664163690312338,1,0.000695277160367607,0.0104684608705519,0.000035667771828516,64,116,Shot
2,0.164766715195654,0,0,0,0,66,116,Shot
1,0.303309967902223,0,0,0,0,68,116,Shot
1,0.207421982077768,0,0,0,0,70,116,Shot
1,0.0521829221239115,0,0,0,0,72,116,Shot
1,0.00482955957874527,0,0,0,0,74,116,Shot
1,0.000820989695292896,0,0,0,0,16,118,Shot
2,0.0195312792782034,0,0,0,0,18,118,Shot
6,0.173571312097374,0,0,0,0,20,118,Shot
7,0.585973775736297,0,0,0,0,22,118,Shot
11,0.849524730212396,0,0,0,0,24,118,Shot
14,0.85959212652665,1,0.00203268032437099,0.00236470328385211,0.000104276657055217,26,118,Shot
17,1.475356592221,1,0.0327648167291795,0.0222080661054663,0.00168083761946334,28,118,Shot
21,2.31680039241198,2,0.194653770506379,0.0840183604698585,0.00998575340560736,30,118,Shot
26,2.67327040291015,3,0.437516915753821,0.163663546821727,0.0224446514451482,32,118,Shot
38,3.08834301741469,5,0.486776382062499,0.157617330496529,0.024971665857305,34,118,Shot
47,3.70535289270612,8,0.75660541566914,0.204192539166376,0.038813916044701,36,118,Shot
52,4.55620325676024,8,1.31490250196927,0.288596102471569,0.067454599532923,38,118,Shot
53,4.88350210442251,9,1.47140751330826,0.30130170558865,0.075483318657692,40,118,Shot
50,4.37565895956577,8,1.10135727501526,0.251700894697824,0.0564997129578521,42,118,Shot
42,2.78917336978122,7,0.494067179278928,0.177137493363377,0.0253456843155355,44,118,Shot
31,1.36398681213693,6,0.235104837668189,0.172365917013417,0.0120608962637225,46,118,Shot
26,1.00046925978775,4,0.23562695969982,0.235516441304562,0.0120876811641225,48,118,Shot
19,0.774133864254427,4,0.148399713727441,0.191697741927833,0.00761291673359283,50,118,Shot
12,0.642453766859263,3,0.0472557916458576,0.0735551631627517,0.00242422574777112,52,118,Shot
13,0.99398924434713,3,0.0620405415572308,0.0624157071216401,0.00318268455591278,54,118,Shot
11,1.29782954431424,2,0.129448096812013,0.0997419864412256,0.00664069732750224,56,118,Shot
9,1.01444288701141,1,0.107399473409143,0.105870399195706,0.0055096012502909,58,118,Shot
7,0.427365638570187,1,0.0330015747155872,0.0772209362128379,0.0016929833223846,60,118,Shot
6,0.0845636757422145,1,0.00373054851939514,0.0441152597335932,0.00019137742611111,62,118,Shot
3,0.0113082837637962,0,0,0,0,64,118,Shot
1,0.0212159928921891,0,0,0,0,66,118,Shot
1,0.0394390041229029,0,0,0,0,68,118,Shot
1,0.0269708129374202,0,0,0,0,70,118,Shot
1,0.00678527809364152,0,0,0,0,72,118,Shot
1,0.000627981406134801,0,0,0,0,74,118,Shot
1,0.0043178400076331,0,0,0,0,18,120,Shot
1,0.0366992118363867,0,0,0,0,20,120,Shot
4,0.120075148662388,0,0,0,0,22,120,Shot
8,0.156547039737535,0,0,0,0,24,120,Shot
8,0.143706336735433,1,0.000342787443891251,0.00238533283693907,0.0000175850222491546,26,120,Shot
11,0.270846162013201,1,0.0055253979888039,0.0204005031776474,0.000283453342005653,28,120,Shot
14,0.451958762751909,1,0.0327648167291795,0.0724951465254914,0.00168083761946334,30,120,Shot
15,0.630793944183419,2,0.0819292316220749,0.129882717450838,0.00420297588667627,32,120,Shot
23,0.884555627264256,3,0.180290949647323,0.203820928939115,0.00924893959031703,34,120,Shot
27,1.19192922420174,4,0.553404817057064,0.464293353850512,0.0283897096995919,36,120,Shot
29,1.45074608379698,5,0.897548899628164,0.618680904710111,0.0460443276174163,38,120,Shot
36,1.29529037891469,5,0.643303155398909,0.496647829607075,0.0330015013742161,40,120,Shot
33,1.05067564223288,6,0.274107536383072,0.26088692396118,0.0140617377090582,42,120,Shot
27,0.638061759014217,6,0.0880330400588823,0.137969465831787,0.00451610172917325,44,120,Shot
19,0.258777728389063,5,0.0278544315930454,0.107638442328264,0.00142893448412496,46,120,Shot
13,0.173377618729236,3,0.0239468578210154,0.138119660406763,0.00122847564893156,48,120,Shot
7,0.132398042339889,1,0.0150556792524872,0.11371527090889,0.000772357504188849,50,120,Shot
7,0.11787427206585,2,0.00454087075794852,0.0385230014859542,0.000232947019303288,52,120,Shot
8,0.217071650404035,2,0.00499910222922812,0.0230297333618799,0.000256454329040896,54,120,Shot
6,0.277847181242478,1,0.0105545313439367,0.037986821736823,0.00054144827011636,56,120,Shot
6,0.203961335375169,1,0.00881588562699695,0.0432233178449284,0.00045225561104836,58,120,Shot
5,0.0830404695303961,1,0.00270893421511547,0.032621855710051,0.000138968533688224,60,120,Shot
3,0.0151648268186019,0,0,0,0,62,120,Shot
1,0.00108736276072439,0,0,0,0,64,120,Shot
1,0.00101486467550756,0,0,0,0,66,120,Shot
1,0.00188656040398029,0,0,0,0,68,120,Shot
1,0.00129014585643019,0,0,0,0,70,120,Shot
