x,y,WeightedExpectedGoals,GoalProbability
0,0,0.0985250636565741,0.029
0,2,0.179403873901889,0.035
0,4,0.272077331411945,0.041
0,6,0.324126484296489,0.043
0,8,0.292953915192793,0.04
0,10,0.203447430608318,0.032
0,12,0.115507772201762,0.022
0,14,0.0573946444416392,0.013
0,16,0.024986502795363,0.005
0,18,0.00890817578513161,0.002
0,20,0.00267628836461675,0
0,22,0.00168476997851739,0
0,24,0.00289795012640711,0.001
0,26,0.00567526678155279,0.001
0,28,0.0160474218936782,0.002
0,30,0.0510855885737971,0.003
0,32,0.137806104532252,0.006
0,34,0.274056254083492,0.01
0,36,0.392442634859937,0.012
0,38,0.411666111713395,0.013
0,40,0.339393172038289,0.01
0,42,0.260060795575674,0.008
0,44,0.218307945169142,0.007
0,46,0.184865596326878,0.007
0,48,0.131625356669977,0.007
0,50,0.0719522705911855,0.005
0,52,0.0300943505435204,0.003
0,54,0.00997747925006534,0.001
0,56,0.00282518610878286,0
0,58,0.000705420735756034,0
0,60,0.000180359642773556,0
0,62,0.0000322422722857303,0
0,64,0.000014064022041434,0
0,66,0.00000427695085824761,0
0,68,0,0
0,70,0,0
0,72,0,0
0,74,0.00000113443305720354,0
0,76,0.00000163897085945257,0
0,78,0.00000165083784150514,0
0,80,0.00000115925352141555,0
2,0,0.20835162199391,0.03
2,2,0.318771394267873,0.033
2,4,0.420503429888881,0.036
2,6,0.463853224563377,0.036
2,8,0.412879105172351,0.033
2,10,0.300734745800755,0.027
2,12,0.190456953186834,0.02
2,14,0.108025202072068,0.013
2,16,0.0518193150148236,0.006
2,18,0.0195057409972693,0.002
2,20,0.00640583765572247,0.001
2,22,0.00489913237093698,0
2,24,0.00873658889002048,0.001
2,26,0.0166105811018391,0.001
2,28,0.0374547128683327,0.002
2,30,0.107408876295702,0.003
2,32,0.280942907772332,0.006
2,34,0.557006514763626,0.009
2,36,0.805234635135942,0.012
2,38,0.864256865651446,0.012
2,40,0.743587913332062,0.01
2,42,0.605500402019797,0.008
2,44,0.530811757780641,0.008
2,46,0.453766268264499,0.008
2,48,0.321533207444557,0.007
2,50,0.176958700401908,0.006
2,52,0.0770659594951524,0.003
2,54,0.0285869725407825,0.001
2,56,0.00991522155228161,0.001
2,58,0.00311459460244225,0
2,60,0.000956075211826551,0
2,62,0.000359268791543468,0
2,64,0.000172615052871744,0
2,66,0.00011105378371925,0
2,68,0.000060184395636619,0
2,70,0.00000159234987438835,0
2,72,0.00000473313843588877,0
2,74,0.00000980845809229293,0
2,76,0.0000141707585893679,0
2,78,0.0000142733620840435,0
2,80,0.0000100230591051151,0
4,0,0.365834685675574,0.032
4,2,0.478723966085286,0.032
4,4,0.536296366919965,0.032
4,6,0.527301473357635,0.03
4,8,0.45221741622553,0.026
4,10,0.344939000964316,0.022
4,12,0.242495618037713,0.017
4,14,0.152344596248238,0.012
4,16,0.0778236735496559,0.006
4,18,0.030319403082563,0.002
4,20,0.0108854683020911,0.001
4,22,0.0101120821330142,0.001
4,24,0.0193010194970818,0.001
4,26,0.0347638285448672,0.001
4,28,0.0701192569326401,0.002
4,30,0.180942905729765,0.003
4,32,0.450028933395409,0.005
4,34,0.87411204803657,0.008
4,36,1.26063795247818,0.011
4,38,1.37368420773569,0.011
4,40,1.22692442797411,0.01
4,42,1.05140511266197,0.009
4,44,0.951499082223911,0.009
4,46,0.817627631113511,0.009
4,48,0.581019135811726,0.008
4,50,0.328147423542182,0.006
4,52,0.155046525805283,0.004
4,54,0.0674023542449443,0.002
4,56,0.0283261902376975,0.001
4,58,0.0114514970055444,0.001
4,60,0.00466405952863686,0
4,62,0.00219176639032874,0
4,64,0.00121678156280885,0
4,66,0.000745299422045165,0
4,68,0.000434490136390383,0
4,70,0.000193104322770321,0
4,72,0.0000835509279961891,0
4,74,0.00005912394893567,0
4,76,0.0000854192574749159,0
4,78,0.0000860377363145807,0
4,80,0.0000604175324127313,0
6,0,0.529057963142096,0.033
6,2,0.620142756030153,0.032
6,4,0.601704921559274,0.028
6,6,0.516542474866277,0.024
6,8,0.411140335591062,0.019
6,10,0.316576780338377,0.016
6,12,0.237071264619391,0.013
6,14,0.158037802187041,0.009
6,16,0.0835881751267446,0.004
6,18,0.0334398105227218,0.002
6,20,0.0134126876121274,0.001
6,22,0.0150459631537238,0.001
6,24,0.0300201742110868,0.001
6,26,0.0546394686211495,0.002
6,28,0.107541860496481,0.002
6,30,0.258413894581741,0.003
6,32,0.601799969163126,0.005
6,34,1.11805168556003,0.008
6,36,1.57471458822743,0.01
6,38,1.71379389013069,0.011
6,40,1.56616745627254,0.01
6,42,1.38731672422101,0.009
6,44,1.27609420337045,0.009
6,46,1.09937386463783,0.009
6,48,0.791969523391124,0.008
6,50,0.471369073509884,0.007
6,52,0.251038639825014,0.005
6,54,0.130723916484937,0.004
6,56,0.0672050498545415,0.002
6,58,0.0336277382312165,0.001
6,60,0.0169356744680002,0.001
6,62,0.00931086854592372,0
6,64,0.00594289945115904,0
6,66,0.00396841149496087,0
6,68,0.00221841058643178,0
6,70,0.000991040664126869,0
6,72,0.000407025671985596,0
6,74,0.000309333736938179,0
6,76,0.000358970953906485,0
6,78,0.000361570086064836,0
6,80,0.000253902221630094,0
8,0,0.629688280064592,0.032
8,2,0.695773346136186,0.03
8,4,0.618083057778135,0.025
8,6,0.474458999341448,0.019
8,8,0.339073514169996,0.013
8,10,0.243653845751548,0.01
8,12,0.178948285818122,0.008
8,14,0.120269332797492,0.005
8,16,0.0650970432204652,0.003
8,18,0.0277711843208543,0.001
8,20,0.0134198625638621,0
8,22,0.0173774092605428,0.001
8,24,0.0347006270967165,0.001
8,26,0.0662250754633636,0.002
8,28,0.137441105749512,0.002
8,30,0.322181880642855,0.004
8,32,0.700601347952826,0.006
8,34,1.22006354273511,0.008
8,36,1.64113175655471,0.01
8,38,1.74714761623291,0.01
8,40,1.59728281738203,0.009
8,42,1.42356385037711,0.009
8,44,1.30450755174258,0.009
8,46,1.12396796830082,0.009
8,48,0.832494551385636,0.009
8,50,0.537616959234081,0.007
8,52,0.333118875385358,0.006
8,54,0.212469086581081,0.005
8,56,0.137916826642459,0.004
8,58,0.0878112606614481,0.003
8,60,0.0531345539469258,0.002
8,62,0.0320060943617083,0.001
8,64,0.0213725056172855,0.001
8,66,0.014812060426518,0.001
8,68,0.00885932594238075,0
8,70,0.00418270249762465,0
8,72,0.00185349616254033,0
8,74,0.00118718350549932,0
8,76,0.00117956875240733,0
8,78,0.00105934356948074,0
8,80,0.000743893635361425,0
10,0,0.621360092104037,0.028
10,2,0.672811877409336,0.025
10,4,0.576354840601946,0.02
10,6,0.414775048809177,0.014
10,8,0.266793621754901,0.009
10,10,0.166660038887214,0.005
10,12,0.109382200534219,0.004
10,14,0.0721587568892933,0.002
10,16,0.0438022544272275,0.001
10,18,0.0259597476973387,0.001
10,20,0.0194395200037834,0.001
10,22,0.021993663237026,0.001
10,24,0.034663630256882,0.001
10,26,0.0664292676695749,0.001
10,28,0.149577617875047,0.002
10,30,0.34962172027534,0.004
10,32,0.712282070213933,0.006
10,34,1.1550746706693,0.008
10,36,1.46794583919929,0.009
10,38,1.50743176101428,0.008
10,40,1.34788034896864,0.008
10,42,1.16930985891896,0.008
10,44,1.03958758148259,0.008
10,46,0.891897939413568,0.008
10,48,0.691200447880537,0.007
10,50,0.499785142157987,0.007
10,52,0.373627342467388,0.006
10,54,0.304315856065731,0.006
10,56,0.256425038168973,0.006
10,58,0.200586600068525,0.006
10,60,0.135923784243012,0.004
10,62,0.0846182021752728,0.003
10,64,0.05662358255392,0.002
10,66,0.0400505548316093,0.001
10,68,0.0252330088013575,0.001
10,70,0.0132028330951871,0
10,72,0.00644711045734988,0
10,74,0.00368634830259829,0
10,76,0.00285639553070869,0
10,78,0.00233814873321982,0
10,80,0.00151948357472973,0
12,0,0.516541198872021,0.021
12,2,0.561277028133487,0.019
12,4,0.47487286214555,0.014
12,6,0.328620262665002,0.01
12,8,0.194887993988005,0.006
12,10,0.107394011088272,0.003
12,12,0.0661458722948753,0.002
12,14,0.0535308869736272,0.001
12,16,0.0531659628038174,0.001
12,18,0.055389291128691,0.001
12,20,0.0543617241120106,0.001
12,22,0.0487343975149199,0.001
12,24,0.0460382351294355,0.001
12,26,0.0654763303068022,0.001
12,28,0.144269604675068,0.002
12,30,0.329461648844614,0.003
12,32,0.630494427183266,0.005
12,34,0.956644990861658,0.006
12,36,1.15474204669504,0.007
12,38,1.14541375274438,0.007
12,40,0.988041415479233,0.006
12,42,0.805485987388253,0.006
12,44,0.669292854346563,0.005
12,46,0.566776567029268,0.006
12,48,0.472579633676354,0.005
12,50,0.401956142888431,0.005
12,52,0.381097505237518,0.006
12,54,0.403904623660849,0.007
12,56,0.420815074788254,0.009
12,58,0.371989316692384,0.009
12,60,0.264602686750008,0.007
12,62,0.166025221192553,0.005
12,64,0.111834433165909,0.003
12,66,0.0829861226527309,0.002
12,68,0.0580489450422705,0.002
12,70,0.0358996938305964,0.001
12,72,0.0205152097579653,0.001
12,74,0.0113680266342895,0
12,76,0.00659898296967024,0
12,78,0.00412162592580643,0
12,80,0.002406426988663,0
14,0,0.380103373494499,0.015
14,2,0.422804026386625,0.013
14,4,0.357308193274017,0.01
14,6,0.238751176587258,0.006
14,8,0.133975328526932,0.003
14,10,0.0758147746606978,0.002
14,12,0.0657279227034345,0.002
14,14,0.0888133800157668,0.002
14,16,0.12330089536068,0.003
14,18,0.148572834107481,0.003
14,20,0.150711478005213,0.003
14,22,0.126828185477853,0.002
14,24,0.0923694840344309,0.002
14,26,0.0805478445013239,0.001
14,28,0.132245266244872,0.002
14,30,0.276994374884425,0.003
14,32,0.500734961138565,0.004
14,34,0.724738231832732,0.005
14,36,0.851339300246298,0.005
14,38,0.831578164759596,0.005
14,40,0.691742876060856,0.004
14,42,0.513527692182389,0.004
14,44,0.378862079352303,0.003
14,46,0.313599644889784,0.003
14,48,0.298365113831111,0.004
14,50,0.317156722247838,0.004
14,52,0.378348266339826,0.006
14,54,0.480764982987017,0.008
14,56,0.558063724630677,0.01
14,58,0.519448335388332,0.01
14,60,0.377185316517453,0.008
14,62,0.241053343393677,0.006
14,64,0.171790963811319,0.004
14,66,0.142582768110415,0.004
14,68,0.116844198141883,0.003
14,70,0.0869078252547136,0.003
14,72,0.0569547768809217,0.002
14,74,0.0320993407206449,0.001
14,76,0.0157172774266076,0.001
14,78,0.00718661915265883,0
14,80,0.00321409748213983,0
16,0,0.277248543440698,0.01
16,2,0.3256427660848,0.009
16,4,0.283364689011873,0.007
16,6,0.189361545478432,0.005
16,8,0.10854052496533,0.003
16,10,0.0800121100365229,0.002
16,12,0.109376677313878,0.003
16,14,0.179871553114086,0.004
16,16,0.257531674605518,0.006
16,18,0.308228320637982,0.006
16,20,0.311436446845369,0.006
16,22,0.263026669456447,0.005
16,24,0.185477994864201,0.004
16,26,0.126498135353237,0.002
16,28,0.13222424353393,0.002
16,30,0.223530993270941,0.002
16,32,0.379417764431244,0.003
16,34,0.541745755623741,0.004
16,36,0.644188433981941,0.004
16,38,0.63968211713241,0.004
16,40,0.522787953918412,0.004
16,42,0.355260389529367,0.003
16,44,0.228389819209035,0.002
16,46,0.186694467884632,0.002
16,48,0.211563946042991,0.003
16,50,0.268803354361323,0.004
16,52,0.352830448387152,0.006
16,54,0.468661977263119,0.008
16,56,0.556815496262248,0.01
16,58,0.525692459827604,0.01
16,60,0.39040072290951,0.008
16,62,0.267749024162002,0.006
16,64,0.222291069838177,0.006
16,66,0.219957585133109,0.006
16,68,0.21129002538729,0.006
16,70,0.179570503066676,0.006
16,72,0.129789809653433,0.004
16,74,0.0773253582048082,0.003
16,76,0.037640950442476,0.002
16,78,0.0151427272667917,0.001
16,80,0.00521511778200112,0
18,0,0.22034826196355,0.008
18,2,0.282396962305199,0.008
18,4,0.267180861495116,0.007
18,6,0.194297409950785,0.005
18,8,0.12714593920373,0.003
18,10,0.117365795049492,0.003
18,12,0.179613981558562,0.004
18,14,0.290475218056061,0.007
18,16,0.399958467092588,0.009
18,18,0.464489266922818,0.011
18,20,0.467993839466614,0.01
18,22,0.410475258340444,0.008
18,24,0.310968363990216,0.006
18,26,0.216873754463932,0.004
18,28,0.176668598886871,0.003
18,30,0.211333966595514,0.003
18,32,0.305234569628254,0.003
18,34,0.420243293777506,0.004
18,36,0.509336611309693,0.004
18,38,0.522072129440184,0.004
18,40,0.434388467920965,0.003
18,42,0.292552965682265,0.003
18,44,0.183891139345454,0.002
18,46,0.155666025943558,0.002
18,48,0.188286706029579,0.003
18,50,0.236922533263187,0.004
18,52,0.287932418608262,0.005
18,54,0.353994088221754,0.007
18,56,0.40573410410618,0.008
18,58,0.38418898711343,0.008
18,60,0.303134599811139,0.006
18,62,0.249959886036677,0.006
18,64,0.266982316806081,0.007
18,66,0.313054176027484,0.009
18,68,0.332760063423665,0.01
18,70,0.304431131936425,0.009
18,72,0.2363806544413,0.008
18,74,0.152621695856636,0.005
18,76,0.0802491542352607,0.003
18,78,0.033544269686241,0.002
18,80,0.010896623747696,0.001
20,0,0.182514698401574,0.007
20,2,0.261314809559306,0.008
20,4,0.27984964506402,0.007
20,6,0.235820601697363,0.006
20,8,0.183873401237144,0.004
20,10,0.183644946216095,0.004
20,12,0.254751360472874,0.006
20,14,0.36763616555391,0.008
20,16,0.467077579161293,0.011
20,18,0.520210916720048,0.012
20,20,0.531926079115847,0.012
20,22,0.507926187023929,0.011
20,24,0.446905400952311,0.009
20,26,0.366417899761794,0.007
20,28,0.30618374672052,0.005
20,30,0.293999325814677,0.004
20,32,0.322240417902954,0.004
20,34,0.367764026262204,0.004
20,36,0.411439143654787,0.004
20,38,0.422564391187709,0.004
20,40,0.371909170995709,0.004
20,42,0.280151947385501,0.003
20,44,0.208740825951003,0.003
20,46,0.193531427492069,0.003
20,48,0.213090495828236,0.004
20,50,0.224974898455285,0.005
20,52,0.218435620407924,0.005
20,54,0.217332191374059,0.004
20,56,0.224927128427655,0.005
20,58,0.217637180528123,0.004
20,60,0.204374788036324,0.004
20,62,0.23257181734947,0.005
20,64,0.315757096688501,0.008
20,66,0.406378823134094,0.011
20,68,0.448993719746977,0.012
20,70,0.425993858374531,0.011
20,72,0.350960934312364,0.01
20,74,0.24712203680637,0.008
20,76,0.142697367937651,0.005
20,78,0.064346563077446,0.003
20,80,0.0217698280755022,0.001
22,0,0.147412667484773,0.006
22,2,0.238635820861658,0.007
22,4,0.29340225790634,0.007
22,6,0.294177881445864,0.007
22,8,0.280808722110709,0.006
22,10,0.302344300563659,0.006
22,12,0.361250183895158,0.007
22,14,0.42614400036254,0.008
22,16,0.467871293489836,0.01
22,18,0.489337215160751,0.011
22,20,0.51969179003034,0.011
22,22,0.564802574448686,0.011
22,24,0.590591325087792,0.01
22,26,0.57048184746956,0.009
22,28,0.526964838170708,0.008
22,30,0.492281935359021,0.008
22,32,0.457751907214266,0.007
22,34,0.410006135552552,0.006
22,36,0.368998073161771,0.005
22,38,0.349851476324278,0.004
22,40,0.334029097434831,0.004
22,42,0.310726682293183,0.004
22,44,0.295870924922386,0.005
22,46,0.297926913116583,0.006
22,48,0.29515531853979,0.006
22,50,0.25872251277371,0.005
22,52,0.194904526455754,0.004
22,54,0.142816102827312,0.003
22,56,0.126438709356251,0.002
22,58,0.137021745392365,0.002
22,60,0.172718684129591,0.003
22,62,0.251902938581182,0.005
22,64,0.372118809107686,0.008
22,66,0.484817596349033,0.011
22,68,0.535644793576613,0.012
22,70,0.514243980238432,0.012
22,72,0.44166742688087,0.01
22,74,0.333166066211037,0.008
22,76,0.207115145238013,0.006
22,78,0.0993999498784811,0.004
22,80,0.035295735621671,0.002
24,0,0.122792861442252,0.005
24,2,0.222129659820587,0.006
24,4,0.311589802539855,0.007
24,6,0.373308518932073,0.007
24,8,0.438074291156231,0.008
24,10,0.521204142656545,0.009
24,12,0.579379894769914,0.009
24,14,0.578068859422353,0.01
24,16,0.54215676117345,0.01
24,18,0.525245914901082,0.01
24,20,0.567188875183322,0.01
24,22,0.657689983706518,0.01
24,24,0.739225176323073,0.01
24,26,0.765345312193556,0.01
24,28,0.748344173714698,0.01
24,30,0.713996165896431,0.01
24,32,0.638068950286606,0.009
24,34,0.508119617721637,0.008
24,36,0.38208974122426,0.006
24,38,0.324478669178582,0.005
24,40,0.336835914909369,0.005
24,42,0.38345855554647,0.006
24,44,0.430540573509306,0.007
24,46,0.449981952277055,0.008
24,48,0.419990972906712,0.007
24,50,0.334212281802542,0.006
24,52,0.22337936350941,0.004
24,54,0.144044551560168,0.002
24,56,0.128404036221451,0.002
24,58,0.161299162285006,0.002
24,60,0.219422930037952,0.003
24,62,0.306374061232062,0.005
24,64,0.425207081737057,0.007
24,66,0.536736483794544,0.01
24,68,0.585709527769843,0.011
24,70,0.562577116600904,0.011
24,72,0.492911783935004,0.009
24,74,0.386699192306044,0.007
24,76,0.25206578315461,0.005
24,78,0.127376128704468,0.003
24,80,0.0482337722701622,0.002
26,0,0.137349237155649,0.004
26,2,0.261942406028354,0.006
26,4,0.392812409027818,0.008
26,6,0.517707620641794,0.009
26,8,0.66910626283335,0.01
26,10,0.835169709034125,0.012
26,12,0.925251772476005,0.012
26,14,0.892471703955064,0.012
26,16,0.804729147436613,0.011
26,18,0.757668274870847,0.011
26,20,0.782358323705869,0.011
26,22,0.839999588787358,0.01
26,24,0.875128663182195,0.01
26,26,0.867601594106976,0.01
26,28,0.840796497592477,0.01
26,30,0.80243424197766,0.01
26,32,0.710231154201127,0.01
26,34,0.549371958567192,0.008
26,36,0.393160320051178,0.006
26,38,0.327711484236587,0.005
26,40,0.36963468617165,0.005
26,42,0.471007139459874,0.007
26,44,0.561086243449776,0.008
26,46,0.584867849036584,0.009
26,48,0.52723998913616,0.008
26,50,0.405203887832246,0.006
26,52,0.267904556712741,0.003
26,54,0.183771447106136,0.002
26,56,0.186551759824659,0.002
26,58,0.2427211335636,0.003
26,60,0.30151002335182,0.004
26,62,0.361075098475226,0.005
26,64,0.447411180999976,0.007
26,66,0.543220884549636,0.009
26,68,0.594373628905272,0.01
26,70,0.580460566475136,0.009
26,72,0.519581354317468,0.008
26,74,0.418381022858944,0.006
26,76,0.283320661793254,0.005
26,78,0.152324582684428,0.003
26,80,0.0635053930053625,0.002
28,0,0.223060649636457,0.006
28,2,0.420543276487208,0.008
28,4,0.61773756048566,0.01
28,6,0.779685990616571,0.011
28,8,0.949602160985897,0.012
28,10,1.1425321224469,0.014
28,12,1.26780007302416,0.015
28,14,1.25474502153224,0.015
28,16,1.16595129735249,0.014
28,18,1.10912293106557,0.013
28,20,1.10366449983661,0.012
28,22,1.08232154754747,0.011
28,24,1.00336790903666,0.01
28,26,0.896403961152493,0.009
28,28,0.808321199204984,0.009
28,30,0.735944450058857,0.009
28,32,0.632135774598558,0.008
28,34,0.486838888969511,0.006
28,36,0.364570123210708,0.005
28,38,0.334297091055832,0.005
28,40,0.407936091390891,0.006
28,42,0.532183190852557,0.007
28,44,0.622982817094338,0.008
28,46,0.626265904797488,0.008
28,48,0.547277185305904,0.007
28,50,0.418253000060447,0.005
28,52,0.286980246178785,0.003
28,54,0.217756634315302,0.002
28,56,0.239848763304496,0.003
28,58,0.307641587052018,0.003
28,60,0.353162950233625,0.004
28,62,0.37443583111603,0.005
28,64,0.42128090874274,0.006
28,66,0.501843693691468,0.008
28,68,0.568304031583742,0.009
28,70,0.585381072388663,0.008
28,72,0.549587721366847,0.007
28,74,0.460528167959858,0.006
28,76,0.329162824050426,0.005
28,78,0.19347715938025,0.004
28,80,0.0913872038512131,0.002
30,0,0.369007207299368,0.009
30,2,0.682618443249361,0.012
30,4,0.972237540563965,0.014
30,6,1.14080987178765,0.014
30,8,1.23421249702051,0.014
30,10,1.3445655751313,0.015
30,12,1.44816145218267,0.016
30,14,1.45873790457403,0.016
30,16,1.39244657125885,0.015
30,18,1.34910765317712,0.014
30,20,1.34798491520289,0.013
30,22,1.30498080167905,0.012
30,24,1.16987988733321,0.011
30,26,0.986824860986051,0.01
30,28,0.819150663931733,0.009
30,30,0.678268875294124,0.008
30,32,0.53852764349405,0.006
30,34,0.407245797710518,0.005
30,36,0.333641682111257,0.004
30,38,0.350477279747394,0.004
30,40,0.442824871274548,0.005
30,42,0.548134239007715,0.006
30,44,0.592830587553202,0.007
30,46,0.553940057118736,0.006
30,48,0.466476872494412,0.005
30,50,0.366308630368584,0.004
30,52,0.277005552149636,0.003
30,54,0.233715483098435,0.002
30,56,0.257457445327798,0.002
30,58,0.312253062188467,0.003
30,60,0.339489819968143,0.004
30,62,0.338298900014139,0.004
30,64,0.362757208440046,0.005
30,66,0.43555188010759,0.006
30,68,0.520978166801243,0.007
30,70,0.575488069467864,0.008
30,72,0.575660930774812,0.007
30,74,0.513712673289458,0.006
30,76,0.399401300438003,0.005
30,78,0.261826386931265,0.004
30,80,0.138694486397275,0.003
32,0,0.510678533693751,0.011
32,2,0.927230610905426,0.015
32,4,1.31061514528884,0.017
32,6,1.49298644720536,0.017
32,8,1.48483155042817,0.016
32,10,1.43910781298363,0.016
32,12,1.43356313108417,0.015
32,14,1.4158121421041,0.015
32,16,1.36845077453294,0.014
32,18,1.37002344295475,0.013
32,20,1.44194847908105,0.013
32,22,1.48879320026735,0.013
32,24,1.41699741238712,0.012
32,26,1.22705355820537,0.012
32,28,0.987588239861103,0.01
32,30,0.759663610970314,0.008
32,32,0.563324765198374,0.006
32,34,0.422056762636698,0.005
32,36,0.373109589549115,0.004
32,38,0.416627824833787,0.005
32,40,0.500605747795755,0.006
32,42,0.547946341380796,0.006
32,44,0.513876587459498,0.005
32,46,0.426633978884143,0.004
32,48,0.349129808747607,0.004
32,50,0.308667145676621,0.003
32,52,0.288030565609995,0.003
32,54,0.273752182433236,0.003
32,56,0.275624129821137,0.003
32,58,0.292451481227476,0.003
32,60,0.299286826256083,0.003
32,62,0.293158591194107,0.003
32,64,0.309616168782356,0.004
32,66,0.371331359077415,0.005
32,68,0.45886152522817,0.006
32,70,0.533445987234822,0.006
32,72,0.566952919314664,0.007
32,74,0.547868631786526,0.006
32,76,0.470499973436379,0.006
32,78,0.340509619793975,0.005
32,80,0.19482228042155,0.005
34,0,0.601460428597094,0.012
34,2,1.0568887939192,0.015
34,4,1.50236399152325,0.018
34,6,1.7294886637609,0.019
34,8,1.670246145972,0.018
34,10,1.47155256008741,0.016
34,12,1.31134430023805,0.014
34,14,1.23144500088968,0.013
34,16,1.22262489739847,0.012
34,18,1.31529244355364,0.012
34,20,1.5000232124107,0.012
34,22,1.67192721468549,0.013
34,24,1.6975322690605,0.014
34,26,1.52143902058079,0.014
34,28,1.22562063441947,0.012
34,30,0.939281124037253,0.01
34,32,0.722676604548259,0.008
34,34,0.587700502411658,0.006
34,36,0.547309622578232,0.006
34,38,0.584122416009009,0.006
34,40,0.624267199997467,0.006
34,42,0.585388838420935,0.006
34,44,0.460829147315664,0.004
34,46,0.330430599128117,0.003
34,48,0.277060323878884,0.003
34,50,0.312022414957995,0.003
34,52,0.371655463543067,0.003
34,54,0.386052359891713,0.003
34,56,0.352825865848474,0.003
34,58,0.317124942234585,0.003
34,60,0.299157812666426,0.003
34,62,0.290956659846387,0.003
34,64,0.29690807602774,0.003
34,66,0.333226487901563,0.004
34,68,0.399575720646691,0.005
34,70,0.472637654644833,0.005
34,72,0.5265788848875,0.006
34,74,0.544980562533363,0.006
34,76,0.50361447215133,0.006
34,78,0.385902787381963,0.006
34,80,0.228839631074705,0.005
36,0,0.653267105810572,0.012
36,2,1.0876517606905,0.014
36,4,1.54147989077125,0.017
36,6,1.80925087226155,0.018
36,8,1.75109497322452,0.017
36,10,1.46924685015085,0.015
36,12,1.20688746526192,0.013
36,14,1.11034857694268,0.011
36,16,1.18646751915275,0.011
36,18,1.3856356415908,0.012
36,20,1.63302347796131,0.013
36,22,1.82950220300583,0.014
36,24,1.86098617720614,0.015
36,26,1.67360160179104,0.015
36,28,1.36802178729044,0.013
36,30,1.11323192964075,0.011
36,32,0.973842973872917,0.01
36,34,0.911758016874367,0.009
36,36,0.88466434857555,0.009
36,38,0.868855270147093,0.008
36,40,0.817994463757884,0.008
36,42,0.679039845491585,0.006
36,44,0.476588061886337,0.004
36,46,0.316514004566913,0.003
36,48,0.286510291146968,0.003
36,50,0.383045464750055,0.004
36,52,0.509822547287417,0.005
36,54,0.550831712144945,0.005
36,56,0.487236454642337,0.004
36,58,0.400524704575184,0.003
36,60,0.354313356548715,0.003
36,62,0.339872754160101,0.003
36,64,0.329606072225592,0.003
36,66,0.329693252710688,0.004
36,68,0.362384136155419,0.004
36,70,0.422240178111461,0.004
36,72,0.480188301186487,0.005
36,74,0.507397885779446,0.005
36,76,0.473717190523364,0.005
36,78,0.363695462189632,0.005
36,80,0.21539486651845,0.004
38,0,0.69628335127164,0.012
38,2,1.09246768732687,0.013
38,4,1.50495543176209,0.015
38,6,1.75991978938591,0.016
38,8,1.7152332389908,0.016
38,10,1.45128144374949,0.014
38,12,1.21980424574119,0.012
38,14,1.19737453620629,0.012
38,16,1.37616381650632,0.012
38,18,1.63130221705405,0.013
38,20,1.82946154803501,0.014
38,22,1.90588430043554,0.014
38,24,1.83792683155863,0.014
38,26,1.62943363516449,0.014
38,28,1.3799820502133,0.012
38,30,1.23947282871771,0.011
38,32,1.25074980577818,0.011
38,34,1.31461085202502,0.012
38,36,1.31001404937955,0.012
38,38,1.20709116811817,0.011
38,40,1.0324818332183,0.009
38,42,0.801752984358603,0.007
38,44,0.559459175166941,0.005
38,46,0.396336368294257,0.003
38,48,0.378910793086746,0.003
38,50,0.494962832065992,0.004
38,52,0.645168629066867,0.005
38,54,0.700289740226922,0.006
38,56,0.621939010440893,0.005
38,58,0.499565654963315,0.004
38,60,0.426655156925184,0.004
38,62,0.401564299842458,0.004
38,64,0.374425223877903,0.004
38,66,0.34070667834903,0.004
38,68,0.340732494139365,0.004
38,70,0.386401356961533,0.004
38,72,0.438677453299988,0.004
38,74,0.451329826068448,0.004
38,76,0.400987291734225,0.004
38,78,0.293571748241934,0.004
38,80,0.16912478291284,0.003
40,0,0.764022283159476,0.012
40,2,1.16340378204981,0.013
40,4,1.52762546079715,0.014
40,6,1.7157410109082,0.015
40,8,1.6599829469471,0.014
40,10,1.4729749793482,0.013
40,12,1.36480313591401,0.013
40,14,1.45149108855797,0.013
40,16,1.68483229466977,0.014
40,18,1.91167173742153,0.015
40,20,1.99400751959376,0.015
40,22,1.91551509195125,0.014
40,24,1.74585025945956,0.013
40,26,1.53870468244378,0.012
40,28,1.36033150540303,0.012
40,30,1.31530807942949,0.011
40,32,1.43975238773406,0.012
40,34,1.60441912295192,0.014
40,36,1.62577387236296,0.014
40,38,1.45917754322068,0.012
40,40,1.19378043580281,0.01
40,42,0.917435314877298,0.008
40,44,0.690868049877643,0.006
40,46,0.568052453163034,0.005
40,48,0.569079885928279,0.005
40,50,0.66646151935803,0.005
40,52,0.787146933935121,0.006
40,54,0.826767248203782,0.006
40,56,0.736755177025631,0.005
40,58,0.587873060764805,0.004
40,60,0.484043617591117,0.004
40,62,0.438218830512921,0.004
40,64,0.396117574164052,0.004
40,66,0.345433360668711,0.003
40,68,0.333025793250775,0.003
40,70,0.374614295121237,0.004
40,72,0.417967687322454,0.004
40,74,0.407041103528262,0.004
40,76,0.334199854374441,0.003
40,78,0.229856235888186,0.003
40,80,0.131299874749025,0.002
42,0,0.897178190541144,0.013
42,2,1.38553378878119,0.014
42,4,1.75980837562079,0.015
42,6,1.87235483789136,0.015
42,8,1.75262949313403,0.014
42,10,1.58957981603118,0.014
42,12,1.5558120160915,0.014
42,14,1.67758999857308,0.015
42,16,1.86923902780913,0.015
42,18,2.00861031308315,0.015
42,20,2.00810011466979,0.014
42,22,1.88345620680969,0.013
42,24,1.71419068425909,0.012
42,26,1.53869768514473,0.012
42,28,1.38069965627385,0.011
42,30,1.32664348672226,0.011
42,32,1.4396785791805,0.012
42,34,1.61387292387811,0.014
42,36,1.65306349780005,0.014
42,38,1.49560451995874,0.013
42,40,1.23546819635384,0.011
42,42,0.988822139785589,0.009
42,44,0.83495285224213,0.007
42,46,0.804150685860035,0.007
42,48,0.860769098895774,0.007
42,50,0.948267918691379,0.007
42,52,1.02003598966716,0.007
42,54,1.01474310690562,0.007
42,56,0.891617615388862,0.006
42,58,0.705508386482901,0.005
42,60,0.557722465768141,0.004
42,62,0.474258091378508,0.004
42,64,0.414301270000858,0.004
42,66,0.3742404761919,0.004
42,68,0.387075702424119,0.004
42,70,0.439542190256012,0.004
42,72,0.459794205799695,0.004
42,74,0.405905048860436,0.004
42,76,0.303765912424453,0.003
42,78,0.202305989538705,0.002
42,80,0.124516334810834,0.002
44,0,1.06558000016226,0.014
44,2,1.6940537117129,0.016
44,4,2.1409487085451,0.017
44,6,2.20680915401578,0.016
44,8,1.98175960294457,0.015
44,10,1.74036594411674,0.014
44,12,1.66507558372939,0.014
44,14,1.72696246763396,0.014
44,16,1.80960218583846,0.014
44,18,1.84896610804492,0.013
44,20,1.84125396603836,0.012
44,22,1.80956322237405,0.012
44,24,1.75756443675367,0.012
44,26,1.63952978969978,0.012
44,28,1.44446803680935,0.011
44,30,1.28241376691973,0.01
44,32,1.27335922507329,0.011
44,34,1.36767962248431,0.012
44,36,1.40349891324885,0.013
44,38,1.31114030955715,0.013
44,40,1.14311277640009,0.011
44,42,0.991894873100367,0.01
44,44,0.947508077502462,0.009
44,46,1.0374636016104,0.009
44,48,1.19063550139039,0.01
44,50,1.31832825414295,0.01
44,52,1.37683741168721,0.01
44,54,1.33279991028253,0.009
44,56,1.16545468555618,0.008
44,58,0.934806546665076,0.007
44,60,0.73622766567018,0.006
44,62,0.599566691246932,0.005
44,64,0.515892094846104,0.004
44,66,0.507661083935485,0.005
44,68,0.581704138382336,0.005
44,70,0.653150043329579,0.006
44,72,0.616688720103778,0.005
44,74,0.473268274987116,0.004
44,76,0.313276652240277,0.003
44,78,0.202864145782065,0.002
44,80,0.137349434896406,0.002
46,0,1.14925524673341,0.015
46,2,1.84552827652031,0.017
46,4,2.33870284958017,0.017
46,6,2.38792327698949,0.017
46,8,2.08717755703146,0.015
46,10,1.76062033183006,0.013
46,12,1.62423256589017,0.013
46,14,1.62473393857097,0.012
46,16,1.61690569324264,0.012
46,18,1.58473640216526,0.011
46,20,1.61605771249625,0.011
46,22,1.74186802375668,0.011
46,24,1.86172031592354,0.012
46,26,1.81717211397551,0.013
46,28,1.56564122051796,0.011
46,30,1.26104118533153,0.01
46,32,1.08808753603021,0.01
46,34,1.05887379485155,0.011
46,36,1.06617827661771,0.012
46,38,1.04457008569949,0.012
46,40,0.995464916098316,0.012
46,42,0.961945907489268,0.011
46,44,1.02400395828953,0.011
46,46,1.21390291596118,0.012
46,48,1.45820002222947,0.012
46,50,1.65949327666074,0.012
46,52,1.76340751332225,0.012
46,54,1.72928629476176,0.011
46,56,1.5452919566152,0.01
46,58,1.28991203486854,0.009
46,60,1.05775766092237,0.008
46,62,0.877105583752062,0.007
46,64,0.77549427397775,0.006
46,66,0.817521275354832,0.007
46,68,0.972917760427718,0.008
46,70,1.05732229928487,0.009
46,72,0.922650087518991,0.007
46,74,0.633737202961429,0.005
46,76,0.369691815969166,0.003
46,78,0.218677129272368,0.002
46,80,0.147571972512748,0.002
48,0,1.08363816001294,0.013
48,2,1.71171793779697,0.014
48,4,2.16274484839517,0.015
48,6,2.20647055823511,0.014
48,8,1.91074958792415,0.013
48,10,1.58514554980617,0.011
48,12,1.45339229625628,0.011
48,14,1.45660654109169,0.011
48,16,1.43405920941104,0.01
48,18,1.39801699375303,0.009
48,20,1.49839285481956,0.01
48,22,1.77286686748841,0.011
48,24,2.04299658711883,0.013
48,26,2.0660517775284,0.014
48,28,1.77667407295726,0.013
48,30,1.36156950621764,0.011
48,32,1.05232478071478,0.01
48,34,0.907543581114559,0.01
48,36,0.867667412785447,0.011
48,38,0.885934102428659,0.013
48,40,0.930937861144465,0.013
48,42,0.997504109513563,0.013
48,44,1.13074294359642,0.014
48,46,1.35619540454821,0.014
48,48,1.62483221740409,0.015
48,50,1.86922465257575,0.014
48,52,2.03568497064006,0.014
48,54,2.05107909618789,0.013
48,56,1.88991169261913,0.011
48,58,1.64823203951996,0.01
48,60,1.4316231808143,0.009
48,62,1.26209912790978,0.009
48,64,1.19124581686387,0.009
48,66,1.3130453538706,0.01
48,68,1.55703949435656,0.012
48,70,1.64299593648368,0.013
48,72,1.38188241213187,0.01
48,74,0.907244428942573,0.006
48,76,0.491124812424011,0.004
48,78,0.256723905699068,0.003
48,80,0.153145989771109,0.002
50,0,0.94594944943161,0.011
50,2,1.47170985755242,0.012
50,4,1.8635253994529,0.012
50,6,1.91762081591499,0.012
50,8,1.6644223283134,0.01
50,10,1.36693666471641,0.009
50,12,1.24145486599172,0.009
50,14,1.26088456969248,0.009
50,16,1.29286855904285,0.009
50,18,1.351130035741,0.009
50,20,1.56896465089962,0.01
50,22,1.95144598007236,0.012
50,24,2.29441921128934,0.015
50,26,2.35047557176851,0.016
50,28,2.06043967485092,0.015
50,30,1.61155637814328,0.014
50,32,1.23853324239382,0.013
50,34,1.02079109153398,0.012
50,36,0.934988899282398,0.012
50,38,0.959947811428881,0.014
50,40,1.06151373999391,0.015
50,42,1.20311633780921,0.016
50,44,1.37598106619927,0.017
50,46,1.56623845119134,0.017
50,48,1.75437002358364,0.017
50,50,1.94471417281599,0.015
50,52,2.11999205422939,0.014
50,54,2.1809605894086,0.013
50,56,2.06886153337893,0.012
50,58,1.88700861989389,0.011
50,60,1.75371187032534,0.01
50,62,1.67919419446487,0.011
50,64,1.70630350370299,0.012
50,66,1.93024136932235,0.015
50,68,2.24916527014558,0.017
50,70,2.32004035074098,0.017
50,72,1.92860295938875,0.013
50,74,1.26020423362739,0.008
50,76,0.670508247304146,0.005
50,78,0.32799091584794,0.003
50,80,0.174645159561546,0.002
52,0,0.830887251902273,0.009
52,2,1.34399076823922,0.01
52,4,1.76799317127228,0.011
52,6,1.87546115776059,0.011
52,8,1.64911126541493,0.01
52,10,1.31790659639562,0.009
52,12,1.11914403722587,0.008
52,14,1.10746643040075,0.008
52,16,1.21578143905809,0.009
52,18,1.42385128036876,0.01
52,20,1.76618547461929,0.011
52,22,2.18290248684737,0.014
52,24,2.49526549706666,0.016
52,26,2.53618637022209,0.018
52,28,2.27960373696923,0.018
52,30,1.87602183629583,0.016
52,32,1.52175266548892,0.015
52,34,1.29939860391768,0.014
52,36,1.20950598175764,0.014
52,38,1.24498304651137,0.014
52,40,1.38824596881443,0.016
52,42,1.60116668832513,0.019
52,44,1.80792989681152,0.02
52,46,1.91874189572996,0.02
52,48,1.92984628228972,0.018
52,50,1.95302611229161,0.016
52,52,2.05901811594438,0.014
52,54,2.15251933424971,0.012
52,56,2.12893899260258,0.011
52,58,2.06156002488654,0.011
52,60,2.05544175296194,0.012
52,62,2.10109616547015,0.013
52,64,2.22235820210617,0.015
52,66,2.50405664642378,0.018
52,68,2.83318124780099,0.021
52,70,2.85368646767689,0.02
52,72,2.34979392854753,0.015
52,74,1.53655446017773,0.01
52,76,0.820656254770045,0.006
52,78,0.40112075074258,0.004
52,80,0.212700434607733,0.003
54,0,0.72965641203493,0.008
54,2,1.29032895497971,0.01
54,4,1.8105171972459,0.012
54,6,2.00962093730178,0.013
54,8,1.81746191889292,0.012
54,10,1.43937745970257,0.01
54,12,1.14248978358678,0.009
54,14,1.0690412877136,0.008
54,16,1.21524699943433,0.009
54,18,1.5127041472404,0.011
54,20,1.88590116704518,0.013
54,22,2.22897472965214,0.015
54,24,2.42605724606551,0.017
54,26,2.41761453904719,0.018
54,28,2.21540089756351,0.018
54,30,1.91356218508433,0.017
54,32,1.65020236491143,0.016
54,34,1.50516627153947,0.014
54,36,1.48865202367287,0.014
54,38,1.58192240283898,0.015
54,40,1.77749537837158,0.017
54,42,2.05047371136354,0.019
54,44,2.27536439872775,0.022
54,46,2.28539350999052,0.022
54,48,2.09039193683116,0.02
54,50,1.91234383172568,0.016
54,52,1.93245662121168,0.014
54,54,2.08239910599629,0.013
54,56,2.19770761064531,0.012
54,58,2.26757799754476,0.013
54,60,2.34944736581239,0.014
54,62,2.42903623989922,0.016
54,64,2.54399764066063,0.018
54,66,2.78622591219072,0.021
54,68,3.03842625097829,0.023
54,70,2.9631262455517,0.021
54,72,2.38458776478853,0.016
54,74,1.53667784854447,0.01
54,76,0.817240263771693,0.006
54,78,0.408148395793604,0.004
54,80,0.228776213470998,0.003
56,0,0.586234319975788,0.007
56,2,1.12858958828414,0.01
56,4,1.67797766418834,0.013
56,6,1.94980740424254,0.014
56,8,1.84270614356489,0.014
56,10,1.5135068321243,0.013
56,12,1.20349310592552,0.011
56,14,1.0868187600659,0.01
56,16,1.2053328973997,0.011
56,18,1.47335703233405,0.012
56,20,1.76504410765822,0.014
56,22,1.97010687895453,0.015
56,24,2.03131545357327,0.016
56,26,1.96440743339105,0.017
56,28,1.81403673545035,0.017
56,30,1.63261886406275,0.016
56,32,1.50278681988756,0.015
56,34,1.49314586625553,0.014
56,36,1.6082637057507,0.014
56,38,1.80019839541694,0.015
56,40,2.04318382748894,0.016
56,42,2.31982152702225,0.019
56,44,2.49814269142136,0.022
56,46,2.39978764499432,0.023
56,48,2.06346065084981,0.021
56,50,1.77286640780284,0.017
56,52,1.7714331326298,0.015
56,54,2.00527907140401,0.014
56,56,2.24792195410108,0.015
56,58,2.39093288381558,0.016
56,60,2.4474139945235,0.017
56,62,2.44276337432582,0.018
56,64,2.47125473583778,0.02
56,66,2.63118504001745,0.022
56,68,2.78138392484106,0.023
56,70,2.60967342378177,0.021
56,72,2.01478756853176,0.016
56,74,1.25087060130055,0.01
56,76,0.649906146552904,0.005
56,78,0.328751649681066,0.003
56,80,0.193808084220133,0.003
58,0,0.411603270787704,0.006
58,2,0.833718588919168,0.009
58,4,1.29276307057625,0.012
58,6,1.57353343043337,0.014
58,8,1.58217763374634,0.016
58,10,1.4010155411035,0.015
58,12,1.18137804752451,0.014
58,14,1.07188253878813,0.012
58,16,1.14630816471938,0.013
58,18,1.35350873438722,0.014
58,20,1.56797074699999,0.015
58,22,1.67588389386598,0.016
58,24,1.6329324588514,0.016
58,26,1.49188788559486,0.016
58,28,1.33995818884846,0.015
58,30,1.23682832382252,0.015
58,32,1.22798392143728,0.014
58,34,1.34794724765994,0.013
58,36,1.58200944202029,0.014
58,38,1.85729128898564,0.015
58,40,2.12002202901538,0.016
58,42,2.34225425532303,0.018
58,44,2.42183193546346,0.021
58,46,2.2428545296421,0.022
58,48,1.87749169112568,0.021
58,50,1.60002259602371,0.018
58,52,1.63601097733915,0.017
58,54,1.91826316608424,0.017
58,56,2.18265329197749,0.018
58,58,2.27400335108564,0.019
58,60,2.21444651809384,0.019
58,62,2.09693578272911,0.019
58,64,2.06332474185984,0.02
58,66,2.18655302852471,0.022
58,68,2.28542397261269,0.022
58,70,2.07531479525358,0.02
58,72,1.53291947478708,0.014
58,74,0.915269797420715,0.008
58,76,0.4683032140941,0.005
58,78,0.239177349552916,0.003
58,80,0.139942651069365,0.003
60,0,0.289614635838276,0.005
60,2,0.5711022363575,0.007
60,4,0.896613496110766,0.009
60,6,1.14329551969171,0.012
60,8,1.24416330252433,0.014
60,10,1.21533728795243,0.015
60,12,1.12123040386071,0.015
60,14,1.07440308122064,0.014
60,16,1.17685318230366,0.014
60,18,1.41872699152098,0.016
60,20,1.67269196473142,0.017
60,22,1.77747409775742,0.018
60,24,1.6587735096204,0.017
60,26,1.39805743147202,0.016
60,28,1.15735303118507,0.014
60,30,1.04696820997949,0.014
60,32,1.09233120164441,0.013
60,34,1.27297753077916,0.014
60,36,1.54254209529913,0.014
60,38,1.83211774710318,0.015
60,40,2.0894728872281,0.016
60,42,2.27398801891139,0.017
60,44,2.30871236619418,0.02
60,46,2.13201278102232,0.022
60,48,1.8271793729615,0.021
60,50,1.62572974715904,0.02
60,52,1.70540879335422,0.02
60,54,1.969354055004,0.021
60,56,2.14402610991134,0.021
60,58,2.09748010574755,0.02
60,60,1.91168760774788,0.019
60,62,1.72889310523445,0.018
60,64,1.683974124499,0.018
60,66,1.80700486068611,0.019
60,68,1.89894372946436,0.019
60,70,1.71720294430857,0.017
60,72,1.28011770476516,0.012
60,74,0.812760842149711,0.008
60,76,0.475421866468628,0.005
60,78,0.272314117064725,0.004
60,80,0.150467755120549,0.003
62,0,0.289936166724254,0.004
62,2,0.493289708755877,0.005
62,4,0.729802067734953,0.007
62,6,0.943236359194551,0.009
62,8,1.08763717061156,0.011
62,10,1.14338357816815,0.013
62,12,1.13743410034454,0.014
62,14,1.17792524314565,0.014
62,16,1.3871698983924,0.015
62,18,1.76886156108822,0.018
62,20,2.15829228761827,0.02
62,22,2.32167414488922,0.021
62,24,2.14821264938977,0.02
62,26,1.75834175685111,0.017
62,28,1.39618316054646,0.016
62,30,1.22536732722969,0.015
62,32,1.25215185149394,0.015
62,34,1.39440579737345,0.015
62,36,1.58124676720553,0.015
62,38,1.78556925083761,0.015
62,40,2.0042197511178,0.015
62,42,2.20748292701196,0.017
62,44,2.30538147072093,0.02
62,46,2.22515145333295,0.022
62,48,2.02929804040385,0.022
62,50,1.92855017364934,0.021
62,52,2.0743254734886,0.022
62,54,2.33125739592548,0.022
62,56,2.41275850595867,0.022
62,58,2.23673635433691,0.02
62,60,1.9523864649277,0.018
62,62,1.72115360041449,0.016
62,64,1.64664764089684,0.015
62,66,1.73472749491855,0.016
62,68,1.81576126354449,0.016
62,70,1.69899770524221,0.014
62,72,1.40709690086095,0.011
62,74,1.091364349957,0.009
62,76,0.816485630884447,0.007
62,78,0.555642268092727,0.006
62,80,0.314750262719994,0.006
64,0,0.415877749332728,0.005
64,2,0.631173674044115,0.006
64,4,0.855279387697952,0.006
64,6,1.05262751292063,0.008
64,8,1.18603500599077,0.01
64,10,1.23067813214123,0.012
64,12,1.22934866031397,0.012
64,14,1.31532311011581,0.013
64,16,1.62046141084801,0.015
64,18,2.1317993171164,0.018
64,20,2.64139126806933,0.021
64,22,2.8720754348694,0.021
64,24,2.70303726569567,0.02
64,26,2.27925224584759,0.018
64,28,1.87310865123817,0.017
64,30,1.66176980679463,0.017
64,32,1.62782186528301,0.018
64,34,1.65264426808913,0.017
64,36,1.66777733994674,0.016
64,38,1.70523740228717,0.015
64,40,1.82843124543618,0.015
64,42,2.03678555942266,0.017
64,44,2.22140706062345,0.02
64,46,2.26302710721384,0.021
64,48,2.19837966955387,0.021
64,50,2.23907908841174,0.021
64,52,2.52553434072547,0.022
64,54,2.88078417939897,0.022
64,56,2.98582502639195,0.022
64,58,2.76682625352394,0.02
64,60,2.40656468876019,0.018
64,62,2.08944758397889,0.016
64,64,1.9195149221576,0.015
64,66,1.91431060292458,0.014
64,68,1.95717633281264,0.014
64,70,1.91800227103286,0.013
64,72,1.81124475400247,0.011
64,74,1.69133158809849,0.01
64,76,1.49005325041001,0.01
64,78,1.12346397224293,0.01
64,80,0.669525662699664,0.009
66,0,0.61347712200187,0.006
66,2,0.932569916487336,0.007
66,4,1.22557786102433,0.008
66,6,1.42130365702703,0.009
66,8,1.47769769595769,0.01
66,10,1.40975878136177,0.011
66,12,1.3217760696324,0.011
66,14,1.37867824960428,0.012
66,16,1.6956392691457,0.014
66,18,2.2226801950547,0.017
66,20,2.74568306595386,0.019
66,22,3.01513799049552,0.02
66,24,2.93225893138358,0.019
66,26,2.61449542565154,0.018
66,28,2.27976534005404,0.018
66,30,2.06801411828035,0.019
66,32,1.95527927306626,0.02
66,34,1.83703496958939,0.019
66,36,1.67977280042831,0.017
66,38,1.55441558229048,0.015
66,40,1.55627102884247,0.015
66,42,1.70913819516471,0.017
66,44,1.90867947927879,0.019
66,46,2.01979507859131,0.02
66,48,2.07386863788427,0.02
66,50,2.27840672270955,0.02
66,52,2.75327541816568,0.021
66,54,3.30191450585213,0.022
66,56,3.56746906458831,0.022
66,58,3.40758511503962,0.021
66,60,2.98545391923391,0.019
66,62,2.5500490850287,0.017
66,64,2.26332328277387,0.015
66,66,2.16081368790151,0.014
66,68,2.15877739295275,0.013
66,70,2.18368207397278,0.012
66,72,2.25668955853768,0.011
66,74,2.3477338198506,0.011
66,76,2.24802713308546,0.012
66,78,1.78819313765397,0.013
66,80,1.10613736632318,0.012
68,0,0.817205098181586,0.008
68,2,1.29923077923895,0.009
68,4,1.7170229304782,0.01
68,6,1.91798257932122,0.011
68,8,1.85444897782819,0.011
68,10,1.62260699072982,0.011
68,12,1.41764929494054,0.011
68,14,1.4225082933373,0.011
68,16,1.69329896369031,0.013
68,18,2.12666431573159,0.015
68,20,2.54008826564022,0.017
68,22,2.77974697627569,0.018
68,24,2.79229833733048,0.018
68,26,2.62930334154379,0.018
68,28,2.4002333451625,0.018
68,30,2.1904243423442,0.019
68,32,1.9956834770412,0.02
68,34,1.76775030410768,0.02
68,36,1.51897583473172,0.017
68,38,1.32588249516325,0.016
68,40,1.27100253975973,0.016
68,42,1.37854969644427,0.018
68,44,1.552244517113,0.019
68,46,1.67081941131887,0.019
68,48,1.78674982716311,0.018
68,50,2.10465242245636,0.018
68,52,2.72981483426597,0.02
68,54,3.4747230929003,0.022
68,56,3.94674311197363,0.024
68,58,3.8826822832264,0.023
68,60,3.4019052872107,0.021
68,62,2.86300489530476,0.018
68,64,2.5258829056122,0.017
68,66,2.40763717798687,0.015
68,68,2.39591786374933,0.014
68,70,2.43657433635288,0.012
68,72,2.57238053281892,0.012
68,74,2.74812847353568,0.012
68,76,2.69172801197127,0.013
68,78,2.1836693675674,0.014
68,80,1.37922339592189,0.013
70,0,1.01616751095135,0.01
70,2,1.65984031574926,0.011
70,4,2.19559323860026,0.012
70,6,2.40016195342982,0.013
70,8,2.23603790996502,0.013
70,10,1.88525749125018,0.012
70,12,1.61397625428742,0.011
70,14,1.59688853456441,0.012
70,16,1.82120602828772,0.013
70,18,2.12816559606281,0.015
70,20,2.37297134283721,0.016
70,22,2.50520690643901,0.016
70,24,2.52072099779574,0.016
70,26,2.41704116804808,0.017
70,28,2.22113808719385,0.017
70,30,1.98548807919094,0.018
70,32,1.73354945377534,0.019
70,34,1.47223565844286,0.018
70,36,1.23734121687764,0.017
70,38,1.08570246900531,0.016
70,40,1.07490234331215,0.017
70,42,1.21780831571512,0.02
70,44,1.40331907305716,0.021
70,46,1.51038308697769,0.019
70,48,1.61933361798745,0.017
70,50,1.95907228976426,0.017
70,52,2.6420702570809,0.019
70,54,3.49493420911802,0.023
70,56,4.09141184593048,0.025
70,58,4.07304846803783,0.025
70,60,3.54055821549893,0.023
70,62,2.96603955316773,0.02
70,64,2.68768698123492,0.018
70,66,2.66517952614103,0.017
70,68,2.69888265858272,0.015
70,70,2.70816505327497,0.013
70,72,2.74840158268374,0.012
70,74,2.80284730124836,0.012
70,76,2.65726336444023,0.012
70,78,2.12515112616712,0.013
70,80,1.34377344847924,0.013
72,0,1.25646797194852,0.012
72,2,2.02609105565533,0.013
72,4,2.63613933462966,0.014
72,6,2.84713372135531,0.015
72,8,2.65815281370577,0.015
72,10,2.29254904409329,0.015
72,12,2.01299561973786,0.014
72,14,1.96631050273331,0.015
72,16,2.11981825957119,0.016
72,18,2.31564921143379,0.016
72,20,2.43098483602815,0.017
72,22,2.45254881553792,0.016
72,24,2.38455304531868,0.016
72,26,2.20662779014933,0.016
72,28,1.93754722684157,0.016
72,30,1.64526771421405,0.016
72,32,1.38204409684422,0.016
72,34,1.16992247341687,0.015
72,36,1.02209991143268,0.015
72,38,0.956904922016033,0.015
72,40,1.02046785063875,0.017
72,42,1.23029690080673,0.021
72,44,1.46246468367472,0.023
72,46,1.57599009593701,0.02
72,48,1.66070544513038,0.017
72,50,1.96835088931997,0.017
72,52,2.62040635640914,0.02
72,54,3.43838361461965,0.024
72,56,3.99528788495983,0.026
72,58,3.93960086571615,0.026
72,60,3.39551006474278,0.023
72,62,2.87382415151775,0.019
72,64,2.72087061515719,0.018
72,66,2.84249680961809,0.018
72,68,2.96452379786639,0.017
72,70,2.95978657647578,0.015
72,72,2.8728559697769,0.013
72,74,2.7302624797698,0.012
72,76,2.42070992858146,0.011
72,78,1.84670044405081,0.011
72,80,1.13621327051952,0.011
74,0,1.54059526583544,0.015
74,2,2.40871801584394,0.016
74,4,3.06024373407584,0.017
74,6,3.2950891865994,0.018
74,8,3.16528181089373,0.018
74,10,2.87482009454794,0.019
74,12,2.60412663736924,0.019
74,14,2.45785091307492,0.019
74,16,2.46656941754394,0.019
74,18,2.56150588043151,0.018
74,20,2.64055374311595,0.018
74,22,2.64484202259654,0.018
74,24,2.52223778523786,0.018
74,26,2.23084999896959,0.017
74,28,1.82505099110554,0.016
74,30,1.44446048257792,0.014
74,32,1.18955361293986,0.014
74,34,1.06745880390605,0.014
74,36,1.02432810051989,0.014
74,38,1.01854292266089,0.015
74,40,1.09689484942548,0.017
74,42,1.31137173537404,0.02
74,44,1.56330579603458,0.022
74,46,1.71211298069278,0.021
74,48,1.82793317354983,0.018
74,50,2.13306610554921,0.018
74,52,2.71104892290913,0.021
74,54,3.36981081977263,0.024
74,56,3.74827539444135,0.025
74,58,3.61038499530719,0.024
74,60,3.10646713364375,0.021
74,62,2.67002390874044,0.018
74,64,2.59764173194673,0.017
74,66,2.80994434696086,0.018
74,68,3.038558720005,0.018
74,70,3.11624016405802,0.016
74,72,3.03320509778758,0.014
74,74,2.80168851911808,0.012
74,76,2.3644437303549,0.011
74,78,1.70740771522365,0.01
74,80,0.996662460711648,0.009
76,0,1.76218952043204,0.018
76,2,2.69185544903577,0.018
76,4,3.35915612453845,0.019
76,6,3.61934091539994,0.02
76,8,3.57712175753245,0.021
76,10,3.3952198712814,0.023
76,12,3.14555457538274,0.023
76,14,2.89080765132696,0.022
76,16,2.74244486466005,0.021
76,18,2.75303879932356,0.02
76,20,2.8595130103836,0.02
76,22,2.94560421382932,0.02
76,24,2.87353019356535,0.021
76,26,2.5415664969504,0.02
76,28,2.01944706608327,0.018
76,30,1.53869718316904,0.015
76,32,1.27680197301865,0.014
76,34,1.22361701296315,0.015
76,36,1.24046299999579,0.016
76,38,1.22863490745198,0.016
76,40,1.2426296608211,0.016
76,42,1.37892812739684,0.018
76,44,1.59712633870932,0.019
76,46,1.79685119798629,0.02
76,48,2.01666387633802,0.019
76,50,2.3929874402096,0.02
76,52,2.92756640973751,0.023
76,54,3.42116805807053,0.025
76,56,3.62948430232946,0.025
76,58,3.45249472797828,0.023
76,60,3.01106329012358,0.02
76,62,2.5874499130855,0.018
76,64,2.44695496843229,0.016
76,66,2.62891830209457,0.017
76,68,2.95164050513954,0.018
76,70,3.2042853825946,0.017
76,72,3.27097148582705,0.016
76,74,3.08346428523212,0.014
76,76,2.57758170032303,0.013
76,78,1.80522265648172,0.011
76,80,1.00704436969723,0.009
78,0,1.80578591659384,0.018
78,2,2.71643558681661,0.019
78,4,3.34389653233027,0.019
78,6,3.58809809603816,0.02
78,8,3.59390482523169,0.022
78,10,3.50298615026465,0.024
78,12,3.32708040107785,0.025
78,14,3.08553832216587,0.024
78,16,2.89900305834087,0.022
78,18,2.87401143701909,0.021
78,20,2.99950112167811,0.021
78,22,3.1696791001635,0.023
78,24,3.2075722287686,0.024
78,26,2.93992251243975,0.023
78,28,2.40714083637481,0.021
78,30,1.89490893602452,0.019
78,32,1.63564706684754,0.018
78,34,1.58948172629971,0.018
78,36,1.56437816698745,0.018
78,38,1.46309512998326,0.017
78,40,1.3684725568616,0.016
78,42,1.40070061717704,0.016
78,44,1.56149280810972,0.017
78,46,1.79625055600884,0.019
78,48,2.12789269777167,0.02
78,50,2.60918550691099,0.022
78,52,3.16940947931834,0.025
78,54,3.62074036884704,0.026
78,56,3.81709703188619,0.026
78,58,3.72155546907202,0.024
78,60,3.35355207127984,0.022
78,62,2.84513916376195,0.019
78,64,2.50058271825781,0.017
78,66,2.55798097066834,0.017
78,68,2.94133761451856,0.018
78,70,3.37613688505329,0.019
78,72,3.61896001100958,0.018
78,74,3.50782696825667,0.017
78,76,2.95477308538447,0.015
78,78,2.0550215112459,0.013
78,80,1.12681321572902,0.01
80,0,1.71349662909221,0.017
80,2,2.50148231445891,0.018
80,4,3.00740907834455,0.018
80,6,3.17826851706133,0.018
80,8,3.18360306659041,0.019
80,10,3.16848514549262,0.021
80,12,3.13542748184319,0.023
80,14,3.0547049119009,0.024
80,16,2.96821436500253,0.023
80,18,2.94968962842375,0.023
80,20,3.03474760920533,0.023
80,22,3.1955456391864,0.024
80,24,3.29717187275427,0.026
80,26,3.14868874251041,0.026
80,28,2.75187363695422,0.025
80,30,2.36600217545685,0.023
80,32,2.17799195650937,0.023
80,34,2.08415548289973,0.023
80,36,1.90386730024891,0.022
80,38,1.63559525674677,0.019
80,40,1.42770806829904,0.016
80,42,1.38412418752283,0.015
80,44,1.49618021215718,0.016
80,46,1.73037082835031,0.018
80,48,2.11213623950137,0.02
80,50,2.65761915751617,0.023
80,52,3.26817793729682,0.026
80,54,3.77591407983818,0.027
80,56,4.08926590606864,0.028
80,58,4.16203176177224,0.027
80,60,3.89003613682927,0.025
80,62,3.30652127920248,0.022
80,64,2.79685514761388,0.019
80,66,2.77555427719856,0.019
80,68,3.22739122614202,0.02
80,70,3.79389280944243,0.022
80,72,4.14387368300777,0.021
80,74,4.07690039764394,0.02
80,76,3.47955748888238,0.018
80,78,2.44993901705301,0.015
80,80,1.36037123001061,0.012
82,0,1.68251669266548,0.018
82,2,2.29051520994452,0.017
82,4,2.61366192229708,0.016
82,6,2.67662358555353,0.016
82,8,2.66985168255667,0.016
82,10,2.74279769661998,0.019
82,12,2.88626051052948,0.021
82,14,2.99850860945225,0.023
82,16,3.02215252365673,0.024
82,18,2.99150214796378,0.023
82,20,2.98063293952042,0.024
82,22,3.03589029480836,0.025
82,24,3.10923340016176,0.026
82,26,3.06791127165071,0.027
82,28,2.89924706125852,0.027
82,30,2.76317526383477,0.028
82,32,2.70526478303601,0.029
82,34,2.54418352821041,0.028
82,36,2.16782511389778,0.025
82,38,1.72734292430188,0.02
82,40,1.44215113490256,0.017
82,42,1.37241659122123,0.016
82,44,1.45824792525948,0.016
82,46,1.66767600776378,0.017
82,48,2.04294191362171,0.02
82,50,2.59774005593396,0.023
82,52,3.21401663181902,0.026
82,54,3.73016401250707,0.028
82,56,4.09273513300725,0.028
82,58,4.26300726807871,0.028
82,60,4.08627326874715,0.026
82,62,3.55750451585575,0.023
82,64,3.10321590046117,0.021
82,66,3.19609640880938,0.021
82,68,3.79471634183744,0.024
82,70,4.46251158097849,0.025
82,72,4.84914395866767,0.024
82,74,4.78577998538117,0.023
82,76,4.14650588600625,0.021
82,78,2.99040637171202,0.019
82,80,1.71380577452014,0.015
84,0,1.89174848755693,0.021
84,2,2.35386429247002,0.018
84,4,2.48442140848459,0.016
84,6,2.41418318501678,0.014
84,8,2.38698558437072,0.015
84,10,2.55446922353107,0.017
84,12,2.84955815001639,0.02
84,14,3.06460727163622,0.023
84,16,3.08540939701161,0.023
84,18,2.98192176266848,0.023
84,20,2.87020110757831,0.023
84,22,2.81530895618549,0.024
84,24,2.8167905012869,0.025
84,26,2.82599789598485,0.027
84,28,2.8413667408887,0.029
84,30,2.91124420988841,0.031
84,32,2.94208799609232,0.032
84,34,2.71589727622317,0.031
84,36,2.21416502878522,0.026
84,38,1.70683060219997,0.021
84,40,1.4408090657372,0.018
84,42,1.4162892314214,0.017
84,44,1.51248821555921,0.017
84,46,1.69732640367062,0.018
84,48,2.04718202274641,0.021
84,50,2.58002801917856,0.024
84,52,3.13721068664327,0.027
84,54,3.53840102127926,0.027
84,56,3.77586594521222,0.027
84,58,3.88380952350402,0.026
84,60,3.75926651825812,0.024
84,62,3.40934464028273,0.022
84,64,3.21823170962008,0.021
84,66,3.58083418147094,0.023
84,68,4.38168602475449,0.027
84,70,5.13773554543307,0.028
84,72,5.52496269279798,0.028
84,74,5.43318709309651,0.026
84,76,4.7430383210958,0.025
84,78,3.48326684546792,0.022
84,80,2.05476279555654,0.019
86,0,2.33669699592371,0.027
86,2,2.75870007232423,0.022
86,4,2.74030387570834,0.018
86,6,2.51266833843714,0.015
86,8,2.41799952771796,0.015
86,10,2.63537820748751,0.017
86,12,3.0094513145125,0.021
86,14,3.20798925996431,0.023
86,16,3.11492757986896,0.023
86,18,2.91046598043771,0.022
86,20,2.76246353956519,0.022
86,22,2.68390835912819,0.023
86,24,2.63584260770863,0.025
86,26,2.60868773425284,0.027
86,28,2.63852004442449,0.029
86,30,2.73261157371219,0.031
86,32,2.74366939381922,0.032
86,34,2.47427719335385,0.03
86,36,1.97284606690665,0.025
86,38,1.5454189348068,0.021
86,40,1.4155007965258,0.019
86,42,1.52142262459656,0.02
86,44,1.67932371804256,0.021
86,46,1.84394170795931,0.021
86,48,2.13300886493107,0.023
86,50,2.59046596447841,0.025
86,52,3.03823722573643,0.027
86,54,3.27666131656102,0.026
86,56,3.32745606625231,0.024
86,58,3.30937645855048,0.022
86,60,3.21558133579218,0.021
86,62,3.0753771159873,0.02
86,64,3.16812438873883,0.021
86,66,3.75926708766667,0.024
86,68,4.68517421054004,0.028
86,70,5.48417806753092,0.03
86,72,5.86317332104818,0.03
86,74,5.73459901372522,0.029
86,76,4.98927231492487,0.027
86,78,3.6694966342508,0.025
86,80,2.18878317079804,0.023
88,0,2.81867955143552,0.033
88,2,3.31742784906242,0.027
88,4,3.2482152375187,0.021
88,6,2.88685756894928,0.018
88,8,2.67742946052775,0.017
88,10,2.85143823234077,0.019
88,12,3.19701420938283,0.022
88,14,3.30341157354842,0.023
88,16,3.08569293215379,0.022
88,18,2.83536354286076,0.021
88,20,2.75773108550138,0.022
88,22,2.76642951590711,0.024
88,24,2.7021296391972,0.026
88,26,2.53781948266667,0.028
88,28,2.3837998226205,0.028
88,30,2.32130124791276,0.028
88,32,2.24383857575525,0.028
88,34,1.97823260881081,0.027
88,36,1.57123141367193,0.023
88,38,1.29513198312749,0.02
88,40,1.34153037749164,0.02
88,42,1.61159191243805,0.023
88,44,1.86364193705156,0.025
88,46,2.01142748312749,0.026
88,48,2.19062328749337,0.026
88,50,2.50500335280233,0.026
88,52,2.82273085382405,0.026
88,54,2.95482033002589,0.025
88,56,2.91461399990473,0.022
88,58,2.84438300514337,0.02
88,60,2.80213063529905,0.019
88,62,2.82073821391862,0.018
88,64,3.06967264570365,0.02
88,66,3.71152021444458,0.024
88,68,4.60552420912179,0.028
88,70,5.37513544498816,0.03
88,72,5.74969861617126,0.03
88,74,5.60479717623942,0.029
88,76,4.82185941109964,0.028
88,78,3.49141167200789,0.026
88,80,2.05613299974971,0.023
90,0,3.0874542284055,0.038
90,2,3.73464888035433,0.031
90,4,3.75070731264614,0.025
90,6,3.36871006369278,0.021
90,8,3.05914455678598,0.019
90,10,3.09698419115886,0.021
90,12,3.30210031487698,0.023
90,14,3.29920777805614,0.024
90,16,3.04394724181332,0.023
90,18,2.86590214912776,0.023
90,20,2.96600897916681,0.025
90,22,3.14646914372935,0.029
90,24,3.08592542700327,0.032
90,26,2.70765040551842,0.032
90,28,2.23657155481629,0.029
90,30,1.91796527354548,0.026
90,32,1.73804628221938,0.025
90,34,1.51520183853517,0.024
90,36,1.2253037156671,0.021
90,38,1.07223375728838,0.019
90,40,1.22689613278866,0.022
90,42,1.60207124560111,0.027
90,44,1.93299910036481,0.03
90,46,2.0806502159101,0.03
90,48,2.161314985754,0.029
90,50,2.33328315601795,0.027
90,52,2.55239682385639,0.026
90,54,2.66592239310108,0.024
90,56,2.65038415694933,0.021
90,58,2.60696637274586,0.019
90,60,2.60328833779655,0.018
90,62,2.67865412079223,0.018
90,64,2.94096083180737,0.02
90,66,3.50000706665769,0.023
90,68,4.28147928728959,0.026
90,70,5.0061071103889,0.029
90,72,5.39537320811005,0.029
90,74,5.24210384469525,0.028
90,76,4.4244825103549,0.026
90,78,3.10937206529435,0.024
90,80,1.77093961301622,0.021
92,0,3.01668473025479,0.038
92,2,3.79829978803321,0.032
92,4,4.00229722364199,0.027
92,6,3.7516497466565,0.024
92,8,3.42578358584487,0.022
92,10,3.2930292216096,0.023
92,12,3.28789901288037,0.025
92,14,3.18902679050983,0.026
92,16,2.99906181755373,0.026
92,18,2.99477320163696,0.027
92,20,3.31767053141031,0.032
92,22,3.67890106125816,0.038
92,24,3.62578715765713,0.042
92,26,3.03998611483505,0.039
92,28,2.2637011191263,0.032
92,30,1.70852945654511,0.027
92,32,1.44421289640766,0.025
92,34,1.26650375469592,0.024
92,36,1.06683177382637,0.022
92,38,0.972330703081509,0.022
92,40,1.13963196143093,0.025
92,42,1.51623817565178,0.032
92,44,1.86432592141543,0.036
92,46,2.02003212759648,0.036
92,48,2.06221057866024,0.033
92,50,2.16556344258062,0.03
92,52,2.35101684012808,0.027
92,54,2.50275674836438,0.025
92,56,2.55320661254167,0.023
92,58,2.53188521352156,0.021
92,60,2.49606476109443,0.02
92,62,2.51805722424782,0.019
92,64,2.70403935688737,0.02
92,66,3.16067892847065,0.022
92,68,3.88165227379595,0.025
92,70,4.65638918387838,0.027
92,72,5.13098146352779,0.028
92,74,4.97535053129413,0.027
92,76,4.08858425744298,0.025
92,78,2.766800341261,0.022
92,80,1.52353047701553,0.018
94,0,2.6349073164379,0.035
94,2,3.44733670947716,0.032
94,4,3.82919992357579,0.028
94,6,3.7909525403411,0.026
94,8,3.54317586544328,0.024
94,10,3.28613819804165,0.025
94,12,3.07990079280293,0.026
94,14,2.90472828562845,0.028
94,16,2.81500208176756,0.03
94,18,2.97920901482259,0.034
94,20,3.43921347063012,0.041
94,22,3.86813460578209,0.048
94,24,3.79563426750602,0.051
94,26,3.11904732464036,0.046
94,28,2.23765127503172,0.038
94,30,1.61607990636711,0.031
94,32,1.34404918222754,0.029
94,34,1.20958234722449,0.028
94,36,1.06873459402948,0.027
94,38,0.999252288247042,0.027
94,40,1.13243402198032,0.031
94,42,1.43317555982438,0.037
94,44,1.71491144601178,0.041
94,46,1.84063284881,0.041
94,48,1.86903700887874,0.038
94,50,1.95801278038295,0.034
94,52,2.15459851935656,0.031
94,54,2.36156475853712,0.028
94,56,2.47387548429078,0.026
94,58,2.45490330111264,0.024
94,60,2.34571450206217,0.022
94,62,2.25870677558965,0.02
94,64,2.33629471935397,0.02
94,66,2.71257131305607,0.021
94,68,3.45290185665655,0.024
94,70,4.38869126076888,0.027
94,72,5.05465309821445,0.029
94,74,4.95127131799449,0.029
94,76,3.99874770972114,0.026
94,78,2.65734383671281,0.023
94,80,1.48326197665478,0.019
96,0,2.0511852290318,0.03
96,2,2.76102153258875,0.028
96,4,3.21354711355299,0.026
96,6,3.35161619695946,0.025
96,8,3.22447544507047,0.025
96,10,2.93749448005958,0.025
96,12,2.62277253392215,0.026
96,14,2.40664594839945,0.028
96,16,2.38260637984937,0.032
96,18,2.61304971177735,0.038
96,20,3.03666855861756,0.046
96,22,3.3555983769765,0.053
96,24,3.22217353871006,0.054
96,26,2.61711828521192,0.049
96,28,1.90126720459283,0.041
96,30,1.43730004518134,0.035
96,32,1.26114272464657,0.034
96,34,1.18334495377894,0.035
96,36,1.0883227725578,0.034
96,38,1.04064027730737,0.034
96,40,1.13704529537235,0.038
96,42,1.33636601273398,0.044
96,44,1.49969633948615,0.047
96,46,1.54679865851573,0.045
96,48,1.53833543673758,0.041
96,50,1.60761896859894,0.037
96,52,1.80833146972619,0.034
96,54,2.06202043439752,0.032
96,56,2.24297411796064,0.03
96,58,2.26720336544525,0.027
96,60,2.14366122492475,0.025
96,62,1.98842838850379,0.022
96,64,1.96925998600815,0.021
96,66,2.27642281957897,0.022
96,68,3.03766107769218,0.025
96,70,4.11210587107627,0.029
96,72,4.95912579480043,0.033
96,74,4.962314656321,0.033
96,76,4.0517463674129,0.03
96,78,2.78047282917137,0.027
96,80,1.68890205516033,0.025
98,0,1.45469243434147,0.023
98,2,2.00242406920361,0.022
98,4,2.42650091207621,0.022
98,6,2.64590720573895,0.022
98,8,2.61550419992009,0.023
98,10,2.38053140719815,0.023
98,12,2.07993632528391,0.024
98,14,1.8724139733022,0.027
98,16,1.85662420495342,0.032
98,18,2.04258483134695,0.039
98,20,2.31407312115236,0.046
98,22,2.43692634195748,0.05
98,24,2.2398354456176,0.049
98,26,1.79908568412186,0.044
98,28,1.38013921555064,0.039
98,30,1.16698501609066,0.037
98,32,1.11857022832918,0.039
98,34,1.09013105884897,0.041
98,36,1.02010184576876,0.039
98,38,0.977219592932625,0.039
98,40,1.03338177429515,0.043
98,42,1.14680048124263,0.049
98,44,1.21337652842821,0.05
98,46,1.18928477416764,0.047
98,48,1.13485611343067,0.042
98,50,1.16535829661704,0.038
98,52,1.34643362567978,0.035
98,54,1.62910801233216,0.034
98,56,1.89194902290907,0.033
98,58,2.02212260646067,0.031
98,60,1.98075842719896,0.029
98,62,1.84312107428825,0.026
98,64,1.78707124847571,0.024
98,66,2.05117751793156,0.024
98,68,2.78473720729964,0.027
98,70,3.83222948565657,0.033
98,72,4.66693302487383,0.037
98,74,4.72984527101624,0.037
98,76,3.99030455086112,0.035
98,78,2.94308836002402,0.033
98,80,1.98910250849833,0.033
100,0,1.08176471755956,0.018
100,2,1.52394484985896,0.018
100,4,1.90459790870987,0.019
100,6,2.1321068942634,0.019
100,8,2.14851799844067,0.02
100,10,2.00285457293865,0.022
100,12,1.79924310067012,0.024
100,14,1.61797514682719,0.027
100,16,1.53538360867213,0.032
100,18,1.59190017717174,0.037
100,20,1.69853985627178,0.041
100,22,1.68036158687235,0.042
100,24,1.47295435652531,0.04
100,26,1.20267362627702,0.038
100,28,1.03702970158205,0.037
100,30,1.01190600360716,0.04
100,32,1.03346813689363,0.045
100,34,1.00472106582641,0.045
100,36,0.910445497360814,0.041
100,38,0.823911389600061,0.039
100,40,0.819930151810147,0.042
100,42,0.87960112983553,0.048
100,44,0.913590093932685,0.049
100,46,0.872309384731878,0.045
100,48,0.799300902096892,0.039
100,50,0.80713554005373,0.035
100,52,0.976889315848187,0.034
100,54,1.28301935442299,0.034
100,56,1.61293743472553,0.034
100,58,1.84074621128621,0.033
100,60,1.89569346292703,0.032
100,62,1.81988067979676,0.03
100,64,1.79927288802035,0.028
100,66,2.08650474647496,0.028
100,68,2.77866092515407,0.032
100,70,3.65420880246523,0.036
100,72,4.26709292097781,0.04
100,74,4.26952639775134,0.04
100,76,3.720242133514,0.039
100,78,2.9525989741545,0.037
100,80,2.15901051880293,0.038
102,0,1.01820008374275,0.016
102,2,1.45436951035823,0.017
102,4,1.83818673502874,0.019
102,6,2.06485291118935,0.02
102,8,2.10045198571235,0.021
102,10,2.03985141079918,0.023
102,12,1.94143202964525,0.027
102,14,1.75942468687538,0.031
102,16,1.53511305863424,0.033
102,18,1.40461362510088,0.034
102,20,1.37138594376387,0.034
102,22,1.30118923631051,0.034
102,24,1.1483789351787,0.033
102,26,1.02297106485175,0.035
102,28,1.01778218639803,0.04
102,30,1.08176569058279,0.047
102,32,1.10192008127163,0.052
102,34,1.01899118855017,0.051
102,36,0.851021251335538,0.044
102,38,0.682377452675255,0.037
102,40,0.60558145408782,0.037
102,42,0.629196055250233,0.042
102,44,0.671497814089362,0.045
102,46,0.656905436803676,0.042
102,48,0.609029657618389,0.036
102,50,0.637783954232211,0.033
102,52,0.828309082421057,0.034
102,54,1.15508125619232,0.034
102,56,1.500892221873,0.034
102,58,1.73859775689082,0.033
102,60,1.81266562502531,0.032
102,62,1.78517261838072,0.031
102,64,1.84761137244785,0.03
102,66,2.21373793219749,0.031
102,68,2.88494595940539,0.034
102,70,3.56923069370132,0.038
102,72,3.90549350460707,0.04
102,74,3.76482983662543,0.039
102,76,3.31063769806833,0.038
102,78,2.7451103993009,0.037
102,80,2.0905670526197,0.036
104,0,1.11149942764748,0.018
104,2,1.58376249907087,0.02
104,4,2.00802254067482,0.022
104,6,2.26187098350354,0.024
104,8,2.31923661084887,0.025
104,10,2.30981442488537,0.027
104,12,2.26751370391716,0.031
104,14,2.06024077748244,0.035
104,16,1.70700787909266,0.036
104,18,1.42391118003383,0.034
104,20,1.29349738302893,0.031
104,22,1.20901659844398,0.03
104,24,1.11744859415988,0.031
104,26,1.08838624939845,0.035
104,28,1.15413303891685,0.044
104,30,1.22808971199404,0.055
104,32,1.20278960561779,0.06
104,34,1.04900243711446,0.056
104,36,0.810537687595545,0.046
104,38,0.578763980521148,0.036
104,40,0.448163574013762,0.032
104,42,0.442338703037113,0.036
104,44,0.495116573207394,0.041
104,46,0.528175608277934,0.04
104,48,0.547494002456284,0.038
104,50,0.639196522461766,0.038
104,52,0.865977504415541,0.039
104,54,1.19090744079363,0.038
104,56,1.49444695678695,0.036
104,58,1.67217492541523,0.033
104,60,1.71781614871492,0.03
104,62,1.73465125766197,0.029
104,64,1.89510822287282,0.03
104,66,2.33092273804056,0.032
104,68,2.95856267807747,0.035
104,70,3.46491246756327,0.038
104,72,3.56795848909393,0.038
104,74,3.27716065679243,0.036
104,76,2.82895359625181,0.034
104,78,2.36931399827528,0.032
104,80,1.83632623637342,0.032
106,0,1.16663142790553,0.02
106,2,1.63778518033618,0.023
106,4,2.08161253039025,0.026
106,6,2.3746166208481,0.028
106,8,2.464153420539,0.029
106,10,2.46823182944181,0.031
106,12,2.43000352553589,0.034
106,14,2.2206640541703,0.037
106,16,1.85709149516478,0.037
106,18,1.55316849727702,0.035
106,20,1.39610997581137,0.033
106,22,1.29964594242751,0.032
106,24,1.22774258733953,0.034
106,26,1.22083451170587,0.04
106,28,1.26541684012016,0.05
106,30,1.27090607107362,0.061
106,32,1.16472049724141,0.065
106,34,0.951255326752434,0.059
106,36,0.690982234993603,0.047
106,38,0.460601771338206,0.035
106,40,0.327160697019203,0.03
106,42,0.310699079327103,0.033
106,44,0.375297908907373,0.039
106,46,0.466560537996786,0.043
106,48,0.57411332152189,0.046
106,50,0.739757179824378,0.048
106,52,0.989882305834047,0.048
106,54,1.28424412663725,0.045
106,56,1.53292425653659,0.04
106,58,1.68053869659334,0.035
106,60,1.76181372265002,0.032
106,62,1.87673509419236,0.032
106,64,2.13321350239672,0.034
106,66,2.56710898263147,0.036
106,68,3.05052485296306,0.038
106,70,3.32868360329919,0.038
106,72,3.22311745448917,0.036
106,74,2.81746855389007,0.033
106,76,2.35801887044592,0.03
106,78,1.95701697351741,0.028
106,80,1.52094408930332,0.028
108,0,1.12297004670905,0.023
108,2,1.53535813352307,0.026
108,4,1.94290355095164,0.03
108,6,2.25270089249464,0.033
108,8,2.37880018931287,0.033
108,10,2.39279236182914,0.032
108,12,2.35353808702777,0.034
108,14,2.19385905676878,0.036
108,16,1.9295750347858,0.037
108,18,1.71064467735944,0.037
108,20,1.58496165388942,0.037
108,22,1.4921906974346,0.038
108,24,1.43058310097704,0.042
108,26,1.41517731532289,0.051
108,28,1.38299389702596,0.064
108,30,1.25420625115789,0.073
108,32,1.02104539465048,0.073
108,34,0.745260467650535,0.062
108,36,0.496415959998062,0.046
108,38,0.316463825992129,0.034
108,40,0.224087859232181,0.03
108,42,0.22798092809529,0.035
108,44,0.319879379938326,0.045
108,46,0.466875743810126,0.054
108,48,0.639190286461335,0.059
108,50,0.840137508915815,0.06
108,52,1.08033582140261,0.057
108,54,1.3381882146357,0.052
108,56,1.57689191469024,0.046
108,58,1.79586671870739,0.041
108,60,2.02369770205251,0.039
108,62,2.28842323659919,0.04
108,64,2.60826531409979,0.042
108,66,2.95118486573749,0.043
108,68,3.19550595417945,0.042
108,70,3.1936062114769,0.04
108,72,2.90041810577686,0.036
108,74,2.44599815763773,0.032
108,76,2.01801498435918,0.029
108,78,1.6597184716341,0.027
108,80,1.27003015171108,0.026
110,0,1.03137564065844,0.026
110,2,1.35307389356894,0.028
110,4,1.67179037946461,0.032
110,6,1.95268235462833,0.034
110,8,2.1089021533591,0.034
110,10,2.1518383321051,0.033
110,12,2.14518788357404,0.033
110,14,2.06826784862129,0.035
110,16,1.92816033648478,0.038
110,18,1.81004616550739,0.039
110,20,1.74053124290424,0.041
110,22,1.69323505059203,0.046
110,24,1.68589576865201,0.055
110,26,1.69316530860728,0.072
110,28,1.59395724989251,0.092
110,30,1.31329187795059,0.102
110,32,0.924125345756785,0.094
110,34,0.56466574362528,0.072
110,36,0.318939955539289,0.048
110,38,0.188013950684259,0.035
110,40,0.143655977378855,0.032
110,42,0.180418080618387,0.044
110,44,0.301674578701951,0.06
110,46,0.476062585650534,0.07
110,48,0.654521216394232,0.071
110,50,0.830124147048836,0.065
110,52,1.03084723657742,0.059
110,54,1.27015090929543,0.053
110,56,1.55486687457815,0.048
110,58,1.90458036049497,0.045
110,60,2.29555926590785,0.045
110,62,2.66237275009124,0.048
110,64,2.96849668558978,0.05
110,66,3.17646084045968,0.051
110,68,3.20086996311237,0.048
110,70,2.98581204453122,0.043
110,72,2.59751995040607,0.039
110,74,2.18270299531118,0.034
110,76,1.84936660223373,0.031
110,78,1.54887124938699,0.029
110,80,1.17078699602653,0.028
112,0,1.11352060241906,0.03
112,2,1.31426699303475,0.031
112,4,1.4473745866135,0.032
112,6,1.59635879209354,0.034
112,8,1.73044777609622,0.034
112,10,1.810494915212,0.033
112,12,1.85054728910677,0.033
112,14,1.84889896186662,0.035
112,16,1.80428505870263,0.038
112,18,1.77195412933488,0.04
112,20,1.77991401325176,0.044
112,22,1.8158004000843,0.051
112,24,1.88557246271122,0.067
112,26,1.93126013573557,0.093
112,28,1.79757614653609,0.126
112,30,1.40974849360442,0.144
112,32,0.896410888097499,0.132
112,34,0.463395153571114,0.095
112,36,0.209224429461921,0.057
112,38,0.103067522956818,0.037
112,40,0.0857735458048573,0.038
112,42,0.137736273671386,0.057
112,44,0.259338807134321,0.074
112,46,0.414988094905472,0.077
112,48,0.551400682453115,0.07
112,50,0.673024659262698,0.06
112,52,0.838025086426135,0.052
112,54,1.08753118619366,0.048
112,56,1.43527510187091,0.046
112,58,1.86720615638981,0.046
112,60,2.29599194721234,0.048
112,62,2.61608181650039,0.05
112,64,2.8183063362665,0.053
112,66,2.92064045539653,0.054
112,68,2.86367183366023,0.052
112,70,2.61781424326985,0.047
112,72,2.2768843160485,0.043
112,74,2.0044844318089,0.039
112,76,1.8602101721298,0.038
112,78,1.70907595238978,0.037
112,80,1.37498603272389,0.036
114,0,1.79857424874745,0.043
114,2,1.81968696754356,0.04
114,4,1.55992063004158,0.037
114,6,1.36996254829269,0.035
114,8,1.36020298648278,0.034
114,10,1.43049448927162,0.033
114,12,1.49760916424572,0.034
114,14,1.53119992182915,0.035
114,16,1.53668687833957,0.037
114,18,1.56783070428484,0.039
114,20,1.65612378458836,0.044
114,22,1.77300309467082,0.053
114,24,1.88796403826032,0.071
114,26,1.94262320738894,0.102
114,28,1.80295425997427,0.142
114,30,1.39565337725412,0.173
114,32,0.852617508188419,0.17
114,34,0.401849737347288,0.13
114,36,0.150969023891025,0.078
114,38,0.0567981310985895,0.044
114,40,0.0456819441092941,0.044
114,42,0.0867850281613418,0.063
114,44,0.173862221879045,0.071
114,46,0.277892678260692,0.067
114,48,0.362517942265953,0.056
114,50,0.449395638928596,0.046
114,52,0.609609619491849,0.043
114,54,0.890316296427754,0.044
114,56,1.27515180083702,0.046
114,58,1.68445867290917,0.047
114,60,1.99076534898289,0.047
114,62,2.1268406453778,0.048
114,64,2.17206571998188,0.05
114,66,2.21494203299463,0.052
114,68,2.20629208946015,0.051
114,70,2.08020129997967,0.05
114,72,1.92114519277972,0.048
114,74,1.91873653239673,0.048
114,76,2.150744073788,0.049
114,78,2.37486951946234,0.051
114,80,2.19344894654123,0.052
116,0,3.29584358437692,0.057
116,2,3.07761295717889,0.053
116,4,2.18532063397281,0.047
116,6,1.41304619917986,0.041
116,8,1.10463200142126,0.037
116,10,1.0873274924124,0.036
116,12,1.14071171503091,0.037
116,14,1.17295627657888,0.037
116,16,1.18299817506531,0.038
116,18,1.22965157539004,0.039
116,20,1.3538249212948,0.044
116,22,1.50685034924816,0.053
116,24,1.62737938421855,0.07
116,26,1.67621871934182,0.099
116,28,1.56969403192241,0.14
116,30,1.23208094983729,0.18
116,32,0.75442771131745,0.194
116,34,0.345929358909874,0.17
116,36,0.118361236121482,0.116
116,38,0.034481300689133,0.063
116,40,0.0207998803722649,0.046
116,42,0.0411936684737785,0.053
116,44,0.0852931294379774,0.051
116,46,0.138044452096966,0.044
116,48,0.18829287907626,0.037
116,50,0.267747868077232,0.033
116,52,0.441566637158518,0.037
116,54,0.74029052249548,0.043
116,56,1.10831015868364,0.048
116,58,1.4135930337964,0.05
116,60,1.53171342922767,0.048
116,62,1.46723395161151,0.046
116,64,1.372742320803,0.044
116,66,1.37028477626928,0.045
116,68,1.42210809351601,0.047
116,70,1.44831805726516,0.05
116,72,1.53332860043108,0.052
116,74,1.93322579779577,0.057
116,76,2.78624780194568,0.063
116,78,3.67285945792199,0.067
116,80,3.76856138364117,0.069
118,0,4.87088956754894,0.065
118,2,4.43749544216395,0.062
118,4,2.92922441538805,0.058
118,6,1.56883118373926,0.051
118,8,0.927155034823518,0.045
118,10,0.782115222603918,0.043
118,12,0.796486565904231,0.043
118,14,0.811805771699839,0.042
118,16,0.806487704748298,0.04
118,18,0.833204338966155,0.04
118,20,0.939172860827685,0.044
118,22,1.07790114473274,0.053
118,24,1.18359217575323,0.068
118,26,1.2389567404051,0.095
118,28,1.19584327310607,0.137
118,30,0.97236971292116,0.184
118,32,0.610953135305338,0.215
118,34,0.282186668383546,0.214
118,36,0.0939946472321059,0.175
118,38,0.0236228435261394,0.105
118,40,0.00865716454516612,0.045
118,42,0.0141097185349504,0.032
118,44,0.0302774228108209,0.028
118,46,0.0521608624614403,0.024
118,48,0.0850775661459498,0.023
118,50,0.160890591747559,0.027
118,52,0.327051697028837,0.036
118,54,0.590637583592747,0.046
118,56,0.876242446922404,0.054
118,58,1.05174712557971,0.056
118,60,1.03236982597502,0.052
118,62,0.870350555199935,0.044
118,64,0.718822270510434,0.038
118,66,0.684014388075709,0.037
118,68,0.745214693898163,0.04
118,70,0.856442225083003,0.047
118,72,1.13883084890296,0.055
118,74,1.92476285346854,0.066
118,76,3.40970043879319,0.073
118,78,4.97667345216122,0.077
118,80,5.35947207303451,0.078
120,0,5.18504855991097,0.069
120,2,4.68882307188412,0.067
120,4,3.01723885118802,0.065
120,6,1.4807716519238,0.06
120,8,0.710235940991961,0.056
120,10,0.492382314402078,0.053
120,12,0.471424532911208,0.051
120,14,0.473008956629925,0.049
120,16,0.461427350622011,0.045
120,18,0.471329578491877,0.043
120,20,0.540868790148135,0.046
120,22,0.638012371289594,0.054
120,24,0.716898011507339,0.069
120,26,0.774827794340303,0.095
120,28,0.781667884428628,0.14
120,30,0.662439275050776,0.194
120,32,0.428521889307663,0.239
120,34,0.201253242548521,0.26
120,36,0.0670724838289309,0.247
120,38,0.0159765709436499,0.175
120,40,0.00360833563478042,0.043
120,42,0.00362059142885732,0.015
120,44,0.00792276226572078,0.013
120,46,0.0167370768800393,0.013
120,48,0.0384214316628286,0.017
120,50,0.0966914705329983,0.026
120,52,0.218559636220629,0.038
120,54,0.396209109948712,0.05
120,56,0.56481603335986,0.059
120,58,0.636106852682286,0.062
120,60,0.573105672353691,0.057
120,62,0.430538230090354,0.045
120,64,0.309489868043822,0.033
120,66,0.270347208203117,0.029
120,68,0.310038768012952,0.033
120,70,0.425169561424727,0.043
120,72,0.762224910004367,0.058
120,74,1.66743317599437,0.072
120,76,3.33989293600428,0.078
120,78,5.11286037655616,0.081
120,80,5.61564235585022,0.083
