x,y,event,endX,endY,Count,WeightedCount,Goals,WeightedExpectedGoals,GoalProbability
88,54,Pass,120,0,5,0.002,0,0,0
88,54,Pass,120,2,5,0.011,0,0,0
88,54,Pass,120,4,6,0.048,0,0,0
88,54,Pass,120,6,6,0.156,0,0,0
88,54,Pass,120,8,6,0.379,0,0,0
88,54,Pass,120,10,6,0.665,0,0,0
88,54,Pass,120,12,10,0.832,0,0,0
88,54,Pass,120,14,11,0.738,0,0,0
88,54,Pass,120,16,11,0.466,0,0,0
88,54,Pass,120,18,11,0.229,0,0,0
88,54,Pass,120,20,15,0.134,0,0,0
88,54,Pass,120,22,13,0.162,0,0,0
88,54,Pass,120,24,16,0.297,0,0,0.001
88,54,Pass,120,26,20,0.575,0,0,0.002
88,54,Pass,120,28,26,0.956,0,0,0.004
88,54,Pass,120,30,27,1.228,0,0,0.007
88,54,Pass,120,32,29,1.188,0,0.001,0.011
88,54,Pass,120,34,33,0.893,0,0.001,0.018
88,54,Pass,120,36,36,0.587,0,0.001,0.026
88,54,Pass,120,38,38,0.414,0,0.001,0.029
88,54,Pass,120,40,43,0.324,0,0,0.022
88,54,Run,120,40,1,0,0,0,0
88,54,Pass,120,42,46,0.233,0,0,0.014
88,54,Run,120,42,4,0.001,0,0,0
88,54,Pass,120,44,45,0.145,0,0,0.009
88,54,Run,120,44,7,0.005,0,0,0
88,54,Pass,120,46,46,0.137,1,0,0.01
88,54,Run,120,46,8,0.023,0,0,0
88,54,Pass,120,48,52,0.299,1,0,0.011
88,54,Run,120,48,10,0.078,1,0,0
88,54,Pass,120,50,48,0.679,1,0,0.011
88,54,Run,120,50,12,0.203,1,0,0
88,54,Pass,120,52,52,1.163,1,0.001,0.01
88,54,Run,120,52,12,0.399,1,0,0
88,54,Pass,120,54,54,1.476,1,0.001,0.01
88,54,Run,120,54,14,0.591,1,0,0
88,54,Pass,120,56,55,1.45,1,0.001,0.009
88,54,Run,120,56,14,0.659,1,0,0
88,54,Pass,120,58,59,1.206,1,0,0.007
88,54,Run,120,58,14,0.563,1,0,0.001
88,54,Pass,120,60,66,0.981,2,0,0.007
88,54,Run,120,60,14,0.383,1,0,0.001
88,54,Pass,120,62,74,0.899,2,0,0.008
88,54,Run,120,62,16,0.221,1,0,0.001
88,54,Pass,120,64,80,0.937,2,0,0.009
88,54,Run,120,64,16,0.114,1,0,0.001
88,54,Pass,120,66,78,0.983,1,0.001,0.011
88,54,Run,120,66,16,0.057,1,0,0
88,54,Pass,120,68,78,0.955,1,0.001,0.012
88,54,Run,120,68,14,0.04,1,0,0
88,54,Pass,120,70,74,0.846,1,0.001,0.015
88,54,Run,120,70,11,0.055,0,0,0
88,54,Pass,120,72,63,0.673,1,0.001,0.026
88,54,Run,120,72,7,0.087,0,0,0
88,54,Pass,120,74,56,0.464,1,0.001,0.047
88,54,Run,120,74,6,0.112,0,0,0
88,54,Pass,120,76,46,0.276,1,0.001,0.077
88,54,Run,120,76,5,0.116,0,0,0
88,54,Pass,120,78,36,0.149,1,0.001,0.099
88,54,Run,120,78,5,0.106,0,0,0
88,54,Pass,120,80,24,0.078,1,0,0.093
88,54,Run,120,80,5,0.086,0,0,0
88,54,Pass,118,0,7,0.004,0,0,0
88,54,Pass,118,2,8,0.018,0,0,0
88,54,Pass,118,4,9,0.07,0,0,0
88,54,Pass,118,6,9,0.214,0,0,0
88,54,Pass,118,8,12,0.493,0,0,0
88,54,Pass,118,10,13,0.84,0,0,0
88,54,Pass,118,12,16,1.034,0,0,0
88,54,Pass,118,14,14,0.911,0,0,0
88,54,Pass,118,16,15,0.589,0,0,0
88,54,Pass,118,18,14,0.333,0,0,0
88,54,Pass,118,20,18,0.268,0,0,0
88,54,Pass,118,22,22,0.341,0,0,0
88,54,Pass,118,24,25,0.492,0,0,0.001
88,54,Pass,118,26,24,0.778,0,0,0.003
88,54,Run,118,26,1,0,0,0,0.19
88,54,Pass,118,28,31,1.233,0,0,0.006
88,54,Run,118,28,1,0,0,0,0.19
88,54,Pass,118,30,36,1.651,0,0.001,0.01
88,54,Run,118,30,1,0,0,0,0.19
88,54,Pass,118,32,40,1.729,0,0.001,0.015
88,54,Run,118,32,1,0,0,0,0.19
88,54,Pass,118,34,43,1.437,0,0.002,0.023
88,54,Run,118,34,1,0,0,0,0.19
88,54,Pass,118,36,44,1.058,0,0.002,0.032
88,54,Run,118,36,1,0,0,0,0.19
88,54,Pass,118,38,47,0.812,0,0.001,0.033
88,54,Pass,118,40,53,0.654,0,0.001,0.026
88,54,Run,118,40,2,0,0,0,0
88,54,Pass,118,42,61,0.471,0,0,0.017
88,54,Run,118,42,5,0.001,0,0,0
88,54,Pass,118,44,64,0.286,1,0,0.013
88,54,Run,118,44,7,0.007,0,0,0
88,54,Pass,118,46,62,0.225,1,0,0.017
88,54,Run,118,46,9,0.033,1,0,0
88,54,Pass,118,48,67,0.404,1,0,0.023
88,54,Run,118,48,11,0.119,1,0,0
88,54,Pass,118,50,73,0.862,1,0.001,0.024
88,54,Run,118,50,12,0.321,1,0,0
88,54,Pass,118,52,66,1.448,1,0.002,0.023
88,54,Run,118,52,14,0.65,1,0,0
88,54,Pass,118,54,69,1.836,1,0.002,0.021
88,54,Run,118,54,15,0.986,1,0,0.001
88,54,Pass,118,56,77,1.835,1,0.002,0.019
88,54,Run,118,56,16,1.135,1,0,0.001
88,54,Pass,118,58,90,1.6,1,0.001,0.016
88,54,Run,118,58,17,1.025,1,0,0.001
88,54,Pass,118,60,99,1.425,2,0.001,0.012
88,54,Run,118,60,18,0.771,1,0,0.001
88,54,Pass,118,62,102,1.467,2,0.001,0.01
88,54,Run,118,62,17,0.511,1,0,0.001
88,54,Pass,118,64,109,1.666,3,0.001,0.01
88,54,Run,118,64,18,0.304,1,0,0.001
88,54,Pass,118,66,107,1.827,2,0.001,0.011
88,54,Run,118,66,16,0.167,1,0,0
88,54,Pass,118,68,101,1.814,1,0.001,0.012
88,54,Run,118,68,17,0.11,1,0,0
88,54,Pass,118,70,96,1.635,1,0.001,0.017
88,54,Run,118,70,13,0.129,0,0,0
88,54,Pass,118,72,83,1.328,1,0.002,0.032
88,54,Run,118,72,11,0.189,0,0,0
88,54,Pass,118,74,73,0.947,1,0.003,0.059
88,54,Run,118,74,7,0.227,0,0,0
88,54,Pass,118,76,66,0.589,1,0.003,0.093
88,54,Run,118,76,6,0.209,0,0,0
88,54,Pass,118,78,51,0.329,1,0.002,0.117
88,54,Run,118,78,5,0.157,0,0,0
88,54,Pass,118,80,37,0.171,1,0.001,0.111
88,54,Run,118,80,5,0.104,0,0,0
88,54,Pass,116,0,8,0.006,0,0,0
88,54,Pass,116,2,10,0.024,0,0,0
88,54,Pass,116,4,11,0.082,0,0,0
88,54,Pass,116,6,14,0.224,0,0,0
88,54,Pass,116,8,14,0.478,0,0,0
88,54,Pass,116,10,15,0.773,0,0,0
88,54,Pass,116,12,18,0.928,0,0,0
88,54,Pass,116,14,17,0.821,0,0,0.001
88,54,Pass,116,16,15,0.568,0,0,0.001
88,54,Pass,116,18,20,0.41,1,0,0.001
88,54,Pass,116,20,22,0.456,1,0,0.001
88,54,Pass,116,22,25,0.606,1,0,0
88,54,Run,116,22,1,0,0,0,0.19
88,54,Pass,116,24,28,0.741,0,0,0.001
88,54,Run,116,24,1,0,0,0,0.19
88,54,Pass,116,26,25,0.93,0,0,0.003
88,54,Run,116,26,1,0,0,0,0.19
88,54,Pass,116,28,41,1.323,0,0.001,0.008
88,54,Run,116,28,1,0,0,0,0.19
88,54,Pass,116,30,44,1.812,0,0.001,0.013
88,54,Run,116,30,1,0,0,0,0.19
88,54,Pass,116,32,46,2.055,0,0.002,0.019
88,54,Run,116,32,1,0,0,0,0.19
88,54,Pass,116,34,49,1.895,0,0.003,0.027
88,54,Run,116,34,1,0,0,0,0.19
88,54,Pass,116,36,58,1.545,0,0.003,0.035
88,54,Run,116,36,1,0,0,0,0.19
88,54,Pass,116,38,61,1.252,0,0.002,0.036
88,54,Run,116,38,1,0,0,0,0.19
88,54,Pass,116,40,66,1.01,0,0.002,0.029
88,54,Run,116,40,2,0,0,0,0
88,54,Pass,116,42,72,0.724,0,0.001,0.022
88,54,Run,116,42,5,0.001,0,0,0
88,54,Pass,116,44,77,0.448,1,0,0.02
88,54,Run,116,44,7,0.007,0,0,0
88,54,Pass,116,46,81,0.337,1,0.001,0.029
88,54,Run,116,46,11,0.035,1,0,0
88,54,Pass,116,48,86,0.506,1,0.001,0.04
88,54,Run,116,48,13,0.131,1,0,0
88,54,Pass,116,50,93,0.956,1,0.002,0.044
88,54,Run,116,50,14,0.364,1,0,0.001
88,54,Pass,116,52,99,1.517,1,0.004,0.044
88,54,Run,116,52,16,0.758,1,0,0.001
88,54,Pass,116,54,106,1.892,1,0.004,0.042
88,54,Run,116,54,16,1.185,1,0,0.001
88,54,Pass,116,56,113,1.925,1,0.004,0.037
88,54,Run,116,56,17,1.435,1,0,0.002
88,54,Pass,116,58,118,1.769,1,0.003,0.029
88,54,Run,116,58,18,1.417,1,0,0.002
88,54,Pass,116,60,132,1.709,3,0.002,0.02
88,54,Run,116,60,18,1.217,1,0,0.002
88,54,Pass,116,62,138,1.906,3,0.001,0.014
88,54,Run,116,62,21,0.934,1,0,0.002
88,54,Pass,116,64,135,2.288,3,0.001,0.012
88,54,Run,116,64,21,0.63,1,0,0.001
88,54,Pass,116,66,136,2.602,3,0.002,0.011
88,54,Run,116,66,19,0.373,1,0,0
88,54,Pass,116,68,132,2.656,2,0.002,0.013
88,54,Run,116,68,17,0.23,1,0,0
88,54,Pass,116,70,129,2.443,2,0.003,0.019
88,54,Run,116,70,14,0.222,1,0,0
88,54,Pass,116,72,116,2.024,2,0.004,0.037
88,54,Run,116,72,12,0.294,0,0,0
88,54,Pass,116,74,99,1.484,1,0.005,0.067
88,54,Run,116,74,10,0.337,0,0,0
88,54,Pass,116,76,81,0.956,1,0.005,0.104
88,54,Run,116,76,7,0.291,0,0,0
88,54,Pass,116,78,73,0.545,1,0.004,0.128
88,54,Run,116,78,5,0.191,0,0,0
88,54,Pass,116,80,55,0.277,1,0.002,0.124
88,54,Run,116,80,5,0.103,0,0,0
88,54,Pass,114,0,10,0.01,0,0,0
88,54,Pass,114,2,11,0.035,0,0,0
88,54,Pass,114,4,11,0.095,0,0,0
88,54,Pass,114,6,14,0.215,0,0,0
88,54,Pass,114,8,15,0.392,0,0,0
88,54,Pass,114,10,17,0.577,0,0,0.001
88,54,Pass,114,12,20,0.675,0,0,0.002
88,54,Pass,114,14,21,0.631,1,0,0.003
88,54,Pass,114,16,22,0.52,1,0,0.005
88,54,Pass,114,18,24,0.504,1,0,0.004
88,54,Pass,114,20,28,0.656,1,0,0.002
88,54,Run,114,20,1,0,0,0,0.19
88,54,Pass,114,22,30,0.857,1,0,0.001
88,54,Run,114,22,1,0,0,0,0.19
88,54,Pass,114,24,33,0.94,1,0,0.001
88,54,Run,114,24,1,0,0,0,0.19
88,54,Pass,114,26,40,0.971,1,0,0.003
88,54,Run,114,26,1,0.001,0,0,0.19
88,54,Pass,114,28,48,1.197,0,0.001,0.009
88,54,Run,114,28,1,0.002,0,0,0.19
88,54,Pass,114,30,51,1.659,0,0.001,0.014
88,54,Run,114,30,1,0.002,0,0,0.19
88,54,Pass,114,32,55,2.067,0,0.002,0.02
88,54,Run,114,32,1,0.002,0,0,0.19
88,54,Pass,114,34,62,2.145,0,0.003,0.026
88,54,Run,114,34,2,0.002,0,0,0.18
88,54,Pass,114,36,69,1.926,0,0.003,0.032
88,54,Run,114,36,2,0.001,0,0,0.146
88,54,Pass,114,38,75,1.61,0,0.003,0.035
88,54,Run,114,38,3,0.001,0,0,0.075
88,54,Pass,114,40,85,1.279,0,0.002,0.034
88,54,Run,114,40,4,0.001,0,0,0.055
88,54,Pass,114,42,94,0.922,1,0.002,0.032
88,54,Run,114,42,7,0.002,0,0,0.032
88,54,Pass,114,44,97,0.616,1,0.001,0.036
88,54,Run,114,44,8,0.006,0,0,0.004
88,54,Pass,114,46,107,0.51,2,0.001,0.046
88,54,Run,114,46,13,0.027,1,0,0.001
88,54,Pass,114,48,121,0.693,3,0.002,0.054
88,54,Run,114,48,14,0.104,1,0,0.001
88,54,Pass,114,50,134,1.123,3,0.004,0.061
88,54,Run,114,50,17,0.298,1,0,0.001
88,54,Pass,114,52,135,1.622,3,0.006,0.065
88,54,Run,114,52,18,0.641,1,0,0.002
88,54,Pass,114,54,139,1.952,3,0.007,0.064
88,54,Run,114,54,19,1.048,1,0,0.003
88,54,Pass,114,56,159,2.008,4,0.006,0.057
88,54,Run,114,56,20,1.368,1,0,0.004
88,54,Pass,114,58,170,1.911,3,0.004,0.044
88,54,Run,114,58,20,1.524,1,0,0.004
88,54,Pass,114,60,166,1.899,4,0.003,0.03
88,54,Run,114,60,21,1.513,1,0,0.003
88,54,Pass,114,62,168,2.158,3,0.002,0.02
88,54,Run,114,62,22,1.325,1,0,0.002
88,54,Pass,114,64,173,2.658,3,0.002,0.016
88,54,Run,114,64,21,0.991,1,0,0.001
88,54,Pass,114,66,177,3.124,3,0.002,0.014
88,54,Run,114,66,19,0.628,1,0,0
88,54,Pass,114,68,175,3.289,3,0.003,0.015
88,54,Run,114,68,18,0.373,1,0,0
88,54,Pass,114,70,163,3.083,3,0.003,0.021
88,54,Run,114,70,14,0.291,1,0,0
88,54,Pass,114,72,151,2.578,3,0.005,0.037
88,54,Run,114,72,12,0.331,0,0,0
88,54,Pass,114,74,131,1.913,3,0.007,0.067
88,54,Run,114,74,10,0.361,0,0,0
88,54,Pass,114,76,115,1.251,2,0.007,0.101
88,54,Run,114,76,9,0.3,0,0,0
88,54,Pass,114,78,100,0.714,1,0.005,0.125
88,54,Run,114,78,7,0.183,0,0,0
88,54,Pass,114,80,77,0.35,1,0.002,0.126
88,54,Run,114,80,5,0.086,0,0,0
88,54,Pass,112,0,10,0.023,0,0,0
88,54,Pass,112,2,11,0.067,0,0,0
88,54,Pass,112,4,14,0.151,0,0,0
88,54,Pass,112,6,15,0.271,0,0,0
88,54,Pass,112,8,17,0.398,0,0,0.001
88,54,Pass,112,10,20,0.504,0,0,0.003
88,54,Pass,112,12,22,0.584,1,0,0.005
88,54,Pass,112,14,22,0.634,1,0,0.009
88,54,Pass,112,16,24,0.656,1,0,0.01
88,54,Pass,112,18,23,0.704,1,0,0.008
88,54,Pass,112,20,30,0.846,1,0,0.004
88,54,Run,112,20,1,0,0,0,0.19
88,54,Pass,112,22,34,0.995,1,0,0.001
88,54,Run,112,22,1,0,0,0,0.19
88,54,Pass,112,24,41,0.99,1,0,0.001
88,54,Run,112,24,1,0.001,0,0,0.19
88,54,Pass,112,26,45,0.884,1,0,0.003
88,54,Run,112,26,1,0.003,0,0,0.19
88,54,Pass,112,28,54,0.955,1,0,0.008
88,54,Run,112,28,1,0.006,0,0,0.19
88,54,Pass,112,30,57,1.358,1,0.001,0.013
88,54,Run,112,30,1,0.008,0,0,0.19
88,54,Pass,112,32,68,1.905,0,0.002,0.017
88,54,Run,112,32,2,0.008,0,0,0.187
88,54,Pass,112,34,74,2.242,0,0.003,0.021
88,54,Run,112,34,3,0.007,0,0,0.153
88,54,Pass,112,36,79,2.194,0,0.003,0.027
88,54,Run,112,36,3,0.007,0,0,0.098
88,54,Pass,112,38,87,1.88,0,0.003,0.034
88,54,Run,112,38,3,0.009,0,0,0.064
88,54,Pass,112,40,91,1.492,0,0.003,0.042
88,54,Run,112,40,3,0.01,0,0,0.055
88,54,Pass,112,42,102,1.131,1,0.003,0.049
88,54,Run,112,42,6,0.008,0,0,0.052
88,54,Pass,112,44,115,0.873,2,0.003,0.059
88,54,Run,112,44,10,0.008,0,0,0.033
88,54,Pass,112,46,130,0.823,3,0.003,0.065
88,54,Run,112,46,13,0.017,1,0,0.007
88,54,Pass,112,48,142,1.047,4,0.004,0.065
88,54,Run,112,48,17,0.062,1,0,0.002
88,54,Pass,112,50,151,1.507,5,0.005,0.067
88,54,Run,112,50,17,0.185,1,0,0.002
88,54,Pass,112,52,161,2.032,5,0.008,0.072
88,54,Run,112,52,18,0.416,1,0,0.004
88,54,Pass,112,54,164,2.401,5,0.009,0.07
88,54,Run,112,54,19,0.723,1,0,0.005
88,54,Pass,112,56,171,2.504,6,0.008,0.062
88,54,Run,112,56,20,1.038,1,0,0.006
88,54,Pass,112,58,185,2.411,5,0.006,0.048
88,54,Run,112,58,21,1.309,1,0,0.005
88,54,Pass,112,60,198,2.353,5,0.005,0.036
88,54,Run,112,60,21,1.475,1,0,0.004
88,54,Pass,112,62,208,2.598,4,0.004,0.028
88,54,Run,112,62,23,1.443,1,0,0.002
88,54,Pass,112,64,203,3.178,4,0.004,0.025
88,54,Run,112,64,22,1.19,1,0,0.001
88,54,Pass,112,66,211,3.774,4,0.004,0.022
88,54,Run,112,66,19,0.82,1,0,0
88,54,Pass,112,68,207,4.005,3,0.004,0.02
88,54,Run,112,68,15,0.489,1,0,0
88,54,Pass,112,70,195,3.749,3,0.004,0.022
88,54,Run,112,70,15,0.312,1,0,0
88,54,Pass,112,72,179,3.123,3,0.005,0.032
88,54,Run,112,72,12,0.279,0,0,0
88,54,Pass,112,74,162,2.326,3,0.006,0.052
88,54,Run,112,74,10,0.277,0,0,0
88,54,Pass,112,76,147,1.531,3,0.006,0.076
88,54,Run,112,76,9,0.223,0,0,0
88,54,Pass,112,78,122,0.864,2,0.004,0.094
88,54,Run,112,78,7,0.131,0,0,0
88,54,Pass,112,80,97,0.404,1,0.002,0.098
88,54,Run,112,80,5,0.057,0,0,0
88,54,Pass,110,0,11,0.047,0,0,0
88,54,Pass,110,2,15,0.13,0,0,0
88,54,Pass,110,4,19,0.273,0,0,0
88,54,Pass,110,6,20,0.447,0,0,0
88,54,Pass,110,8,21,0.586,0,0,0.001
88,54,Pass,110,10,25,0.676,1,0,0.004
88,54,Pass,110,12,25,0.788,1,0,0.008
88,54,Pass,110,14,26,0.942,1,0.001,0.011
88,54,Pass,110,16,29,1.042,1,0.001,0.012
88,54,Pass,110,18,28,1.052,1,0.001,0.01
88,54,Run,110,18,1,0,0,0,0.19
88,54,Pass,110,20,30,1.06,1,0,0.006
88,54,Run,110,20,1,0,0,0,0.19
88,54,Pass,110,22,40,1.064,1,0,0.003
88,54,Run,110,22,1,0.001,0,0,0.19
88,54,Pass,110,24,46,0.948,1,0,0.001
88,54,Run,110,24,1,0.003,0,0,0.19
88,54,Pass,110,26,49,0.759,1,0,0.002
88,54,Run,110,26,1,0.008,0,0,0.19
88,54,Pass,110,28,58,0.747,1,0,0.006
88,54,Run,110,28,1,0.015,0,0,0.19
88,54,Pass,110,30,62,1.109,1,0.001,0.009
88,54,Run,110,30,3,0.021,0,0,0.187
88,54,Pass,110,32,73,1.743,0,0.001,0.011
88,54,Run,110,32,3,0.022,0,0,0.172
88,54,Pass,110,34,88,2.271,0,0.002,0.015
88,54,Run,110,34,3,0.022,0,0,0.128
88,54,Pass,110,36,98,2.382,0,0.003,0.023
88,54,Run,110,36,3,0.03,0,0,0.077
88,54,Pass,110,38,98,2.133,0,0.004,0.035
88,54,Run,110,38,4,0.044,0,0,0.058
88,54,Pass,110,40,104,1.795,0,0.005,0.05
88,54,Run,110,40,4,0.051,0,0,0.053
88,54,Pass,110,42,122,1.53,2,0.005,0.063
88,54,Run,110,42,6,0.043,0,0,0.052
88,54,Pass,110,44,136,1.372,3,0.005,0.072
88,54,Run,110,44,11,0.026,0,0,0.05
88,54,Pass,110,46,142,1.366,5,0.005,0.075
88,54,Run,110,46,15,0.018,1,0,0.03
88,54,Pass,110,48,161,1.612,6,0.006,0.071
88,54,Run,110,48,19,0.037,1,0,0.006
88,54,Pass,110,50,168,2.155,6,0.008,0.068
88,54,Run,110,50,18,0.108,1,0,0.004
88,54,Pass,110,52,185,2.854,6,0.01,0.066
88,54,Run,110,52,18,0.255,1,0,0.005
88,54,Pass,110,54,202,3.425,7,0.011,0.062
88,54,Run,110,54,20,0.467,1,0,0.007
88,54,Pass,110,56,202,3.651,7,0.01,0.053
88,54,Run,110,56,20,0.707,1,0,0.007
88,54,Pass,110,58,208,3.561,7,0.008,0.042
88,54,Run,110,58,21,0.947,1,0,0.006
88,54,Pass,110,60,226,3.455,6,0.007,0.036
88,54,Run,110,60,21,1.147,1,0,0.004
88,54,Pass,110,62,241,3.729,7,0.007,0.036
88,54,Run,110,62,23,1.23,1,0,0.002
88,54,Pass,110,64,246,4.428,6,0.009,0.037
88,54,Run,110,64,22,1.133,1,0,0.001
88,54,Pass,110,66,237,5.101,5,0.009,0.035
88,54,Run,110,66,18,0.868,1,0,0
88,54,Pass,110,68,239,5.263,5,0.008,0.03
88,54,Run,110,68,15,0.542,1,0,0
88,54,Pass,110,70,224,4.849,4,0.007,0.026
88,54,Run,110,70,12,0.301,1,0,0
88,54,Pass,110,72,205,4.079,4,0.006,0.027
88,54,Run,110,72,11,0.194,0,0,0
88,54,Pass,110,74,190,3.141,4,0.005,0.033
88,54,Run,110,74,10,0.158,0,0,0
88,54,Pass,110,76,174,2.142,4,0.005,0.041
88,54,Run,110,76,9,0.119,0,0,0
88,54,Pass,110,78,150,1.223,2,0.003,0.047
88,54,Run,110,78,8,0.068,0,0,0
88,54,Pass,110,80,118,0.554,2,0.001,0.049
88,54,Run,110,80,6,0.028,0,0,0
88,54,Pass,108,0,14,0.072,0,0,0
88,54,Pass,108,2,16,0.196,0,0,0
88,54,Pass,108,4,21,0.408,0,0,0
88,54,Pass,108,6,20,0.657,0,0,0
88,54,Pass,108,8,22,0.845,1,0,0.001
88,54,Pass,108,10,25,0.964,1,0,0.003
88,54,Pass,108,12,27,1.129,1,0,0.007
88,54,Pass,108,14,31,1.365,1,0.001,0.01
88,54,Pass,108,16,31,1.49,1,0.001,0.011
88,54,Pass,108,18,31,1.412,1,0.001,0.01
88,54,Run,108,18,1,0,0,0,0.19
88,54,Pass,108,20,30,1.261,1,0,0.007
88,54,Run,108,20,1,0,0,0,0.19
88,54,Pass,108,22,41,1.116,1,0,0.004
88,54,Run,108,22,1,0.001,0,0,0.19
88,54,Pass,108,24,47,0.911,1,0,0.002
88,54,Run,108,24,1,0.005,0,0,0.19
88,54,Pass,108,26,53,0.683,1,0,0.002
88,54,Run,108,26,1,0.013,0,0,0.19
88,54,Pass,108,28,62,0.64,1,0,0.004
88,54,Run,108,28,2,0.025,0,0,0.19
88,54,Pass,108,30,73,0.969,1,0,0.005
88,54,Run,108,30,4,0.036,0,0,0.182
88,54,Pass,108,32,92,1.623,1,0.001,0.007
88,54,Run,108,32,4,0.043,0,0,0.155
88,54,Pass,108,34,102,2.251,0,0.001,0.011
88,54,Run,108,34,5,0.059,0,0,0.1
88,54,Pass,108,36,104,2.502,0,0.003,0.02
88,54,Run,108,36,5,0.103,0,0,0.064
88,54,Pass,108,38,108,2.415,0,0.004,0.035
88,54,Run,108,38,4,0.162,0,0,0.054
88,54,Pass,108,40,121,2.281,1,0.006,0.051
88,54,Run,108,40,4,0.19,0,0.001,0.052
88,54,Pass,108,42,137,2.23,2,0.007,0.061
88,54,Run,108,42,5,0.158,0,0,0.052
88,54,Pass,108,44,156,2.191,5,0.008,0.068
88,54,Run,108,44,10,0.093,0,0,0.052
88,54,Pass,108,46,176,2.169,6,0.008,0.071
88,54,Run,108,46,15,0.043,1,0,0.046
88,54,Pass,108,48,196,2.391,6,0.009,0.068
88,54,Run,108,48,16,0.037,1,0,0.017
88,54,Pass,108,50,216,3.073,6,0.01,0.062
88,54,Run,108,50,20,0.089,1,0,0.004
88,54,Pass,108,52,224,4.09,6,0.012,0.057
88,54,Run,108,52,21,0.209,1,0,0.004
88,54,Pass,108,54,237,4.983,7,0.014,0.051
88,54,Run,108,54,20,0.374,1,0,0.005
88,54,Pass,108,56,255,5.373,7,0.012,0.042
88,54,Run,108,56,21,0.527,1,0,0.006
88,54,Pass,108,58,261,5.301,7,0.01,0.035
88,54,Run,108,58,21,0.646,1,0,0.006
88,54,Pass,108,60,275,5.203,8,0.009,0.034
88,54,Run,108,60,21,0.758,1,0,0.004
88,54,Pass,108,62,281,5.568,9,0.012,0.04
88,54,Run,108,62,21,0.866,1,0,0.002
88,54,Pass,108,64,291,6.398,8,0.016,0.047
88,54,Run,108,64,19,0.896,1,0,0.001
88,54,Pass,108,66,283,7.096,7,0.018,0.047
88,54,Run,108,66,17,0.767,1,0,0
88,54,Pass,108,68,270,7.151,5,0.016,0.042
88,54,Run,108,68,14,0.51,1,0,0
88,54,Pass,108,70,261,6.649,4,0.012,0.034
88,54,Run,108,70,12,0.267,1,0,0
88,54,Pass,108,72,247,5.877,4,0.008,0.027
88,54,Run,108,72,9,0.128,0,0,0
88,54,Pass,108,74,227,4.854,4,0.006,0.024
88,54,Run,108,74,10,0.073,0,0,0
88,54,Pass,108,76,211,3.506,4,0.004,0.023
88,54,Run,108,76,9,0.047,0,0,0
88,54,Pass,108,78,184,2.058,4,0.002,0.022
88,54,Run,108,78,8,0.026,0,0,0
88,54,Pass,108,80,142,0.93,2,0.001,0.022
88,54,Run,108,80,7,0.01,0,0,0
88,54,Pass,106,0,14,0.08,0,0,0
88,54,Pass,106,2,15,0.218,0,0,0
88,54,Pass,106,4,19,0.454,0,0,0
88,54,Pass,106,6,19,0.734,0,0,0
88,54,Pass,106,8,24,0.957,1,0,0.001
88,54,Pass,106,10,26,1.119,1,0,0.003
88,54,Pass,106,12,29,1.342,1,0,0.006
88,54,Pass,106,14,35,1.62,1,0.001,0.008
88,54,Pass,106,16,37,1.725,1,0.001,0.009
88,54,Pass,106,18,37,1.556,1,0.001,0.009
88,54,Run,106,18,1,0,0,0,0.19
88,54,Pass,106,20,36,1.293,1,0,0.007
88,54,Run,106,20,1,0,0,0,0.19
88,54,Pass,106,22,41,1.065,1,0,0.004
88,54,Run,106,22,1,0.001,0,0,0.19
88,54,Pass,106,24,48,0.836,1,0,0.003
88,54,Run,106,24,2,0.006,0,0,0.19
88,54,Pass,106,26,54,0.626,1,0,0.003
88,54,Run,106,26,2,0.016,0,0,0.19
88,54,Pass,106,28,64,0.589,1,0,0.003
88,54,Run,106,28,4,0.031,0,0,0.186
88,54,Pass,106,30,78,0.889,1,0,0.003
88,54,Run,106,30,4,0.046,0,0,0.172
88,54,Pass,106,32,94,1.519,1,0,0.004
88,54,Run,106,32,5,0.067,0,0,0.129
88,54,Pass,106,34,104,2.19,0,0.001,0.009
88,54,Run,106,34,5,0.127,0,0.001,0.078
88,54,Pass,106,36,110,2.584,0,0.002,0.017
88,54,Run,106,36,5,0.259,0,0.001,0.057
88,54,Pass,106,38,117,2.741,0,0.004,0.031
88,54,Run,106,38,5,0.424,0,0.001,0.053
88,54,Pass,106,40,134,2.924,1,0.007,0.043
88,54,Run,106,40,5,0.5,0,0.001,0.052
88,54,Pass,106,42,156,3.159,4,0.008,0.05
88,54,Run,106,42,5,0.414,0,0.001,0.052
88,54,Pass,106,44,181,3.219,6,0.009,0.055
88,54,Run,106,44,7,0.241,0,0.001,0.052
88,54,Pass,106,46,210,3.113,7,0.01,0.058
88,54,Run,106,46,13,0.103,1,0,0.05
88,54,Pass,106,48,235,3.278,7,0.01,0.056
88,54,Run,106,48,14,0.054,1,0,0.028
88,54,Pass,106,50,252,4.155,7,0.011,0.05
88,54,Run,106,50,16,0.093,1,0,0.005
88,54,Pass,106,52,267,5.572,7,0.013,0.045
88,54,Run,106,52,19,0.208,1,0,0.003
88,54,Pass,106,54,294,6.8,8,0.014,0.04
88,54,Run,106,54,21,0.352,1,0,0.003
88,54,Pass,106,56,297,7.292,8,0.013,0.034
88,54,Run,106,56,21,0.444,1,0,0.004
88,54,Pass,106,58,312,7.19,9,0.011,0.028
88,54,Run,106,58,21,0.458,1,0,0.004
88,54,Pass,106,60,320,7.081,10,0.011,0.03
88,54,Run,106,60,18,0.465,1,0,0.003
88,54,Pass,106,62,324,7.487,10,0.016,0.04
88,54,Run,106,62,18,0.529,1,0,0.001
88,54,Pass,106,64,340,8.384,10,0.022,0.05
88,54,Run,106,64,18,0.597,1,0,0
88,54,Pass,106,66,326,9.166,7,0.026,0.053
88,54,Run,106,66,15,0.556,1,0,0
88,54,Pass,106,68,310,9.362,5,0.024,0.048
88,54,Run,106,68,14,0.391,1,0,0
88,54,Pass,106,70,300,9.111,5,0.019,0.038
88,54,Run,106,70,10,0.203,0,0,0
88,54,Pass,106,72,282,8.605,5,0.014,0.03
88,54,Run,106,72,10,0.083,0,0,0
88,54,Pass,106,74,259,7.561,4,0.01,0.024
88,54,Run,106,74,8,0.033,0,0,0
88,54,Pass,106,76,234,5.698,4,0.006,0.021
88,54,Run,106,76,7,0.015,0,0,0
88,54,Pass,106,78,212,3.425,4,0.004,0.019
88,54,Run,106,78,6,0.007,0,0,0
88,54,Pass,106,80,176,1.564,3,0.002,0.019
88,54,Run,106,80,5,0.003,0,0,0
88,54,Pass,104,0,12,0.075,0,0,0
88,54,Pass,104,2,14,0.195,0,0,0
88,54,Pass,104,4,18,0.401,0,0,0
88,54,Pass,104,6,19,0.65,0,0,0
88,54,Pass,104,8,22,0.87,1,0,0.001
88,54,Pass,104,10,30,1.065,1,0,0.002
88,54,Pass,104,12,30,1.326,1,0,0.004
88,54,Pass,104,14,36,1.6,1,0,0.006
88,54,Pass,104,16,40,1.653,1,0.001,0.007
88,54,Pass,104,18,38,1.416,1,0.001,0.008
88,54,Run,104,18,1,0,0,0,0.19
88,54,Pass,104,20,38,1.099,1,0.001,0.009
88,54,Run,104,20,1,0,0,0,0.19
88,54,Pass,104,22,44,0.859,1,0,0.008
88,54,Run,104,22,2,0.001,0,0,0.188
88,54,Pass,104,24,49,0.674,1,0,0.006
88,54,Run,104,24,2,0.005,0,0,0.188
88,54,Pass,104,26,60,0.538,1,0,0.005
88,54,Run,104,26,2,0.013,0,0,0.187
88,54,Pass,104,28,73,0.54,1,0,0.003
88,54,Run,104,28,5,0.027,0,0,0.179
88,54,Pass,104,30,87,0.814,1,0,0.003
88,54,Run,104,30,5,0.045,0,0,0.152
88,54,Pass,104,32,105,1.397,1,0,0.004
88,54,Run,104,32,6,0.087,0,0,0.1
88,54,Pass,104,34,117,2.1,1,0.001,0.008
88,54,Run,104,34,5,0.213,0,0.001,0.064
88,54,Pass,104,36,120,2.661,1,0.002,0.014
88,54,Run,104,36,5,0.474,0,0.001,0.054
88,54,Pass,104,38,126,3.092,1,0.004,0.024
88,54,Run,104,38,5,0.788,0,0.002,0.052
88,54,Pass,104,40,156,3.575,2,0.006,0.033
88,54,Run,104,40,5,0.928,0,0.003,0.052
88,54,Pass,104,42,189,4.019,6,0.008,0.039
88,54,Run,104,42,6,0.767,0,0.002,0.052
88,54,Pass,104,44,218,4.109,7,0.009,0.042
88,54,Run,104,44,7,0.445,0,0.001,0.052
88,54,Pass,104,46,250,3.896,7,0.009,0.043
88,54,Run,104,46,8,0.185,0,0.001,0.051
88,54,Pass,104,48,268,4.042,7,0.009,0.042
88,54,Run,104,48,9,0.074,1,0,0.038
88,54,Pass,104,50,293,5.163,7,0.01,0.038
88,54,Run,104,50,11,0.085,1,0,0.009
88,54,Pass,104,52,310,6.987,8,0.013,0.035
88,54,Run,104,52,15,0.176,1,0,0.004
88,54,Pass,104,54,339,8.488,9,0.014,0.032
88,54,Run,104,54,17,0.289,1,0,0.004
88,54,Pass,104,56,346,8.976,10,0.013,0.027
88,54,Run,104,56,16,0.344,1,0,0.004
88,54,Pass,104,58,354,8.719,11,0.01,0.022
88,54,Run,104,58,16,0.313,1,0,0.004
88,54,Pass,104,60,365,8.451,13,0.011,0.024
88,54,Run,104,60,16,0.267,1,0,0.003
88,54,Pass,104,62,377,8.73,12,0.016,0.035
88,54,Run,104,62,13,0.278,1,0,0.001
88,54,Pass,104,64,392,9.619,11,0.024,0.046
88,54,Run,104,64,14,0.322,1,0,0
88,54,Pass,104,66,382,10.649,8,0.028,0.05
88,54,Run,104,66,14,0.315,1,0,0
88,54,Pass,104,68,357,11.35,4,0.028,0.046
88,54,Run,104,68,13,0.23,1,0,0
88,54,Pass,104,70,340,11.684,6,0.024,0.038
88,54,Run,104,70,9,0.122,0,0,0
88,54,Pass,104,72,323,11.601,6,0.019,0.031
88,54,Run,104,72,9,0.048,0,0,0
88,54,Pass,104,74,297,10.572,5,0.015,0.026
88,54,Run,104,74,7,0.015,0,0,0
88,54,Pass,104,76,273,8.18,4,0.01,0.024
88,54,Run,104,76,6,0.005,0,0,0
88,54,Pass,104,78,236,5.022,3,0.006,0.023
88,54,Run,104,78,6,0.002,0,0,0
88,54,Pass,104,80,194,2.337,2,0.003,0.022
88,54,Run,104,80,4,0.001,0,0,0
88,54,Pass,102,0,12,0.082,0,0,0
88,54,Pass,102,2,14,0.187,0,0,0
88,54,Pass,102,4,16,0.356,0,0,0
88,54,Pass,102,6,18,0.559,0,0,0
88,54,Pass,102,8,27,0.747,1,0,0
88,54,Pass,102,10,31,0.93,1,0,0.001
88,54,Pass,102,12,32,1.16,1,0,0.002
88,54,Pass,102,14,36,1.371,1,0,0.004
88,54,Pass,102,16,42,1.371,1,0,0.006
88,54,Pass,102,18,39,1.123,1,0.001,0.01
88,54,Run,102,18,1,0,0,0,0.19
88,54,Pass,102,20,42,0.824,1,0.001,0.015
88,54,Run,102,20,1,0,0,0,0.19
88,54,Pass,102,22,50,0.625,1,0.001,0.018
88,54,Run,102,22,2,0.001,0,0,0.179
88,54,Pass,102,24,58,0.517,1,0,0.017
88,54,Run,102,24,3,0.003,0,0,0.174
88,54,Pass,102,26,66,0.467,1,0,0.012
88,54,Run,102,26,4,0.008,0,0,0.168
88,54,Pass,102,28,75,0.505,1,0,0.007
88,54,Run,102,28,6,0.019,0,0,0.153
88,54,Pass,102,30,98,0.736,2,0,0.005
88,54,Run,102,30,5,0.038,0,0,0.119
88,54,Pass,102,32,118,1.258,2,0,0.006
88,54,Run,102,32,6,0.096,0,0,0.076
88,54,Pass,102,34,129,2.003,1,0.001,0.009
88,54,Run,102,34,6,0.27,0,0.001,0.057
88,54,Pass,102,36,139,2.764,1,0.002,0.014
88,54,Run,102,36,8,0.621,0,0.002,0.052
88,54,Pass,102,38,158,3.441,1,0.004,0.02
88,54,Run,102,38,7,1.036,0,0.003,0.051
88,54,Pass,102,40,185,4.052,2,0.006,0.026
88,54,Run,102,40,7,1.218,0,0.003,0.051
88,54,Pass,102,42,225,4.476,7,0.007,0.03
88,54,Run,102,42,8,1.004,0,0.003,0.052
88,54,Pass,102,44,260,4.5,7,0.008,0.032
88,54,Run,102,44,7,0.581,0,0.002,0.052
88,54,Pass,102,46,293,4.302,7,0.007,0.032
88,54,Run,102,46,9,0.239,0,0.001,0.052
88,54,Pass,102,48,329,4.644,7,0.008,0.032
88,54,Run,102,48,9,0.082,0,0,0.045
88,54,Pass,102,50,354,6.156,8,0.01,0.031
88,54,Run,102,50,9,0.061,1,0,0.016
88,54,Pass,102,52,374,8.417,8,0.013,0.03
88,54,Run,102,52,9,0.112,1,0,0.006
88,54,Pass,102,54,393,10.152,10,0.015,0.027
88,54,Run,102,54,10,0.179,1,0,0.005
88,54,Pass,102,56,403,10.534,12,0.013,0.023
88,54,Run,102,56,12,0.207,1,0,0.006
88,54,Pass,102,58,405,9.917,15,0.01,0.019
88,54,Run,102,58,12,0.177,1,0,0.006
88,54,Pass,102,60,418,9.21,14,0.009,0.019
88,54,Run,102,60,12,0.132,1,0,0.004
88,54,Pass,102,62,432,9.107,14,0.013,0.026
88,54,Run,102,62,12,0.12,1,0,0.002
88,54,Pass,102,64,458,9.849,14,0.019,0.036
88,54,Run,102,64,12,0.134,1,0,0.001
88,54,Pass,102,66,446,11.138,12,0.024,0.041
88,54,Run,102,66,13,0.133,1,0,0
88,54,Pass,102,68,415,12.405,7,0.026,0.039
88,54,Run,102,68,10,0.1,0,0,0
88,54,Pass,102,70,387,13.296,6,0.024,0.034
88,54,Run,102,70,8,0.055,0,0,0
88,54,Pass,102,72,354,13.562,5,0.021,0.029
88,54,Run,102,72,6,0.022,0,0,0
88,54,Pass,102,74,327,12.621,5,0.018,0.027
88,54,Run,102,74,6,0.007,0,0,0
88,54,Pass,102,76,296,9.987,5,0.014,0.026
88,54,Run,102,76,6,0.002,0,0,0
88,54,Pass,102,78,262,6.286,3,0.009,0.026
88,54,Run,102,78,5,0,0,0,0
88,54,Pass,102,80,228,3.004,2,0.004,0.025
88,54,Run,102,80,3,0,0,0,0
88,54,Pass,100,0,12,0.12,0,0,0
88,54,Pass,100,2,14,0.231,0,0,0
88,54,Pass,100,4,16,0.389,0,0,0
88,54,Pass,100,6,20,0.56,0,0,0
88,54,Pass,100,8,29,0.701,1,0,0
88,54,Pass,100,10,30,0.818,1,0,0
88,54,Pass,100,12,35,0.949,1,0,0.001
88,54,Pass,100,14,38,1.063,1,0,0.003
88,54,Pass,100,16,46,1.043,1,0,0.007
88,54,Pass,100,18,46,0.865,1,0.001,0.014
88,54,Pass,100,20,45,0.661,1,0.001,0.026
88,54,Run,100,20,2,0,0,0,0.142
88,54,Pass,100,22,49,0.546,1,0.001,0.034
88,54,Run,100,22,4,0.001,0,0,0.058
88,54,Pass,100,24,62,0.525,1,0.001,0.031
88,54,Run,100,24,4,0.003,0,0,0.073
88,54,Pass,100,26,76,0.543,1,0.001,0.024
88,54,Run,100,26,5,0.007,0,0,0.083
88,54,Pass,100,28,91,0.589,2,0.001,0.018
88,54,Run,100,28,7,0.016,0,0,0.083
88,54,Pass,100,30,108,0.751,2,0.001,0.014
88,54,Run,100,30,8,0.034,0,0,0.072
88,54,Pass,100,32,133,1.193,2,0.001,0.013
88,54,Run,100,32,9,0.089,0,0,0.058
88,54,Pass,100,34,138,1.974,1,0.002,0.015
88,54,Run,100,34,10,0.252,0,0.001,0.052
88,54,Pass,100,36,160,2.929,1,0.003,0.018
88,54,Run,100,36,9,0.578,0,0.002,0.051
88,54,Pass,100,38,186,3.782,1,0.004,0.021
88,54,Run,100,38,9,0.962,0,0.003,0.051
88,54,Pass,100,40,214,4.346,3,0.005,0.023
88,54,Run,100,40,8,1.128,0,0.003,0.051
88,54,Pass,100,42,264,4.572,7,0.006,0.024
88,54,Run,100,42,8,0.93,0,0.003,0.052
88,54,Pass,100,44,297,4.545,7,0.006,0.025
88,54,Run,100,44,9,0.539,0,0.001,0.052
88,54,Pass,100,46,348,4.65,7,0.006,0.026
88,54,Run,100,46,9,0.222,0,0.001,0.053
88,54,Pass,100,48,385,5.598,8,0.008,0.028
88,54,Run,100,48,9,0.071,0,0,0.05
88,54,Pass,100,50,412,7.82,8,0.012,0.029
88,54,Run,100,50,9,0.036,0,0,0.027
88,54,Pass,100,52,430,10.67,10,0.016,0.028
88,54,Run,100,52,9,0.052,1,0,0.011
88,54,Pass,100,54,452,12.655,12,0.017,0.025
88,54,Run,100,54,7,0.081,1,0,0.009
88,54,Pass,100,56,467,12.809,14,0.014,0.021
88,54,Run,100,56,11,0.092,1,0,0.01
88,54,Pass,100,58,467,11.542,17,0.01,0.017
88,54,Run,100,58,11,0.076,1,0,0.01
88,54,Pass,100,60,471,10.01,17,0.008,0.015
88,54,Run,100,60,12,0.052,1,0,0.008
88,54,Pass,100,62,504,9.17,18,0.009,0.019
88,54,Run,100,62,12,0.04,1,0,0.004
88,54,Pass,100,64,538,9.456,17,0.013,0.027
88,54,Run,100,64,11,0.041,0,0,0.001
88,54,Pass,100,66,523,10.658,13,0.017,0.031
88,54,Run,100,66,10,0.041,0,0,0
88,54,Pass,100,68,470,12.089,9,0.02,0.031
88,54,Run,100,68,8,0.032,0,0,0
88,54,Pass,100,70,422,13.17,8,0.02,0.028
88,54,Run,100,70,6,0.018,0,0,0
88,54,Pass,100,72,383,13.588,6,0.019,0.026
88,54,Run,100,72,4,0.008,0,0,0
88,54,Pass,100,74,346,12.84,5,0.018,0.026
88,54,Run,100,74,4,0.002,0,0,0
88,54,Pass,100,76,315,10.394,5,0.014,0.026
88,54,Run,100,76,4,0.001,0,0,0
88,54,Pass,100,78,276,6.722,3,0.009,0.026
88,54,Run,100,78,3,0,0,0,0
88,54,Pass,100,80,242,3.307,3,0.004,0.025
88,54,Run,100,80,2,0,0,0,0
88,54,Pass,98,0,11,0.166,0,0,0
88,54,Pass,98,2,15,0.283,0,0,0
88,54,Pass,98,4,17,0.431,0,0,0
88,54,Pass,98,6,22,0.568,0,0,0
88,54,Pass,98,8,29,0.658,1,0,0
88,54,Pass,98,10,34,0.71,1,0,0
88,54,Pass,98,12,40,0.769,1,0,0.001
88,54,Pass,98,14,44,0.845,1,0,0.003
88,54,Pass,98,16,49,0.877,1,0,0.008
88,54,Pass,98,18,54,0.827,1,0.001,0.017
88,54,Run,98,18,1,0,0,0,0
88,54,Pass,98,20,54,0.754,1,0.001,0.028
88,54,Run,98,20,3,0.001,0,0,0.001
88,54,Pass,98,22,61,0.752,1,0.001,0.035
88,54,Run,98,22,4,0.004,0,0,0.006
88,54,Pass,98,24,74,0.838,1,0.002,0.034
88,54,Run,98,24,5,0.009,0,0,0.01
88,54,Pass,98,26,87,0.941,2,0.002,0.032
88,54,Run,98,26,5,0.018,0,0,0.015
88,54,Pass,98,28,106,0.995,2,0.002,0.03
88,54,Run,98,28,7,0.029,0,0,0.023
88,54,Pass,98,30,120,1.07,2,0.002,0.03
88,54,Run,98,30,9,0.043,0,0,0.031
88,54,Pass,98,32,137,1.387,2,0.002,0.028
88,54,Run,98,32,10,0.077,0,0,0.042
88,54,Pass,98,34,163,2.12,1,0.003,0.028
88,54,Run,98,34,10,0.179,0,0,0.048
88,54,Pass,98,36,188,3.156,1,0.005,0.028
88,54,Run,98,36,10,0.386,0,0.001,0.05
88,54,Pass,98,38,214,4.104,1,0.006,0.028
88,54,Run,98,38,9,0.631,0,0.002,0.051
88,54,Pass,98,40,239,4.633,3,0.006,0.026
88,54,Run,98,40,9,0.738,0,0.002,0.051
88,54,Pass,98,42,301,4.787,7,0.006,0.024
88,54,Run,98,42,7,0.609,0,0.002,0.052
88,54,Pass,98,44,340,4.954,7,0.006,0.023
88,54,Run,98,44,8,0.355,0,0.001,0.053
88,54,Pass,98,46,391,5.699,8,0.007,0.024
88,54,Run,98,46,8,0.148,0,0,0.054
88,54,Pass,98,48,442,7.58,9,0.011,0.027
88,54,Run,98,48,9,0.046,0,0,0.054
88,54,Pass,98,50,465,10.714,9,0.016,0.028
88,54,Run,98,50,9,0.017,0,0,0.039
88,54,Pass,98,52,487,14.206,12,0.02,0.026
88,54,Run,98,52,9,0.019,0,0,0.018
88,54,Pass,98,54,497,16.407,14,0.02,0.023
88,54,Run,98,54,6,0.027,0,0,0.016
88,54,Pass,98,56,506,16.252,16,0.017,0.019
88,54,Run,98,56,6,0.03,0,0,0.016
88,54,Pass,98,58,511,14.19,17,0.012,0.016
88,54,Run,98,58,8,0.024,0,0,0.017
88,54,Pass,98,60,519,11.61,17,0.009,0.014
88,54,Run,98,60,8,0.015,0,0,0.015
88,54,Pass,98,62,551,9.74,17,0.009,0.016
88,54,Run,98,62,8,0.01,0,0,0.009
88,54,Pass,98,64,587,9.17,16,0.01,0.021
88,54,Run,98,64,8,0.009,0,0,0.003
88,54,Pass,98,66,564,9.758,15,0.013,0.024
88,54,Run,98,66,6,0.009,0,0,0.001
88,54,Pass,98,68,513,10.812,9,0.014,0.025
88,54,Run,98,68,5,0.007,0,0,0
88,54,Pass,98,70,463,11.694,8,0.015,0.024
88,54,Run,98,70,5,0.004,0,0,0
88,54,Pass,98,72,414,12.077,8,0.015,0.023
88,54,Run,98,72,4,0.002,0,0,0
88,54,Pass,98,74,369,11.522,6,0.014,0.023
88,54,Run,98,74,4,0.001,0,0,0
88,54,Pass,98,76,330,9.485,5,0.012,0.024
88,54,Run,98,76,3,0,0,0,0
88,54,Pass,98,78,291,6.266,4,0.008,0.023
88,54,Run,98,78,2,0,0,0,0
88,54,Pass,98,80,254,3.157,3,0.004,0.023
88,54,Pass,96,0,12,0.176,0,0,0
88,54,Pass,96,2,15,0.274,0,0,0
88,54,Pass,96,4,18,0.383,0,0,0
88,54,Pass,96,6,22,0.475,0,0,0
88,54,Pass,96,8,29,0.53,0,0,0
88,54,Pass,96,10,35,0.573,1,0,0
88,54,Pass,96,12,39,0.658,1,0,0.001
88,54,Pass,96,14,44,0.812,1,0,0.003
88,54,Pass,96,16,52,0.985,1,0,0.007
88,54,Pass,96,18,53,1.099,1,0.001,0.014
88,54,Run,96,18,2,0.001,0,0,0
88,54,Pass,96,20,64,1.176,1,0.001,0.021
88,54,Run,96,20,3,0.004,0,0,0
88,54,Pass,96,22,69,1.319,1,0.002,0.028
88,54,Run,96,22,5,0.014,0,0,0.001
88,54,Pass,96,24,77,1.569,1,0.003,0.032
88,54,Run,96,24,5,0.033,0,0,0.002
88,54,Pass,96,26,93,1.826,2,0.003,0.035
88,54,Run,96,26,5,0.058,0,0,0.003
88,54,Pass,96,28,110,1.955,2,0.004,0.038
88,54,Run,96,28,7,0.077,0,0,0.006
88,54,Pass,96,30,126,1.973,2,0.004,0.041
88,54,Run,96,30,10,0.083,0,0,0.011
88,54,Pass,96,32,147,2.122,1,0.005,0.044
88,54,Run,96,32,10,0.085,0,0,0.022
88,54,Pass,96,34,175,2.664,1,0.006,0.044
88,54,Run,96,34,10,0.113,0,0,0.038
88,54,Pass,96,36,203,3.589,1,0.008,0.043
88,54,Run,96,36,10,0.192,0,0,0.047
88,54,Pass,96,38,239,4.546,1,0.01,0.04
88,54,Run,96,38,10,0.296,0,0.001,0.05
88,54,Pass,96,40,280,5.191,3,0.01,0.035
88,54,Run,96,40,8,0.342,0,0.001,0.052
88,54,Pass,96,42,337,5.62,6,0.009,0.029
88,54,Run,96,42,9,0.284,0,0.001,0.053
88,54,Pass,96,44,395,6.338,8,0.008,0.025
88,54,Run,96,44,7,0.167,0,0,0.054
88,54,Pass,96,46,442,7.882,10,0.01,0.024
88,54,Run,96,46,7,0.071,0,0,0.056
88,54,Pass,96,48,488,10.571,11,0.014,0.026
88,54,Run,96,48,8,0.022,0,0,0.058
88,54,Pass,96,50,514,14.258,12,0.019,0.025
88,54,Run,96,50,9,0.007,0,0,0.051
88,54,Pass,96,52,544,17.983,13,0.023,0.024
88,54,Run,96,52,8,0.005,0,0,0.029
88,54,Pass,96,54,546,20.205,15,0.022,0.021
88,54,Run,96,54,7,0.007,0,0,0.025
88,54,Pass,96,56,546,19.894,16,0.019,0.018
88,54,Run,96,56,6,0.007,0,0,0.026
88,54,Pass,96,58,561,17.377,17,0.014,0.015
88,54,Run,96,58,5,0.006,0,0,0.027
88,54,Pass,96,60,577,13.991,19,0.01,0.014
88,54,Run,96,60,8,0.003,0,0,0.026
88,54,Pass,96,62,589,11.092,18,0.009,0.016
88,54,Run,96,62,7,0.002,0,0,0.018
88,54,Pass,96,64,608,9.448,16,0.01,0.02
88,54,Run,96,64,7,0.002,0,0,0.006
88,54,Pass,96,66,590,9.091,14,0.011,0.023
88,54,Run,96,66,5,0.001,0,0,0.001
88,54,Pass,96,68,554,9.488,11,0.012,0.024
88,54,Run,96,68,4,0.001,0,0,0
88,54,Pass,96,70,485,10.024,9,0.013,0.024
88,54,Run,96,70,3,0.001,0,0,0
88,54,Pass,96,72,426,10.284,8,0.013,0.023
88,54,Run,96,72,2,0,0,0,0
88,54,Pass,96,74,382,9.795,8,0.012,0.023
88,54,Run,96,74,2,0,0,0,0
88,54,Pass,96,76,337,8.072,4,0.009,0.022
88,54,Run,96,76,1,0,0,0,0
88,54,Pass,96,78,305,5.361,4,0.006,0.021
88,54,Run,96,78,1,0,0,0,0
88,54,Pass,96,80,267,2.73,3,0.003,0.02
88,54,Pass,94,0,11,0.136,0,0,0
88,54,Pass,94,2,14,0.194,0,0,0
88,54,Pass,94,4,16,0.254,0,0,0
88,54,Pass,94,6,23,0.308,0,0,0
88,54,Pass,94,8,27,0.358,0,0,0
88,54,Pass,94,10,32,0.438,0,0,0
88,54,Pass,94,12,35,0.6,1,0,0.001
88,54,Pass,94,14,42,0.877,1,0,0.004
88,54,Run,94,16,2,0,0,0,0
88,54,Pass,94,16,48,1.22,1,0.001,0.008
88,54,Pass,94,18,58,1.533,1,0.001,0.014
88,54,Run,94,18,3,0.003,0,0,0
88,54,Pass,94,20,62,1.816,1,0.002,0.02
88,54,Run,94,20,5,0.012,0,0,0
88,54,Pass,94,22,78,2.175,1,0.003,0.026
88,54,Run,94,22,5,0.041,0,0,0
88,54,Pass,94,24,90,2.66,1,0.004,0.031
88,54,Run,94,24,5,0.094,0,0,0
88,54,Pass,94,26,110,3.161,2,0.006,0.036
88,54,Run,94,26,6,0.156,0,0,0.001
88,54,Pass,94,28,130,3.482,2,0.007,0.04
88,54,Run,94,28,7,0.191,0,0,0.002
88,54,Pass,94,30,151,3.563,2,0.009,0.046
88,54,Run,94,30,8,0.179,0,0,0.004
88,54,Pass,94,32,164,3.613,1,0.01,0.053
88,54,Run,94,32,10,0.136,0,0,0.007
88,54,Pass,94,34,199,3.938,1,0.012,0.057
88,54,Run,94,34,10,0.098,0,0,0.018
88,54,Pass,94,36,231,4.64,1,0.014,0.057
88,54,Run,94,36,10,0.089,0,0,0.035
88,54,Pass,94,38,268,5.523,1,0.015,0.052
88,54,Run,94,38,9,0.106,0,0,0.047
88,54,Pass,94,40,308,6.354,3,0.015,0.044
88,54,Run,94,40,8,0.115,0,0,0.051
88,54,Pass,94,42,354,7.271,6,0.013,0.033
88,54,Run,94,42,8,0.095,0,0,0.053
88,54,Pass,94,44,421,8.686,9,0.012,0.026
88,54,Run,94,44,7,0.057,0,0,0.055
88,54,Pass,94,46,486,10.868,13,0.014,0.024
88,54,Run,94,46,7,0.025,0,0,0.058
88,54,Pass,94,48,521,13.807,14,0.017,0.023
88,54,Run,94,48,7,0.008,0,0,0.062
88,54,Pass,94,50,556,17.245,15,0.021,0.023
88,54,Run,94,50,8,0.002,0,0,0.06
88,54,Pass,94,52,577,20.481,14,0.023,0.021
88,54,Run,94,52,6,0.001,0,0,0.042
88,54,Pass,94,54,591,22.458,15,0.023,0.019
88,54,Run,94,54,6,0.001,0,0,0.036
88,54,Pass,94,56,591,22.302,15,0.019,0.016
88,54,Run,94,56,4,0.001,0,0,0.038
88,54,Pass,94,58,606,19.944,18,0.015,0.014
88,54,Run,94,58,4,0.001,0,0,0.04
88,54,Pass,94,60,617,16.269,19,0.012,0.014
88,54,Run,94,60,4,0.001,0,0,0.042
88,54,Pass,94,62,628,12.622,19,0.01,0.015
88,54,Run,94,62,5,0,0,0,0.042
88,54,Pass,94,64,624,10.033,19,0.01,0.02
88,54,Run,94,64,3,0,0,0,0.048
88,54,Pass,94,66,623,8.828,14,0.011,0.024
88,54,Run,94,66,4,0,0,0,0.009
88,54,Pass,94,68,572,8.68,13,0.013,0.027
88,54,Run,94,68,2,0,0,0,0
88,54,Pass,94,70,512,8.991,11,0.014,0.029
88,54,Run,94,70,1,0,0,0,0
88,54,Pass,94,72,444,9.172,9,0.014,0.029
88,54,Run,94,72,1,0,0,0,0
88,54,Pass,94,74,399,8.649,7,0.013,0.027
88,54,Run,94,74,1,0,0,0,0
88,54,Pass,94,76,360,7.026,5,0.009,0.025
88,54,Run,94,76,1,0,0,0,0
88,54,Pass,94,78,316,4.611,4,0.006,0.023
88,54,Pass,94,80,276,2.337,3,0.003,0.022
88,54,Pass,92,0,11,0.075,0,0,0
88,54,Pass,92,2,13,0.101,0,0,0
88,54,Pass,92,4,17,0.129,0,0,0
88,54,Pass,92,6,21,0.168,0,0,0
88,54,Pass,92,8,23,0.233,0,0,0
88,54,Pass,92,10,32,0.349,1,0,0.001
88,54,Pass,92,12,34,0.549,1,0,0.003
88,54,Run,92,14,1,0,0,0,0
88,54,Pass,92,14,43,0.874,2,0,0.007
88,54,Run,92,16,2,0.001,0,0,0
88,54,Pass,92,16,53,1.318,2,0.001,0.013
88,54,Pass,92,18,62,1.82,1,0.002,0.02
88,54,Run,92,18,3,0.006,0,0,0
88,54,Pass,92,20,75,2.361,1,0.003,0.025
88,54,Run,92,20,5,0.026,0,0,0
88,54,Pass,92,22,88,2.99,1,0.004,0.028
88,54,Run,92,22,5,0.084,0,0,0
88,54,Pass,92,24,100,3.741,1,0.006,0.031
88,54,Run,92,24,5,0.192,0,0,0
88,54,Pass,92,26,116,4.53,2,0.008,0.035
88,54,Run,92,26,5,0.313,0,0,0
88,54,Pass,92,28,144,5.136,1,0.011,0.04
88,54,Run,92,28,6,0.372,0,0,0.001
88,54,Pass,92,30,166,5.431,1,0.013,0.047
88,54,Run,92,30,7,0.331,0,0,0.001
88,54,Pass,92,32,185,5.576,1,0.016,0.054
88,54,Run,92,32,8,0.229,0,0,0.002
88,54,Pass,92,34,216,5.86,2,0.019,0.061
88,54,Run,92,34,9,0.128,0,0,0.005
88,54,Pass,92,36,246,6.446,2,0.021,0.062
88,54,Run,92,36,9,0.066,0,0,0.013
88,54,Pass,92,38,285,7.284,3,0.022,0.057
88,54,Run,92,38,9,0.04,0,0,0.03
88,54,Pass,92,40,325,8.288,4,0.02,0.046
88,54,Run,92,40,9,0.032,0,0,0.044
88,54,Pass,92,42,375,9.608,5,0.017,0.033
88,54,Run,92,42,8,0.024,0,0,0.05
88,54,Pass,92,44,447,11.484,10,0.015,0.024
88,54,Run,92,44,7,0.015,0,0,0.054
88,54,Pass,92,46,516,13.861,13,0.015,0.021
88,54,Run,92,46,6,0.007,0,0,0.057
88,54,Pass,92,48,557,16.483,14,0.017,0.02
88,54,Run,92,48,7,0.002,0,0,0.061
88,54,Pass,92,50,587,19.099,16,0.02,0.02
88,54,Run,92,50,5,0,0,0,0.072
88,54,Pass,92,52,597,21.401,17,0.022,0.019
88,54,Run,92,52,5,0,0,0,0.067
88,54,Pass,92,54,614,22.929,18,0.022,0.018
88,54,Run,92,54,4,0,0,0,0.071
88,54,Pass,92,56,620,23.005,17,0.019,0.016
88,54,Run,92,56,3,0,0,0,0.08
88,54,Pass,92,58,636,21.075,18,0.016,0.014
88,54,Run,92,58,3,0,0,0,0.088
88,54,Pass,92,60,636,17.467,18,0.012,0.013
88,54,Run,92,60,3,0,0,0,0.094
88,54,Pass,92,62,639,13.47,18,0.01,0.015
88,54,Run,92,62,1,0,0,0,0.107
88,54,Pass,92,64,657,10.386,19,0.01,0.018
88,54,Run,92,64,1,0,0,0,0.107
88,54,Pass,92,66,641,8.767,14,0.011,0.024
88,54,Run,92,66,1,0,0,0,0
88,54,Pass,92,68,584,8.396,13,0.014,0.03
88,54,Run,92,68,1,0,0,0,0
88,54,Pass,92,70,517,8.639,12,0.016,0.035
88,54,Run,92,70,1,0,0,0,0
88,54,Pass,92,72,452,8.789,9,0.017,0.037
88,54,Pass,92,74,405,8.227,8,0.015,0.035
88,54,Run,92,74,1,0,0,0,0
88,54,Pass,92,76,364,6.623,7,0.012,0.033
88,54,Run,92,76,1,0,0,0,0
88,54,Pass,92,78,311,4.325,4,0.007,0.032
88,54,Run,92,78,1,0,0,0,0
88,54,Pass,92,80,276,2.196,3,0.004,0.031
88,54,Run,92,80,1,0,0,0,0
88,54,Pass,90,0,10,0.031,0,0,0
88,54,Pass,90,2,13,0.041,0,0,0
88,54,Pass,90,4,15,0.058,0,0,0
88,54,Pass,90,6,21,0.098,1,0,0
88,54,Pass,90,8,24,0.178,1,0,0
88,54,Pass,90,10,29,0.303,1,0,0.001
88,54,Run,90,12,1,0,0,0,0
88,54,Pass,90,12,35,0.477,1,0,0.005
88,54,Run,90,14,1,0,0,0,0
88,54,Pass,90,14,44,0.745,1,0,0.012
88,54,Pass,90,16,59,1.172,1,0.001,0.022
88,54,Run,90,16,2,0.001,0,0,0
88,54,Pass,90,18,70,1.775,2,0.003,0.03
88,54,Run,90,18,3,0.008,0,0,0
88,54,Pass,90,20,83,2.521,2,0.004,0.033
88,54,Run,90,20,5,0.037,0,0,0
88,54,Pass,90,22,90,3.378,1,0.006,0.032
88,54,Run,90,22,5,0.121,0,0,0
88,54,Pass,90,24,106,4.355,0,0.007,0.032
88,54,Run,90,24,5,0.276,0,0,0
88,54,Pass,90,26,121,5.401,1,0.01,0.034
88,54,Run,90,26,5,0.448,0,0,0
88,54,Pass,90,28,153,6.277,1,0.013,0.038
88,54,Run,90,28,6,0.527,0,0,0
88,54,Pass,90,30,181,6.806,2,0.016,0.044
88,54,Run,90,30,7,0.461,0,0,0
88,54,Pass,90,32,201,7.151,2,0.02,0.052
88,54,Run,90,32,7,0.31,0,0,0.001
88,54,Pass,90,34,239,7.615,2,0.024,0.059
88,54,Run,90,34,8,0.166,0,0,0.001
88,54,Pass,90,36,262,8.371,3,0.027,0.06
88,54,Run,90,36,9,0.072,0,0,0.003
88,54,Pass,90,38,301,9.433,3,0.027,0.054
88,54,Run,90,38,9,0.027,0,0,0.008
88,54,Pass,90,40,349,10.722,4,0.024,0.042
88,54,Run,90,40,9,0.012,0,0,0.021
88,54,Pass,90,42,399,12.254,6,0.019,0.029
88,54,Run,90,42,8,0.007,0,0,0.033
88,54,Pass,90,44,477,14.105,9,0.015,0.021
88,54,Run,90,44,6,0.004,0,0,0.039
88,54,Pass,90,46,537,16.166,11,0.014,0.017
88,54,Run,90,46,4,0.002,0,0,0.043
88,54,Pass,90,48,585,18.212,14,0.015,0.016
88,54,Run,90,48,3,0,0,0,0.046
88,54,Pass,90,50,627,20.021,17,0.018,0.017
88,54,Run,90,50,4,0,0,0,0.05
88,54,Pass,90,52,631,21.444,17,0.022,0.019
88,54,Run,90,52,5,0,0,0,0.057
88,54,Pass,90,54,627,22.367,19,0.024,0.02
88,54,Run,90,54,3,0,0,0,0.065
88,54,Pass,90,56,649,22.325,19,0.022,0.018
88,54,Run,90,56,2,0,0,0,0.081
88,54,Pass,90,58,651,20.595,18,0.017,0.016
88,54,Run,90,58,2,0,0,0,0.089
88,54,Pass,90,60,643,17.212,18,0.013,0.014
88,54,Run,90,60,1,0,0,0,0.107
88,54,Pass,90,62,645,13.336,18,0.01,0.014
88,54,Pass,90,64,662,10.297,14,0.009,0.017
88,54,Pass,90,66,630,8.675,14,0.01,0.022
88,54,Pass,90,68,582,8.26,12,0.012,0.028
88,54,Pass,90,70,521,8.411,12,0.016,0.035
88,54,Run,90,70,1,0,0,0,0
88,54,Pass,90,72,458,8.479,10,0.017,0.038
88,54,Run,90,72,1,0.001,0,0,0
88,54,Pass,90,74,400,7.946,9,0.017,0.039
88,54,Run,90,74,1,0.001,0,0,0
88,54,Pass,90,76,358,6.496,7,0.014,0.04
88,54,Run,90,76,1,0.002,0,0,0
88,54,Pass,90,78,305,4.351,3,0.009,0.04
88,54,Run,90,78,1,0.002,0,0,0
88,54,Pass,90,80,268,2.278,2,0.005,0.041
88,54,Run,90,80,1,0.001,0,0,0
88,54,Pass,88,0,9,0.012,0,0,0
88,54,Pass,88,2,13,0.018,0,0,0
88,54,Pass,88,4,15,0.032,1,0,0
88,54,Pass,88,6,22,0.072,1,0,0
88,54,Pass,88,8,24,0.15,1,0,0
88,54,Pass,88,10,27,0.259,1,0,0.002
88,54,Run,88,12,1,0,0,0,0
88,54,Pass,88,12,36,0.378,1,0,0.007
88,54,Run,88,14,1,0,0,0,0
88,54,Pass,88,14,45,0.547,1,0.001,0.018
88,54,Pass,88,16,60,0.876,1,0.002,0.033
88,54,Run,88,16,2,0.001,0,0,0
88,54,Pass,88,18,71,1.455,1,0.003,0.04
88,54,Run,88,18,3,0.008,0,0,0
88,54,Pass,88,20,82,2.266,1,0.005,0.04
88,54,Run,88,20,4,0.038,0,0,0
88,54,Pass,88,22,94,3.235,1,0.006,0.036
88,54,Run,88,22,5,0.123,0,0,0
88,54,Pass,88,24,114,4.355,0,0.008,0.033
88,54,Run,88,24,5,0.279,0,0,0
88,54,Pass,88,26,130,5.562,1,0.01,0.033
88,54,Run,88,26,5,0.451,0,0,0
88,54,Pass,88,28,163,6.572,2,0.012,0.035
88,54,Run,88,28,6,0.529,0,0,0
88,54,Pass,88,30,184,7.177,2,0.015,0.04
88,54,Run,88,30,7,0.462,0,0,0
88,54,Pass,88,32,216,7.618,2,0.019,0.047
88,54,Run,88,32,7,0.31,0,0,0
88,54,Pass,88,34,252,8.31,3,0.023,0.053
88,54,Run,88,34,7,0.164,0,0,0
88,54,Pass,88,36,283,9.496,3,0.026,0.052
88,54,Run,88,36,7,0.069,0,0,0
88,54,Pass,88,38,315,11.151,4,0.026,0.045
88,54,Run,88,38,8,0.024,0,0,0.001
88,54,Pass,88,40,357,12.957,4,0.023,0.034
88,54,Run,88,40,8,0.008,0,0,0.004
88,54,Pass,88,42,416,14.586,7,0.018,0.023
88,54,Run,88,42,6,0.003,0,0,0.005
88,54,Pass,88,44,488,16.023,7,0.014,0.016
88,54,Run,88,44,4,0.001,0,0,0.009
88,54,Pass,88,46,564,17.461,12,0.012,0.013
88,54,Run,88,46,3,0.001,0,0,0.014
88,54,Pass,88,48,596,18.979,13,0.013,0.013
88,54,Run,88,48,3,0,0,0,0.018
88,54,Pass,88,50,624,20.319,16,0.018,0.017
88,54,Run,88,50,3,0,0,0,0.022
88,54,Pass,88,52,655,21.137,17,0.026,0.023
88,54,Run,88,52,2,0,0,0,0.002
88,54,Pass,88,54,648,21.324,17,0.03,0.026
88,54,Run,88,54,1,0,0,0,0.002
88,54,Pass,88,56,654,20.685,17,0.028,0.025
88,54,Pass,88,58,656,18.83,19,0.021,0.021
88,54,Pass,88,60,649,15.829,16,0.015,0.017
88,54,Pass,88,62,657,12.511,16,0.011,0.016
88,54,Pass,88,64,658,9.849,15,0.009,0.017
88,54,Pass,88,66,629,8.322,13,0.008,0.019
88,54,Pass,88,68,574,7.78,11,0.009,0.023
88,54,Run,88,68,1,0,0,0,0
88,54,Pass,88,70,512,7.712,11,0.012,0.028
88,54,Run,88,70,1,0.001,0,0,0
88,54,Pass,88,72,445,7.654,9,0.014,0.033
88,54,Run,88,72,1,0.003,0,0,0
88,54,Pass,88,74,381,7.251,8,0.014,0.037
88,54,Run,88,74,1,0.006,0,0,0
88,54,Pass,88,76,330,6.137,6,0.013,0.04
88,54,Run,88,76,1,0.009,0,0,0
88,54,Pass,88,78,288,4.296,3,0.01,0.043
88,54,Run,88,78,1,0.009,0,0,0
88,54,Pass,88,80,264,2.348,2,0.006,0.045
88,54,Run,88,80,1,0.006,0,0,0
88,54,Pass,86,0,8,0.009,0,0,0
88,54,Pass,86,2,11,0.015,1,0,0
88,54,Pass,86,4,13,0.026,1,0,0
88,54,Pass,86,6,17,0.055,1,0,0
88,54,Pass,86,8,25,0.112,1,0,0.001
88,54,Run,86,10,1,0,0,0,0
88,54,Pass,86,10,26,0.188,1,0,0.002
88,54,Run,86,12,1,0,0,0,0
88,54,Pass,86,12,36,0.257,1,0,0.008
88,54,Run,86,14,1,0,0,0,0
88,54,Pass,86,14,42,0.347,1,0,0.023
88,54,Pass,86,16,58,0.57,1,0.001,0.04
88,54,Run,86,16,2,0.001,0,0,0
88,54,Pass,86,18,69,1.049,1,0.002,0.045
88,54,Run,86,18,3,0.006,0,0,0
88,54,Pass,86,20,85,1.81,1,0.004,0.041
88,54,Run,86,20,4,0.028,0,0,0
88,54,Pass,86,22,109,2.793,1,0.005,0.035
88,54,Run,86,22,4,0.087,0,0,0
88,54,Pass,86,24,117,3.953,1,0.007,0.031
88,54,Run,86,24,5,0.197,0,0,0
88,54,Pass,86,26,141,5.174,2,0.008,0.031
88,54,Run,86,26,5,0.319,0,0,0
88,54,Pass,86,28,165,6.146,2,0.01,0.032
88,54,Run,86,28,6,0.373,0,0,0
88,54,Pass,86,30,185,6.666,2,0.012,0.034
88,54,Run,86,30,7,0.326,0,0,0
88,54,Pass,86,32,222,7.038,2,0.015,0.039
88,54,Run,86,32,7,0.22,0,0,0
88,54,Pass,86,34,254,7.833,3,0.018,0.043
88,54,Run,86,34,7,0.117,0,0,0
88,54,Pass,86,36,287,9.438,4,0.02,0.041
88,54,Run,86,36,6,0.05,0,0,0
88,54,Pass,86,38,330,11.76,4,0.021,0.033
88,54,Run,86,38,6,0.017,0,0,0
88,54,Pass,86,40,373,14.125,4,0.018,0.024
88,54,Run,86,40,7,0.005,0,0,0
88,54,Pass,86,42,431,15.778,6,0.014,0.017
88,54,Run,86,42,5,0.002,0,0,0.001
88,54,Pass,86,44,500,16.682,9,0.01,0.012
88,54,Run,86,44,4,0.001,0,0,0.002
88,54,Pass,86,46,560,17.494,11,0.009,0.01
88,54,Run,86,46,3,0,0,0,0.004
88,54,Pass,86,48,612,18.687,12,0.012,0.012
88,54,Run,86,48,2,0,0,0,0.001
88,54,Pass,86,50,634,19.907,11,0.02,0.019
88,54,Run,86,50,2,0,0,0,0.001
88,54,Pass,86,52,667,20.426,16,0.031,0.029
88,54,Run,86,52,2,0,0,0,0.001
88,54,Pass,86,54,674,19.938,16,0.038,0.035
88,54,Run,86,54,1,0,0,0,0.002
88,54,Pass,86,56,683,18.565,16,0.034,0.035
88,54,Pass,86,58,665,16.511,17,0.025,0.029
88,54,Pass,86,60,649,14.035,15,0.017,0.023
88,54,Pass,86,62,642,11.458,14,0.012,0.02
88,54,Pass,86,64,626,9.191,13,0.009,0.019
88,54,Pass,86,66,598,7.627,14,0.007,0.018
88,54,Run,86,66,1,0,0,0,0
88,54,Pass,86,68,553,6.823,11,0.006,0.018
88,54,Run,86,68,1,0.001,0,0,0
88,54,Pass,86,70,479,6.488,10,0.007,0.02
88,54,Run,86,70,1,0.004,0,0,0
88,54,Pass,86,72,417,6.323,9,0.008,0.025
88,54,Run,86,72,1,0.012,0,0,0
88,54,Pass,86,74,368,6.063,8,0.01,0.03
88,54,Run,86,74,1,0.024,0,0,0
88,54,Pass,86,76,310,5.294,4,0.01,0.035
88,54,Run,86,76,1,0.034,0,0,0
88,54,Pass,86,78,277,3.837,2,0.008,0.04
88,54,Run,86,78,1,0.034,0,0,0
88,54,Pass,86,80,241,2.159,2,0.005,0.044
88,54,Run,86,80,1,0.024,0,0,0
88,54,Pass,84,0,6,0.01,0,0,0
88,54,Pass,84,2,8,0.017,1,0,0
88,54,Pass,84,4,9,0.024,1,0,0
88,54,Pass,84,6,11,0.038,1,0,0
88,54,Pass,84,8,16,0.067,1,0,0.001
88,54,Run,84,10,1,0,0,0,0
88,54,Pass,84,10,23,0.106,1,0,0.003
88,54,Run,84,12,1,0,0,0,0
88,54,Pass,84,12,32,0.14,1,0,0.009
88,54,Run,84,14,1,0,0,0,0
88,54,Pass,84,14,43,0.187,1,0,0.024
88,54,Pass,84,16,55,0.338,1,0.001,0.038
88,54,Run,84,16,2,0.001,0,0,0
88,54,Pass,84,18,73,0.717,1,0.001,0.038
88,54,Run,84,18,2,0.004,0,0,0
88,54,Pass,84,20,81,1.391,1,0.002,0.032
88,54,Run,84,20,4,0.015,0,0,0
88,54,Pass,84,22,105,2.317,1,0.003,0.028
88,54,Run,84,22,4,0.044,0,0,0
88,54,Pass,84,24,121,3.396,2,0.005,0.027
88,54,Run,84,24,4,0.098,0,0,0
88,54,Pass,84,26,132,4.477,1,0.006,0.027
88,54,Run,84,26,5,0.158,0,0,0
88,54,Pass,84,28,158,5.302,2,0.008,0.027
88,54,Run,84,28,6,0.185,0,0,0
88,54,Pass,84,30,188,5.706,2,0.008,0.027
88,54,Run,84,30,6,0.162,0,0,0
88,54,Pass,84,32,219,5.966,2,0.009,0.029
88,54,Run,84,32,7,0.11,0,0,0
88,54,Pass,84,34,250,6.708,3,0.011,0.031
88,54,Run,84,34,7,0.059,0,0,0
88,54,Pass,84,36,276,8.434,4,0.012,0.028
88,54,Run,84,36,6,0.025,0,0,0
88,54,Pass,84,38,317,11.06,4,0.013,0.022
88,54,Run,84,38,6,0.009,0,0,0
88,54,Pass,84,40,367,13.676,4,0.011,0.016
88,54,Run,84,40,4,0.002,0,0,0
88,54,Pass,84,42,417,15.232,7,0.009,0.011
88,54,Run,84,42,3,0.001,0,0,0
88,54,Pass,84,44,476,15.687,8,0.007,0.009
88,54,Run,84,44,3,0,0,0,0.001
88,54,Pass,84,46,541,16.044,10,0.008,0.009
88,54,Run,84,46,2,0,0,0,0.001
88,54,Pass,84,48,594,17.098,12,0.012,0.013
88,54,Run,84,48,2,0,0,0,0.001
88,54,Pass,84,50,614,18.433,10,0.021,0.022
88,54,Run,84,50,2,0,0,0,0.001
88,54,Pass,84,52,653,18.969,14,0.033,0.033
88,54,Run,84,52,1,0,0,0,0.002
88,54,Pass,84,54,661,18.18,14,0.039,0.041
88,54,Pass,84,56,671,16.432,15,0.036,0.041
88,54,Pass,84,58,642,14.411,16,0.026,0.034
88,54,Pass,84,60,624,12.474,16,0.018,0.027
88,54,Pass,84,62,606,10.514,13,0.013,0.024
88,54,Pass,84,64,601,8.499,13,0.01,0.023
88,54,Pass,84,66,564,6.789,13,0.007,0.02
88,54,Run,84,66,1,0,0,0,0
88,54,Pass,84,68,499,5.699,9,0.005,0.016
88,54,Run,84,68,1,0.003,0,0,0
88,54,Pass,84,70,446,5.138,9,0.004,0.015
88,54,Run,84,70,1,0.011,0,0,0
88,54,Pass,84,72,395,4.856,8,0.004,0.017
88,54,Run,84,72,1,0.031,0,0,0
88,54,Pass,84,74,347,4.603,5,0.006,0.023
88,54,Run,84,74,1,0.064,0,0,0
88,54,Pass,84,76,295,4.024,4,0.006,0.029
88,54,Run,84,76,1,0.091,0,0,0
88,54,Pass,84,78,252,2.938,2,0.006,0.036
88,54,Run,84,78,1,0.091,0,0,0
88,54,Pass,84,80,223,1.67,2,0.004,0.041
88,54,Run,84,80,1,0.063,0,0,0
88,54,Pass,82,0,5,0.01,1,0,0
88,54,Pass,82,2,7,0.016,1,0,0
88,54,Pass,82,4,8,0.02,1,0,0
88,54,Pass,82,6,8,0.023,1,0,0.001
88,54,Pass,82,8,14,0.031,1,0,0.002
88,54,Run,82,10,1,0,0,0,0
88,54,Pass,82,10,23,0.045,1,0,0.004
88,54,Run,82,12,1,0,0,0,0
88,54,Pass,82,12,33,0.059,1,0,0.009
88,54,Run,82,14,1,0,0,0,0
88,54,Pass,82,14,42,0.09,1,0,0.021
88,54,Pass,82,16,53,0.201,1,0,0.026
88,54,Run,82,16,1,0,0,0,0
88,54,Pass,82,18,66,0.504,1,0.001,0.023
88,54,Run,82,18,2,0.002,0,0,0
88,54,Pass,82,20,84,1.071,1,0.001,0.02
88,54,Run,82,20,3,0.006,0,0,0
88,54,Pass,82,22,100,1.859,1,0.002,0.02
88,54,Run,82,22,4,0.016,0,0,0
88,54,Pass,82,24,123,2.744,2,0.003,0.021
88,54,Run,82,24,4,0.035,0,0,0
88,54,Pass,82,26,129,3.603,1,0.004,0.022
88,54,Run,82,26,4,0.055,0,0,0
88,54,Pass,82,28,158,4.275,1,0.005,0.021
88,54,Run,82,28,5,0.064,0,0,0
88,54,Pass,82,30,187,4.623,2,0.005,0.019
88,54,Run,82,30,6,0.056,0,0,0
88,54,Pass,82,32,217,4.823,2,0.005,0.019
88,54,Run,82,32,7,0.039,0,0,0
88,54,Pass,82,34,245,5.416,3,0.005,0.019
88,54,Run,82,34,7,0.021,0,0,0
88,54,Pass,82,36,261,6.934,4,0.006,0.017
88,54,Run,82,36,6,0.009,0,0,0
88,54,Pass,82,38,303,9.357,4,0.006,0.013
88,54,Run,82,38,5,0.003,0,0,0
88,54,Pass,82,40,359,11.793,5,0.006,0.009
88,54,Run,82,40,3,0.001,0,0,0
88,54,Pass,82,42,406,13.15,7,0.005,0.007
88,54,Run,82,42,3,0,0,0,0
88,54,Pass,82,44,447,13.361,8,0.005,0.008
88,54,Run,82,44,2,0,0,0,0.001
88,54,Pass,82,46,501,13.509,8,0.008,0.011
88,54,Run,82,46,2,0,0,0,0.001
88,54,Pass,82,48,544,14.513,9,0.012,0.016
88,54,Run,82,48,2,0,0,0,0.001
88,54,Pass,82,50,593,15.981,10,0.02,0.024
88,54,Run,82,50,2,0,0,0,0.001
88,54,Pass,82,52,613,16.682,11,0.029,0.032
88,54,Run,82,52,1,0,0,0,0.002
88,54,Pass,82,54,609,16.005,14,0.033,0.039
88,54,Pass,82,56,610,14.441,15,0.029,0.038
88,54,Pass,82,58,598,12.792,14,0.022,0.032
88,54,Pass,82,60,577,11.326,13,0.016,0.027
88,54,Pass,82,62,566,9.732,13,0.014,0.026
88,54,Pass,82,64,553,7.833,13,0.011,0.026
88,54,Run,82,64,1,0,0,0,0
88,54,Pass,82,66,509,6,12,0.007,0.023
88,54,Run,82,66,1,0.001,0,0,0
88,54,Pass,82,68,450,4.69,10,0.004,0.017
88,54,Run,82,68,1,0.005,0,0,0
88,54,Pass,82,70,391,3.945,7,0.003,0.013
88,54,Run,82,70,1,0.02,0,0,0
88,54,Pass,82,72,346,3.518,5,0.002,0.013
88,54,Run,82,72,2,0.059,0,0,0
88,54,Pass,82,74,311,3.16,4,0.003,0.017
88,54,Run,82,74,2,0.12,0,0,0
88,54,Pass,82,76,261,2.642,3,0.003,0.024
88,54,Run,82,76,2,0.17,0,0,0
88,54,Pass,82,78,223,1.88,2,0.003,0.032
88,54,Run,82,78,2,0.169,0,0,0
88,54,Pass,82,80,189,1.058,2,0.002,0.04
88,54,Run,82,80,2,0.117,0,0,0
88,54,Pass,80,0,4,0.007,1,0,0
88,54,Pass,80,2,6,0.012,1,0,0
88,54,Pass,80,4,7,0.013,1,0,0
88,54,Pass,80,6,8,0.013,1,0,0.002
88,54,Pass,80,8,10,0.012,1,0,0.005
88,54,Run,80,10,1,0,0,0,0
88,54,Pass,80,10,19,0.015,1,0,0.008
88,54,Run,80,12,1,0,0,0,0
88,54,Pass,80,12,28,0.021,1,0,0.013
88,54,Run,80,14,1,0,0,0,0
88,54,Pass,80,14,36,0.043,1,0,0.015
88,54,Pass,80,16,50,0.128,1,0,0.013
88,54,Run,80,16,1,0,0,0,0
88,54,Pass,80,18,66,0.359,1,0,0.011
88,54,Run,80,18,2,0.001,0,0,0
88,54,Pass,80,20,76,0.788,1,0,0.012
88,54,Run,80,20,2,0.002,0,0,0
88,54,Pass,80,22,90,1.374,1,0.001,0.014
88,54,Run,80,22,3,0.005,0,0,0
88,54,Pass,80,24,107,2.029,2,0.002,0.017
88,54,Run,80,24,5,0.009,0,0,0
88,54,Pass,80,26,128,2.703,1,0.003,0.019
88,54,Run,80,26,5,0.014,0,0,0
88,54,Pass,80,28,151,3.293,1,0.003,0.017
88,54,Run,80,28,5,0.016,0,0,0
88,54,Pass,80,30,179,3.642,1,0.003,0.014
88,54,Run,80,30,6,0.014,0,0,0
88,54,Pass,80,32,207,3.801,2,0.003,0.012
88,54,Run,80,32,6,0.01,0,0,0
88,54,Pass,80,34,232,4.189,3,0.003,0.011
88,54,Run,80,34,7,0.005,0,0,0
88,54,Pass,80,36,256,5.311,4,0.003,0.009
88,54,Run,80,36,6,0.002,0,0,0
88,54,Pass,80,38,292,7.214,4,0.003,0.007
88,54,Run,80,38,4,0.001,0,0,0
88,54,Pass,80,40,343,9.184,5,0.003,0.005
88,54,Run,80,40,4,0,0,0,0
88,54,Pass,80,42,393,10.315,6,0.003,0.006
88,54,Run,80,42,2,0,0,0,0
88,54,Pass,80,44,423,10.537,7,0.005,0.009
88,54,Run,80,44,2,0,0,0,0
88,54,Pass,80,46,464,10.754,7,0.009,0.016
88,54,Run,80,46,2,0,0,0,0.001
88,54,Pass,80,48,485,11.746,8,0.014,0.023
88,54,Run,80,48,2,0,0,0,0.001
88,54,Pass,80,50,542,13.157,8,0.019,0.027
88,54,Run,80,50,1,0,0,0,0.002
88,54,Pass,80,52,557,13.886,9,0.022,0.03
88,54,Pass,80,54,575,13.452,11,0.022,0.031
88,54,Pass,80,56,563,12.372,13,0.019,0.029
88,54,Pass,80,58,560,11.277,14,0.014,0.024
88,54,Pass,80,60,535,10.201,13,0.012,0.022
88,54,Pass,80,62,526,8.809,12,0.011,0.024
88,54,Pass,80,64,484,7.003,11,0.01,0.026
88,54,Run,80,64,1,0,0,0,0
88,54,Pass,80,66,457,5.158,11,0.007,0.024
88,54,Run,80,66,1,0.001,0,0,0
88,54,Pass,80,68,410,3.754,8,0.004,0.018
88,54,Run,80,68,1,0.006,0,0,0
88,54,Pass,80,70,366,2.908,6,0.002,0.012
88,54,Run,80,70,2,0.026,0,0,0
88,54,Pass,80,72,305,2.4,4,0.001,0.01
88,54,Run,80,72,2,0.076,0,0,0
88,54,Pass,80,74,269,1.981,4,0.001,0.014
88,54,Run,80,74,3,0.156,0,0,0
88,54,Pass,80,76,235,1.521,3,0.002,0.021
88,54,Run,80,76,3,0.222,0,0,0
88,54,Pass,80,78,198,1.014,2,0.002,0.03
88,54,Run,80,78,3,0.221,0,0,0
88,54,Pass,80,80,153,0.55,1,0.001,0.04
88,54,Run,80,80,3,0.153,0,0,0
88,54,Pass,78,0,4,0.004,1,0,0
88,54,Pass,78,2,4,0.006,1,0,0
88,54,Pass,78,4,6,0.006,1,0,0.001
88,54,Pass,78,6,8,0.006,1,0,0.004
88,54,Pass,78,8,8,0.004,1,0,0.012
88,54,Run,78,10,1,0,0,0,0
88,54,Pass,78,10,16,0.004,1,0,0.024
88,54,Run,78,12,1,0,0,0,0
88,54,Pass,78,12,23,0.007,1,0,0.02
88,54,Run,78,14,1,0,0,0,0
88,54,Pass,78,14,35,0.023,1,0,0.01
88,54,Run,78,16,1,0,0,0,0
88,54,Pass,78,16,42,0.081,1,0,0.006
88,54,Pass,78,18,56,0.235,1,0,0.006
88,54,Run,78,18,1,0,0,0,0
88,54,Pass,78,20,75,0.517,1,0,0.008
88,54,Run,78,20,2,0.001,0,0,0
88,54,Pass,78,22,81,0.91,1,0.001,0.013
88,54,Run,78,22,3,0.001,0,0,0
88,54,Pass,78,24,94,1.395,2,0.001,0.018
88,54,Run,78,24,4,0.002,0,0,0
88,54,Pass,78,26,114,1.979,1,0.002,0.021
88,54,Run,78,26,4,0.003,0,0,0
88,54,Pass,78,28,139,2.56,1,0.003,0.02
88,54,Run,78,28,4,0.003,0,0,0
88,54,Pass,78,30,167,2.903,1,0.002,0.016
88,54,Run,78,30,5,0.003,0,0,0
88,54,Pass,78,32,196,2.964,1,0.002,0.012
88,54,Run,78,32,4,0.002,0,0,0
88,54,Pass,78,34,215,3.091,2,0.001,0.008
88,54,Run,78,34,5,0.001,0,0,0
88,54,Pass,78,36,240,3.76,3,0.001,0.005
88,54,Run,78,36,3,0,0,0,0
88,54,Pass,78,38,271,5.055,4,0.001,0.004
88,54,Run,78,38,4,0,0,0,0
88,54,Pass,78,40,313,6.468,4,0.001,0.003
88,54,Run,78,40,3,0,0,0,0
88,54,Pass,78,42,350,7.36,4,0.002,0.006
88,54,Run,78,42,3,0,0,0,0
88,54,Pass,78,44,384,7.712,7,0.005,0.013
88,54,Run,78,44,2,0,0,0,0
88,54,Pass,78,46,429,8.149,7,0.01,0.024
88,54,Run,78,46,2,0,0,0,0.001
88,54,Pass,78,48,453,9.137,7,0.015,0.032
88,54,Pass,78,50,484,10.315,7,0.018,0.033
88,54,Pass,78,52,503,10.877,9,0.017,0.029
88,54,Run,78,52,1,0,0,0,0
88,54,Pass,78,54,509,10.587,9,0.014,0.024
88,54,Run,78,54,1,0,0,0,0
88,54,Pass,78,56,504,9.935,11,0.01,0.019
88,54,Run,78,56,1,0,0,0,0
88,54,Pass,78,58,491,9.3,12,0.008,0.015
88,54,Run,78,58,1,0,0,0,0
88,54,Pass,78,60,485,8.526,11,0.007,0.015
88,54,Run,78,60,1,0,0,0,0
88,54,Pass,78,62,469,7.324,10,0.007,0.018
88,54,Run,78,62,1,0,0,0,0
88,54,Pass,78,64,440,5.712,9,0.006,0.021
88,54,Run,78,64,2,0,0,0,0
88,54,Pass,78,66,396,4.048,7,0.004,0.02
88,54,Run,78,66,1,0.001,0,0,0
88,54,Pass,78,68,347,2.756,7,0.002,0.016
88,54,Run,78,68,2,0.006,0,0,0
88,54,Pass,78,70,302,1.978,4,0.001,0.01
88,54,Run,78,70,4,0.024,0,0,0
88,54,Pass,78,72,275,1.534,4,0.001,0.008
88,54,Run,78,72,4,0.071,0,0,0
88,54,Pass,78,74,232,1.181,3,0.001,0.01
88,54,Run,78,74,4,0.146,0,0,0
88,54,Pass,78,76,195,0.824,2,0.001,0.017
88,54,Run,78,76,4,0.209,0,0,0
88,54,Pass,78,78,156,0.494,1,0.001,0.027
88,54,Run,78,78,4,0.208,0,0,0
88,54,Pass,78,80,121,0.247,1,0.001,0.04
88,54,Run,78,80,4,0.145,0,0,0
88,54,Pass,76,0,3,0.001,1,0,0
88,54,Pass,76,2,4,0.002,1,0,0
88,54,Pass,76,4,4,0.002,1,0,0.001
88,54,Pass,76,6,6,0.002,1,0,0.007
88,54,Pass,76,8,7,0.001,1,0,0.027
88,54,Pass,76,10,12,0.001,1,0,0.054
88,54,Run,76,12,1,0,0,0,0
88,54,Pass,76,12,19,0.003,1,0,0.035
88,54,Run,76,14,1,0,0,0,0
88,54,Pass,76,14,29,0.012,1,0,0.008
88,54,Run,76,16,1,0,0,0,0
88,54,Pass,76,16,37,0.045,1,0,0.004
88,54,Pass,76,18,51,0.132,1,0,0.005
88,54,Run,76,18,1,0,0,0,0
88,54,Pass,76,20,60,0.297,1,0,0.01
88,54,Run,76,20,1,0,0,0,0
88,54,Pass,76,22,74,0.555,1,0.001,0.019
88,54,Run,76,22,2,0,0,0,0
88,54,Pass,76,24,84,0.939,2,0.001,0.028
88,54,Run,76,24,2,0,0,0,0
88,54,Pass,76,26,101,1.475,1,0.003,0.033
88,54,Run,76,26,3,0,0,0,0
88,54,Pass,76,28,120,2.027,1,0.003,0.031
88,54,Run,76,28,4,0.001,0,0,0
88,54,Pass,76,30,148,2.308,1,0.003,0.026
88,54,Run,76,30,4,0.001,0,0,0
88,54,Pass,76,32,174,2.227,1,0.002,0.018
88,54,Run,76,32,3,0.001,0,0,0
88,54,Pass,76,34,192,2.105,1,0.001,0.01
88,54,Run,76,34,2,0.001,0,0,0
88,54,Pass,76,36,204,2.367,3,0.001,0.005
88,54,Run,76,36,1,0,0,0,0
88,54,Pass,76,38,235,3.113,4,0,0.003
88,54,Run,76,38,1,0,0,0,0
88,54,Pass,76,40,282,3.995,4,0.001,0.003
88,54,Run,76,40,1,0,0,0,0
88,54,Pass,76,42,307,4.622,4,0.002,0.007
88,54,Run,76,42,1,0,0,0,0
88,54,Pass,76,44,337,5.025,6,0.005,0.018
88,54,Pass,76,46,378,5.589,8,0.01,0.032
88,54,Pass,76,48,411,6.499,8,0.014,0.041
88,54,Pass,76,50,420,7.402,7,0.016,0.04
88,54,Run,76,50,1,0,0,0,0
88,54,Pass,76,52,447,7.779,7,0.013,0.031
88,54,Run,76,52,1,0,0,0,0
88,54,Pass,76,54,437,7.572,9,0.008,0.021
88,54,Run,76,54,1,0,0,0,0
88,54,Pass,76,56,418,7.174,9,0.005,0.013
88,54,Run,76,56,1,0,0,0,0
88,54,Pass,76,58,422,6.791,9,0.003,0.009
88,54,Run,76,58,1,0,0,0,0
88,54,Pass,76,60,417,6.228,10,0.003,0.01
88,54,Run,76,60,1,0,0,0,0
88,54,Pass,76,62,404,5.276,8,0.003,0.012
88,54,Run,76,62,1,0,0,0,0
88,54,Pass,76,64,369,4.007,7,0.003,0.015
88,54,Run,76,64,1,0,0,0,0
88,54,Pass,76,66,333,2.727,4,0.002,0.015
88,54,Run,76,66,3,0.001,0,0,0
88,54,Pass,76,68,288,1.754,4,0.001,0.012
88,54,Run,76,68,4,0.004,0,0,0
88,54,Pass,76,70,254,1.198,2,0.001,0.008
88,54,Run,76,70,4,0.017,0,0,0
88,54,Pass,76,72,214,0.92,2,0,0.006
88,54,Run,76,72,4,0.051,0,0,0
88,54,Pass,76,74,187,0.703,2,0,0.006
88,54,Run,76,74,4,0.106,0,0,0
88,54,Pass,76,76,152,0.464,1,0,0.011
88,54,Run,76,76,4,0.155,0,0,0
88,54,Pass,76,78,131,0.25,1,0,0.019
88,54,Run,76,78,4,0.157,0,0,0
88,54,Pass,76,80,102,0.109,1,0,0.032
88,54,Run,76,80,4,0.112,0,0,0
88,54,Pass,74,0,2,0,0,0,0
88,54,Pass,74,2,3,0,1,0,0.001
88,54,Pass,74,4,3,0.001,1,0,0.003
88,54,Pass,74,6,4,0,1,0,0.013
88,54,Pass,74,8,4,0,1,0,0.052
88,54,Pass,74,10,8,0,1,0,0.125
88,54,Run,74,12,1,0,0,0,0
88,54,Pass,74,12,16,0.001,1,0,0.043
88,54,Run,74,14,1,0,0,0,0
88,54,Pass,74,14,20,0.005,1,0,0.009
88,54,Run,74,16,1,0,0,0,0
88,54,Pass,74,16,30,0.021,1,0,0.004
88,54,Run,74,18,1,0,0,0,0
88,54,Pass,74,18,43,0.063,1,0,0.008
88,54,Pass,74,20,50,0.156,1,0,0.018
88,54,Run,74,20,2,0,0,0,0
88,54,Pass,74,22,59,0.326,1,0.001,0.032
88,54,Run,74,22,2,0,0,0,0
88,54,Pass,74,24,70,0.625,1,0.002,0.046
88,54,Run,74,24,2,0,0,0,0
88,54,Pass,74,26,91,1.063,1,0.003,0.051
88,54,Run,74,26,2,0,0,0,0
88,54,Pass,74,28,106,1.495,1,0.004,0.049
88,54,Run,74,28,2,0.001,0,0,0
88,54,Pass,74,30,129,1.665,1,0.004,0.041
88,54,Run,74,30,2,0.001,0,0,0
88,54,Pass,74,32,145,1.5,1,0.002,0.03
88,54,Run,74,32,2,0.002,0,0,0
88,54,Pass,74,34,164,1.262,1,0.001,0.017
88,54,Run,74,34,1,0.001,0,0,0
88,54,Pass,74,36,178,1.28,2,0,0.007
88,54,Run,74,36,1,0.001,0,0,0
88,54,Pass,74,38,209,1.623,4,0,0.003
88,54,Run,74,38,1,0,0,0,0
88,54,Pass,74,40,227,2.082,4,0,0.004
88,54,Run,74,40,1,0,0,0,0
88,54,Pass,74,42,265,2.448,5,0.001,0.009
88,54,Run,74,42,1,0,0,0,0
88,54,Pass,74,44,297,2.769,6,0.003,0.022
88,54,Run,74,44,1,0,0,0,0
88,54,Pass,74,46,321,3.26,7,0.007,0.039
88,54,Pass,74,48,346,3.96,7,0.01,0.047
88,54,Run,74,48,1,0,0,0,0
88,54,Pass,74,50,365,4.597,7,0.011,0.044
88,54,Run,74,50,1,0,0,0,0
88,54,Pass,74,52,375,4.867,7,0.008,0.032
88,54,Run,74,52,1,0,0,0,0
88,54,Pass,74,54,374,4.776,8,0.005,0.02
88,54,Run,74,54,1,0,0,0,0
88,54,Pass,74,56,360,4.559,7,0.003,0.01
88,54,Run,74,56,1,0,0,0,0
88,54,Pass,74,58,349,4.318,8,0.001,0.006
88,54,Run,74,58,1,0,0,0,0
88,54,Pass,74,60,350,3.922,7,0.001,0.006
88,54,Run,74,60,1,0,0,0,0
88,54,Pass,74,62,334,3.248,6,0.001,0.008
88,54,Run,74,62,1,0,0,0,0
88,54,Pass,74,64,303,2.38,4,0.001,0.01
88,54,Run,74,64,1,0,0,0,0
88,54,Pass,74,66,263,1.543,3,0.001,0.01
88,54,Run,74,66,5,0,0,0,0
88,54,Pass,74,68,235,0.942,2,0,0.009
88,54,Run,74,68,5,0.003,0,0,0
88,54,Pass,74,70,206,0.635,2,0,0.005
88,54,Run,74,70,4,0.012,0,0,0
88,54,Pass,74,72,179,0.51,2,0,0.003
88,54,Run,74,72,4,0.036,0,0,0
88,54,Pass,74,74,154,0.408,2,0,0.003
88,54,Run,74,74,4,0.078,0,0,0
88,54,Pass,74,76,129,0.271,1,0,0.005
88,54,Run,74,76,4,0.119,0,0,0
88,54,Pass,74,78,102,0.14,1,0,0.01
88,54,Run,74,78,4,0.126,0,0,0
88,54,Pass,74,80,81,0.059,0,0,0.016
88,54,Run,74,80,4,0.094,0,0,0
88,54,Pass,72,0,1,0,0,0,0
88,54,Pass,72,2,3,0,1,0,0.001
88,54,Pass,72,4,3,0,1,0,0.005
88,54,Pass,72,6,3,0,1,0,0.024
88,54,Pass,72,8,3,0,1,0,0.08
88,54,Pass,72,10,5,0,1,0,0.156
88,54,Pass,72,12,10,0,1,0,0.041
88,54,Pass,72,14,13,0.002,1,0,0.008
88,54,Run,72,16,1,0,0,0,0
88,54,Pass,72,16,26,0.008,1,0,0.007
88,54,Run,72,18,1,0,0,0,0
88,54,Pass,72,18,35,0.028,1,0,0.014
88,54,Run,72,20,2,0,0,0,0
88,54,Pass,72,20,42,0.079,1,0,0.028
88,54,Pass,72,22,51,0.19,1,0,0.046
88,54,Run,72,22,2,0,0,0,0
88,54,Pass,72,24,58,0.391,0,0.001,0.062
88,54,Run,72,24,2,0,0,0,0
88,54,Pass,72,26,76,0.678,1,0.002,0.069
88,54,Run,72,26,2,0.001,0,0,0
88,54,Pass,72,28,92,0.937,1,0.003,0.067
88,54,Run,72,28,2,0.001,0,0,0
88,54,Pass,72,30,112,1.006,1,0.003,0.058
88,54,Run,72,30,2,0.002,0,0,0
88,54,Pass,72,32,122,0.861,1,0.002,0.045
88,54,Run,72,32,1,0.003,0,0,0
88,54,Pass,72,34,143,0.676,1,0.001,0.026
88,54,Run,72,34,1,0.002,0,0,0
88,54,Pass,72,36,155,0.634,1,0,0.01
88,54,Run,72,36,1,0.001,0,0,0
88,54,Pass,72,38,171,0.759,3,0,0.003
88,54,Run,72,38,1,0.001,0,0,0
88,54,Pass,72,40,184,0.944,5,0,0.004
88,54,Run,72,40,1,0,0,0,0
88,54,Pass,72,42,210,1.108,5,0.001,0.01
88,54,Run,72,42,1,0,0,0,0
88,54,Pass,72,44,244,1.297,5,0.002,0.024
88,54,Run,72,44,1,0,0,0,0
88,54,Pass,72,46,267,1.603,6,0.003,0.039
88,54,Run,72,46,1,0,0,0,0
88,54,Pass,72,48,282,2.018,5,0.005,0.047
88,54,Run,72,48,1,0,0,0,0
88,54,Pass,72,50,305,2.397,6,0.005,0.042
88,54,Run,72,50,1,0,0,0,0
88,54,Pass,72,52,303,2.598,7,0.004,0.03
88,54,Run,72,52,1,0,0,0,0
88,54,Pass,72,54,315,2.626,6,0.002,0.018
88,54,Run,72,54,1,0,0,0,0
88,54,Pass,72,56,312,2.581,7,0.001,0.009
88,54,Run,72,56,1,0,0,0,0
88,54,Pass,72,58,305,2.493,6,0.001,0.005
88,54,Run,72,58,1,0,0,0,0
88,54,Pass,72,60,298,2.269,6,0,0.004
88,54,Run,72,60,1,0,0,0,0
88,54,Pass,72,62,276,1.841,5,0,0.004
88,54,Run,72,62,1,0,0,0,0
88,54,Pass,72,64,246,1.289,4,0,0.006
88,54,Run,72,64,2,0,0,0,0
88,54,Pass,72,66,215,0.782,4,0,0.006
88,54,Run,72,66,5,0,0,0,0
88,54,Pass,72,68,190,0.446,2,0,0.005
88,54,Run,72,68,5,0.002,0,0,0
88,54,Pass,72,70,165,0.295,2,0,0.003
88,54,Run,72,70,4,0.01,0,0,0
88,54,Pass,72,72,141,0.249,2,0,0.002
88,54,Run,72,72,4,0.032,0,0,0
88,54,Pass,72,74,118,0.214,1,0,0.001
88,54,Run,72,74,4,0.072,0,0,0
88,54,Pass,72,76,96,0.156,1,0,0.002
88,54,Run,72,76,4,0.114,0,0,0
88,54,Pass,72,78,80,0.099,1,0,0.003
88,54,Run,72,78,4,0.126,0,0,0
88,54,Pass,72,80,57,0.062,0,0,0.003
88,54,Run,72,80,4,0.098,0,0,0
88,54,Pass,70,0,1,0,0,0,0
88,54,Pass,70,2,1,0,0,0,0
88,54,Pass,70,4,3,0,1,0,0.01
88,54,Pass,70,6,3,0,1,0,0.041
88,54,Pass,70,8,3,0,1,0,0.176
88,54,Pass,70,10,3,0,1,0,0.177
88,54,Pass,70,12,6,0,1,0,0.063
88,54,Pass,70,14,12,0.001,1,0,0.005
88,54,Pass,70,16,17,0.003,1,0,0.009
88,54,Run,70,18,1,0,0,0,0
88,54,Pass,70,18,24,0.013,1,0,0.018
88,54,Run,70,20,2,0,0,0,0
88,54,Pass,70,20,35,0.042,1,0,0.031
88,54,Run,70,22,2,0,0,0,0
88,54,Pass,70,22,41,0.108,1,0,0.048
88,54,Pass,70,24,47,0.226,0,0.001,0.064
88,54,Run,70,24,2,0,0,0,0
88,54,Pass,70,26,62,0.377,0,0.001,0.074
88,54,Run,70,26,2,0.001,0,0,0
88,54,Pass,70,28,79,0.493,1,0.002,0.076
88,54,Run,70,28,1,0.002,0,0,0
88,54,Pass,70,30,94,0.511,1,0.002,0.069
88,54,Run,70,30,1,0.003,0,0,0
88,54,Pass,70,32,99,0.45,1,0.001,0.051
88,54,Run,70,32,1,0.004,0,0,0
88,54,Pass,70,34,108,0.401,1,0.001,0.026
88,54,Run,70,34,1,0.003,0,0,0
88,54,Pass,70,36,121,0.415,1,0,0.009
88,54,Run,70,36,1,0.002,0,0,0
88,54,Pass,70,38,143,0.462,2,0,0.003
88,54,Run,70,38,1,0.001,0,0,0
88,54,Pass,70,40,156,0.5,3,0,0.003
88,54,Run,70,40,1,0,0,0,0
88,54,Pass,70,42,165,0.537,4,0,0.008
88,54,Run,70,42,1,0,0,0,0
88,54,Pass,70,44,192,0.613,5,0.001,0.018
88,54,Run,70,44,1,0,0,0,0
88,54,Pass,70,46,212,0.749,5,0.001,0.03
88,54,Run,70,46,1,0,0,0,0
88,54,Pass,70,48,226,0.921,5,0.002,0.037
88,54,Run,70,48,1,0,0,0,0
88,54,Pass,70,50,245,1.084,5,0.002,0.034
88,54,Run,70,50,1,0,0,0,0
88,54,Pass,70,52,250,1.212,5,0.002,0.025
88,54,Run,70,52,1,0,0,0,0
88,54,Pass,70,54,255,1.313,5,0.001,0.014
88,54,Run,70,54,1,0,0,0,0
88,54,Pass,70,56,250,1.417,4,0.001,0.007
88,54,Run,70,56,1,0,0,0,0
88,54,Pass,70,58,248,1.503,5,0,0.004
88,54,Run,70,58,1,0,0,0,0
88,54,Pass,70,60,230,1.46,4,0,0.003
88,54,Run,70,60,1,0,0,0,0
88,54,Pass,70,62,208,1.206,4,0,0.002
88,54,Run,70,62,1,0,0,0,0
88,54,Pass,70,64,183,0.814,4,0,0.003
88,54,Run,70,64,2,0,0,0,0
88,54,Pass,70,66,167,0.454,3,0,0.003
88,54,Run,70,66,4,0,0,0,0
88,54,Pass,70,68,152,0.229,3,0,0.003
88,54,Run,70,68,5,0.002,0,0,0
88,54,Pass,70,70,131,0.134,1,0,0.002
88,54,Run,70,70,5,0.009,0,0,0
88,54,Pass,70,72,111,0.11,1,0,0.001
88,54,Run,70,72,4,0.029,0,0,0
88,54,Pass,70,74,89,0.11,1,0,0.001
88,54,Run,70,74,4,0.067,0,0,0
88,54,Pass,70,76,71,0.119,0,0,0
88,54,Run,70,76,4,0.107,0,0,0
88,54,Pass,70,78,55,0.136,0,0,0
88,54,Run,70,78,4,0.121,0,0,0
88,54,Pass,70,80,40,0.14,0,0,0
88,54,Run,70,80,4,0.095,0,0,0
88,54,Pass,68,6,2,0,1,0,0.171
88,54,Pass,68,8,3,0,1,0,0.105
88,54,Pass,68,10,3,0,1,0,0.052
88,54,Pass,68,12,5,0,1,0,0.018
88,54,Pass,68,14,9,0,1,0,0.002
88,54,Pass,68,16,12,0.002,1,0,0
88,54,Pass,68,18,15,0.007,1,0,0.014
88,54,Pass,68,20,22,0.024,0,0,0.023
88,54,Run,68,20,1,0,0,0,0
88,54,Pass,68,22,32,0.064,0,0,0.034
88,54,Run,68,22,1,0,0,0,0
88,54,Pass,68,24,40,0.129,0,0,0.047
88,54,Run,68,24,1,0,0,0,0
88,54,Pass,68,26,42,0.2,0,0.001,0.059
88,54,Run,68,26,1,0.001,0,0,0
88,54,Pass,68,28,53,0.242,0,0.001,0.065
88,54,Run,68,28,1,0.002,0,0,0
88,54,Pass,68,30,69,0.253,1,0.001,0.059
88,54,Run,68,30,1,0.003,0,0,0
88,54,Pass,68,32,81,0.278,1,0.001,0.035
88,54,Run,68,32,1,0.003,0,0,0
88,54,Pass,68,34,88,0.356,1,0,0.012
88,54,Run,68,34,1,0.003,0,0,0
88,54,Pass,68,36,96,0.45,2,0,0.003
88,54,Run,68,36,1,0.002,0,0,0
88,54,Pass,68,38,105,0.482,2,0,0.001
88,54,Run,68,38,1,0.001,0,0,0
88,54,Pass,68,40,121,0.449,3,0,0.001
88,54,Run,68,40,1,0,0,0,0
88,54,Pass,68,42,133,0.415,3,0,0.003
88,54,Run,68,42,1,0,0,0,0
88,54,Pass,68,44,149,0.421,2,0,0.007
88,54,Run,68,44,1,0,0,0,0
88,54,Pass,68,46,173,0.446,3,0,0.014
88,54,Run,68,46,1,0,0,0,0
88,54,Pass,68,48,192,0.465,4,0,0.02
88,54,Run,68,48,1,0,0,0,0
88,54,Pass,68,50,198,0.49,5,0.001,0.021
88,54,Run,68,50,1,0,0,0,0
88,54,Pass,68,52,199,0.553,4,0,0.016
88,54,Run,68,52,1,0,0,0,0
88,54,Pass,68,54,195,0.681,4,0,0.01
88,54,Run,68,54,1,0,0,0,0
88,54,Pass,68,56,197,0.885,4,0,0.006
88,54,Run,68,56,1,0,0,0,0
88,54,Pass,68,58,192,1.119,4,0,0.003
88,54,Run,68,58,1,0,0,0,0
88,54,Pass,68,60,179,1.228,4,0,0.002
88,54,Run,68,60,2,0,0,0,0
88,54,Pass,68,62,164,1.071,2,0,0.001
88,54,Run,68,62,2,0,0,0,0
88,54,Pass,68,64,139,0.719,1,0,0.001
88,54,Run,68,64,4,0,0,0,0
88,54,Pass,68,66,127,0.377,1,0,0.001
88,54,Run,68,66,5,0,0,0,0
88,54,Pass,68,68,119,0.166,1,0,0.001
88,54,Run,68,68,5,0.001,0,0,0
88,54,Pass,68,70,93,0.075,1,0,0.001
88,54,Run,68,70,5,0.006,0,0,0
88,54,Pass,68,72,75,0.058,0,0,0
88,54,Run,68,72,4,0.021,0,0,0
88,54,Pass,68,74,59,0.089,0,0,0
88,54,Run,68,74,4,0.049,0,0,0
88,54,Pass,68,76,40,0.168,0,0,0
88,54,Run,68,76,4,0.079,0,0,0
88,54,Pass,68,78,30,0.267,0,0,0
88,54,Run,68,78,4,0.089,0,0,0
88,54,Pass,68,80,21,0.313,0,0,0
88,54,Run,68,80,4,0.069,0,0,0
88,54,Pass,66,8,1,0,0,0,0
88,54,Pass,66,10,1,0,0,0,0
88,54,Pass,66,12,2,0,1,0,0.001
88,54,Pass,66,14,7,0,1,0,0
88,54,Pass,66,16,9,0.001,0,0,0.007
88,54,Pass,66,18,11,0.004,0,0,0.011
88,54,Pass,66,20,13,0.015,0,0,0.014
88,54,Run,66,20,1,0,0,0,0
88,54,Pass,66,22,19,0.039,0,0,0.018
88,54,Run,66,22,1,0,0,0,0
88,54,Pass,66,24,25,0.076,0,0,0.024
88,54,Run,66,24,1,0,0,0,0
88,54,Pass,66,26,31,0.109,0,0,0.032
88,54,Run,66,26,1,0,0,0,0
88,54,Pass,66,28,37,0.126,0,0,0.037
88,54,Run,66,28,1,0.001,0,0,0
88,54,Pass,66,30,53,0.147,0,0,0.029
88,54,Run,66,30,1,0.002,0,0,0
88,54,Pass,66,32,64,0.224,0,0,0.013
88,54,Run,66,32,1,0.002,0,0,0
88,54,Pass,66,34,75,0.369,0,0,0.004
88,54,Run,66,34,1,0.002,0,0,0
88,54,Pass,66,36,77,0.507,2,0,0.001
88,54,Run,66,36,1,0.001,0,0,0
88,54,Pass,66,38,83,0.54,2,0,0
88,54,Run,66,38,1,0,0,0,0
88,54,Pass,66,40,84,0.481,1,0,0
88,54,Run,66,40,1,0,0,0,0
88,54,Pass,66,42,105,0.42,2,0,0.001
88,54,Run,66,42,1,0,0,0,0
88,54,Pass,66,44,118,0.394,2,0,0.002
88,54,Run,66,44,1,0,0,0,0
88,54,Pass,66,46,136,0.364,2,0,0.004
88,54,Run,66,46,1,0,0,0,0
88,54,Pass,66,48,147,0.307,3,0,0.007
88,54,Run,66,48,1,0,0,0,0
88,54,Pass,66,50,154,0.262,3,0,0.009
88,54,Run,66,50,2,0,0,0,0.005
88,54,Pass,66,52,158,0.282,3,0,0.009
88,54,Run,66,52,2,0,0,0,0.004
88,54,Pass,66,54,153,0.401,3,0,0.007
88,54,Run,66,54,2,0,0,0,0.003
88,54,Pass,66,56,152,0.635,3,0,0.004
88,54,Run,66,56,2,0,0,0,0.002
88,54,Pass,66,58,149,0.932,3,0,0.002
88,54,Run,66,58,3,0.001,0,0,0.001
88,54,Pass,66,60,128,1.114,3,0,0.001
88,54,Run,66,60,3,0,0,0,0.001
88,54,Pass,66,62,116,1.008,1,0,0.001
88,54,Run,66,62,3,0,0,0,0.001
88,54,Pass,66,64,107,0.677,1,0,0
88,54,Run,66,64,4,0,0,0,0
88,54,Pass,66,66,98,0.343,1,0,0
88,54,Run,66,66,5,0,0,0,0
88,54,Pass,66,68,86,0.139,1,0,0
88,54,Run,66,68,5,0.001,0,0,0
88,54,Pass,66,70,69,0.055,1,0,0
88,54,Run,66,70,5,0.003,0,0,0
88,54,Pass,66,72,48,0.047,1,0,0
88,54,Run,66,72,4,0.011,0,0,0
88,54,Pass,66,74,38,0.11,0,0,0
88,54,Run,66,74,3,0.026,0,0,0
88,54,Pass,66,76,27,0.254,0,0,0
88,54,Run,66,76,3,0.042,0,0,0
88,54,Pass,66,78,20,0.431,0,0,0
88,54,Run,66,78,3,0.047,0,0,0
88,54,Pass,66,80,16,0.515,0,0,0
88,54,Run,66,80,3,0.037,0,0,0
88,54,Pass,64,6,1,0,0,0,0
88,54,Pass,64,8,1,0,0,0,0
88,54,Pass,64,10,1,0,0,0,0
88,54,Pass,64,12,1,0,0,0,0
88,54,Pass,64,14,4,0,0,0,0.037
88,54,Pass,64,16,6,0.001,0,0,0.042
88,54,Pass,64,18,9,0.003,0,0,0.036
88,54,Pass,64,20,12,0.009,0,0,0.027
88,54,Run,64,20,1,0,0,0,0
88,54,Pass,64,22,14,0.022,0,0,0.019
88,54,Run,64,22,1,0,0,0,0
88,54,Pass,64,24,17,0.041,0,0,0.016
88,54,Run,64,24,1,0,0,0,0
88,54,Pass,64,26,25,0.057,0,0,0.016
88,54,Run,64,26,1,0,0,0,0
88,54,Pass,64,28,32,0.067,0,0,0.015
88,54,Run,64,28,1,0,0,0,0
88,54,Pass,64,30,37,0.093,0,0,0.01
88,54,Run,64,30,1,0.001,0,0,0
88,54,Pass,64,32,45,0.174,0,0,0.003
88,54,Run,64,32,1,0.001,0,0,0
88,54,Pass,64,34,50,0.315,0,0,0.001
88,54,Run,64,34,1,0.001,0,0,0
88,54,Pass,64,36,59,0.442,1,0,0
88,54,Run,64,36,1,0,0,0,0
88,54,Pass,64,38,60,0.472,1,0,0
88,54,Run,64,38,1,0,0,0,0
88,54,Pass,64,40,65,0.421,1,0,0
88,54,Run,64,40,1,0,0,0,0
88,54,Pass,64,42,75,0.368,1,0,0.001
88,54,Run,64,42,1,0,0,0,0
88,54,Pass,64,44,87,0.339,2,0,0.001
88,54,Pass,64,46,94,0.295,2,0,0.002
88,54,Run,64,46,1,0,0,0,0
88,54,Pass,64,48,106,0.22,3,0,0.003
88,54,Run,64,48,2,0,0,0,0.049
88,54,Pass,64,50,116,0.157,3,0,0.005
88,54,Run,64,50,2,0,0,0,0.038
88,54,Pass,64,52,116,0.153,3,0,0.006
88,54,Run,64,52,2,0,0,0,0.028
88,54,Pass,64,54,108,0.236,3,0,0.004
88,54,Run,64,54,2,0,0,0,0.021
88,54,Pass,64,56,110,0.423,3,0,0.003
88,54,Run,64,56,3,0,0,0,0.015
88,54,Pass,64,58,106,0.674,2,0,0.001
88,54,Run,64,58,3,0,0,0,0.01
88,54,Pass,64,60,94,0.837,2,0,0.001
88,54,Run,64,60,3,0,0,0,0.006
88,54,Pass,64,62,84,0.769,1,0,0.001
88,54,Run,64,62,3,0,0,0,0.002
88,54,Pass,64,64,80,0.516,1,0,0
88,54,Run,64,64,4,0,0,0,0.001
88,54,Pass,64,66,72,0.257,1,0,0
88,54,Run,64,66,4,0,0,0,0
88,54,Pass,64,68,60,0.1,1,0,0
88,54,Run,64,68,5,0.001,0,0,0
88,54,Pass,64,70,46,0.038,1,0,0
88,54,Run,64,70,5,0.001,0,0,0
88,54,Pass,64,72,32,0.042,1,0,0
88,54,Run,64,72,4,0.005,0,0,0
88,54,Pass,64,74,24,0.12,0,0,0
88,54,Run,64,74,4,0.01,0,0,0
88,54,Pass,64,76,16,0.29,0,0,0
88,54,Run,64,76,3,0.016,0,0,0
88,54,Pass,64,78,11,0.496,0,0,0
88,54,Run,64,78,3,0.018,0,0,0
88,54,Pass,64,80,8,0.594,0,0,0
88,54,Run,64,80,3,0.014,0,0,0
88,54,Pass,62,8,1,0,0,0,0
88,54,Pass,62,10,1,0,0,0,0
88,54,Pass,62,12,2,0,0,0,0.079
88,54,Pass,62,14,2,0,0,0,0.111
88,54,Pass,62,16,4,0.001,0,0,0.124
88,54,Pass,62,18,7,0.003,0,0,0.124
88,54,Pass,62,20,9,0.008,0,0,0.106
88,54,Pass,62,22,9,0.014,0,0,0.077
88,54,Run,62,22,1,0,0,0,0
88,54,Pass,62,24,13,0.022,0,0,0.051
88,54,Run,62,24,1,0,0,0,0
88,54,Pass,62,26,19,0.028,0,0,0.03
88,54,Run,62,26,1,0,0,0,0
88,54,Pass,62,28,22,0.032,0,0,0.015
88,54,Run,62,28,1,0,0,0,0
88,54,Pass,62,30,27,0.05,0,0,0.005
88,54,Run,62,30,1,0,0,0,0
88,54,Pass,62,32,31,0.105,0,0,0.001
88,54,Run,62,32,1,0,0,0,0
88,54,Pass,62,34,37,0.197,0,0,0
88,54,Run,62,34,1,0,0,0,0
88,54,Pass,62,36,42,0.278,1,0,0
88,54,Run,62,36,1,0,0,0,0
88,54,Pass,62,38,44,0.299,1,0,0
88,54,Run,62,38,1,0,0,0,0
88,54,Pass,62,40,43,0.271,1,0,0
88,54,Run,62,40,1,0,0,0,0
88,54,Pass,62,42,50,0.242,1,0,0.001
88,54,Run,62,42,1,0,0,0,0
88,54,Pass,62,44,61,0.225,1,0,0.001
88,54,Pass,62,46,64,0.191,1,0,0.002
88,54,Run,62,46,2,0,0,0,0.136
88,54,Pass,62,48,77,0.136,2,0,0.002
88,54,Run,62,48,2,0,0,0,0.127
88,54,Pass,62,50,76,0.086,2,0,0.003
88,54,Run,62,50,2,0,0,0,0.117
88,54,Pass,62,52,83,0.073,2,0,0.005
88,54,Run,62,52,2,0,0,0,0.105
88,54,Pass,62,54,89,0.116,2,0,0.004
88,54,Run,62,54,3,0,0,0,0.09
88,54,Pass,62,56,86,0.221,2,0,0.002
88,54,Run,62,56,3,0,0,0,0.071
88,54,Pass,62,58,78,0.368,2,0,0.002
88,54,Run,62,58,3,0,0,0,0.045
88,54,Pass,62,60,70,0.467,2,0,0.001
88,54,Run,62,60,3,0.001,0,0,0.018
88,54,Pass,62,62,64,0.432,1,0,0.001
88,54,Run,62,62,3,0.001,0,0,0.005
88,54,Pass,62,64,61,0.29,1,0,0.001
88,54,Run,62,64,4,0.001,0,0,0.001
88,54,Pass,62,66,53,0.142,1,0,0
88,54,Run,62,66,5,0.001,0,0,0
88,54,Pass,62,68,42,0.054,1,0,0
88,54,Run,62,68,5,0.001,0,0,0
88,54,Pass,62,70,31,0.021,1,0,0
88,54,Run,62,70,5,0.001,0,0,0
88,54,Pass,62,72,26,0.031,1,0,0
88,54,Run,62,72,4,0.001,0,0,0
88,54,Pass,62,74,16,0.095,0,0,0
88,54,Run,62,74,4,0.003,0,0,0
88,54,Pass,62,76,12,0.233,0,0,0
88,54,Run,62,76,4,0.005,0,0,0
88,54,Pass,62,78,9,0.4,0,0,0
88,54,Run,62,78,3,0.005,0,0,0
88,54,Pass,62,80,6,0.478,0,0,0
88,54,Run,62,80,3,0.004,0,0,0
88,54,Pass,60,8,1,0,0,0,0
88,54,Pass,60,10,1,0,0,0,0
88,54,Pass,60,12,2,0,0,0,0.15
88,54,Pass,60,14,2,0.001,0,0,0.169
88,54,Pass,60,16,3,0.002,0,0,0.179
88,54,Pass,60,18,4,0.006,0,0,0.182
88,54,Pass,60,20,5,0.012,0,0,0.179
88,54,Pass,60,22,7,0.018,0,0,0.168
88,54,Pass,60,24,11,0.019,0,0,0.147
88,54,Run,60,24,1,0,0,0,0
88,54,Pass,60,26,14,0.017,0,0,0.112
88,54,Run,60,26,1,0,0,0,0
88,54,Pass,60,28,17,0.015,0,0,0.061
88,54,Run,60,28,1,0,0,0,0
88,54,Pass,60,30,21,0.021,0,0,0.014
88,54,Run,60,30,1,0,0,0,0
88,54,Pass,60,32,25,0.046,0,0,0.001
88,54,Run,60,32,1,0,0,0,0
88,54,Pass,60,34,31,0.088,0,0,0
88,54,Run,60,34,1,0,0,0,0
88,54,Pass,60,36,33,0.125,1,0,0
88,54,Run,60,36,1,0,0,0,0
88,54,Pass,60,38,31,0.136,1,0,0
88,54,Run,60,38,1,0,0,0,0
88,54,Pass,60,40,35,0.126,1,0,0
88,54,Run,60,40,1,0,0,0,0
88,54,Pass,60,42,38,0.117,1,0,0.001
88,54,Pass,60,44,43,0.111,1,0,0.001
88,54,Run,60,44,1,0,0,0,0.159
88,54,Pass,60,46,49,0.095,1,0,0.002
88,54,Run,60,46,1,0,0,0,0.159
88,54,Pass,60,48,53,0.067,2,0,0.003
88,54,Run,60,48,2,0,0,0,0.155
88,54,Pass,60,50,57,0.04,2,0,0.004
88,54,Run,60,50,2,0,0,0,0.153
88,54,Pass,60,52,59,0.03,2,0,0.005
88,54,Run,60,52,2,0,0,0,0.15
88,54,Pass,60,54,58,0.044,2,0,0.005
88,54,Run,60,54,3,0.001,0,0,0.143
88,54,Pass,60,56,60,0.086,2,0,0.003
88,54,Run,60,56,3,0.001,0,0,0.125
88,54,Pass,60,58,57,0.146,2,0,0.003
88,54,Run,60,58,3,0.001,0,0,0.079
88,54,Pass,60,60,48,0.188,2,0,0.002
88,54,Run,60,60,3,0.001,0,0,0.028
88,54,Pass,60,62,45,0.176,1,0,0.002
88,54,Run,60,62,3,0.002,0,0,0.006
88,54,Pass,60,64,46,0.119,1,0,0.001
88,54,Run,60,64,4,0.003,0,0,0.001
88,54,Pass,60,66,40,0.059,1,0,0.001
88,54,Run,60,66,5,0.003,0,0,0
88,54,Pass,60,68,29,0.022,1,0,0.001
88,54,Run,60,68,4,0.002,0,0,0
88,54,Pass,60,70,22,0.009,1,0,0
88,54,Run,60,70,4,0.001,0,0,0
88,54,Pass,60,72,18,0.017,1,0,0
88,54,Run,60,72,4,0.001,0,0,0
88,54,Pass,60,74,13,0.053,0,0,0
88,54,Run,60,74,4,0.001,0,0,0
88,54,Pass,60,76,8,0.131,0,0,0
88,54,Run,60,76,4,0.001,0,0,0
88,54,Pass,60,78,7,0.224,0,0,0
88,54,Run,60,78,3,0.001,0,0,0
88,54,Pass,60,80,3,0.269,0,0,0
88,54,Run,60,80,3,0.001,0,0,0
88,54,Pass,58,8,1,0,0,0,0
88,54,Pass,58,10,2,0,0,0,0.175
88,54,Pass,58,12,2,0,0,0,0.186
88,54,Pass,58,14,2,0.001,0,0,0.192
88,54,Pass,58,16,2,0.004,0,0,0.195
88,54,Pass,58,18,3,0.01,0,0,0.196
88,54,Pass,58,20,4,0.02,0,0,0.196
88,54,Pass,58,22,6,0.028,0,0,0.194
88,54,Pass,58,24,8,0.028,0,0,0.191
88,54,Pass,58,26,11,0.02,0,0,0.182
88,54,Run,58,26,1,0,0,0,0
88,54,Pass,58,28,13,0.011,0,0,0.151
88,54,Run,58,28,1,0,0,0,0
88,54,Pass,58,30,18,0.009,0,0,0.063
88,54,Run,58,30,1,0,0,0,0
88,54,Pass,58,32,21,0.015,0,0,0.008
88,54,Run,58,32,1,0,0,0,0
88,54,Pass,58,34,25,0.028,0,0,0.001
88,54,Run,58,34,1,0,0,0,0
88,54,Pass,58,36,30,0.041,1,0,0
88,54,Run,58,36,1,0,0,0,0
88,54,Pass,58,38,30,0.045,1,0,0
88,54,Run,58,38,1,0,0,0,0
88,54,Pass,58,40,30,0.043,1,0,0
88,54,Pass,58,42,31,0.043,1,0,0.001
88,54,Pass,58,44,34,0.044,1,0,0.001
88,54,Run,58,44,1,0,0,0,0.159
88,54,Pass,58,46,39,0.04,1,0,0.002
88,54,Run,58,46,1,0,0,0,0.159
88,54,Pass,58,48,41,0.029,2,0,0.002
88,54,Run,58,48,2,0,0,0,0.158
88,54,Pass,58,50,43,0.017,2,0,0.004
88,54,Run,58,50,2,0,0,0,0.158
88,54,Pass,58,52,47,0.011,2,0,0.005
88,54,Run,58,52,3,0.001,0,0,0.157
88,54,Pass,58,54,45,0.014,2,0,0.006
88,54,Run,58,54,3,0.001,0,0,0.154
88,54,Pass,58,56,39,0.025,2,0,0.006
88,54,Run,58,56,3,0.001,0,0,0.14
88,54,Pass,58,58,38,0.044,2,0,0.005
88,54,Run,58,58,3,0.002,0,0,0.095
88,54,Pass,58,60,39,0.057,2,0,0.004
88,54,Run,58,60,3,0.003,0,0,0.035
88,54,Pass,58,62,36,0.055,1,0,0.003
88,54,Run,58,62,3,0.004,0,0,0.008
88,54,Pass,58,64,33,0.038,1,0,0.002
88,54,Run,58,64,3,0.006,0,0,0.002
88,54,Pass,58,66,26,0.019,1,0,0.002
88,54,Run,58,66,4,0.006,0,0,0
88,54,Pass,58,68,18,0.007,1,0,0.001
88,54,Run,58,68,4,0.004,0,0,0
88,54,Pass,58,70,16,0.003,1,0,0
88,54,Run,58,70,3,0.002,0,0,0
88,54,Pass,58,72,13,0.006,1,0,0
88,54,Run,58,72,3,0.001,0,0,0
88,54,Pass,58,74,12,0.021,0,0,0
88,54,Run,58,74,4,0,0,0,0
88,54,Pass,58,76,6,0.051,0,0,0
88,54,Run,58,76,4,0,0,0,0
88,54,Run,58,78,4,0,0,0,0
88,54,Pass,58,78,1,0.088,0,0,0
88,54,Run,58,80,3,0,0,0,0
88,54,Pass,58,80,1,0.105,0,0,0
88,54,Pass,56,10,2,0,0,0,0.193
88,54,Pass,56,12,2,0,0,0,0.196
88,54,Pass,56,14,2,0.001,0,0,0.197
88,54,Pass,56,16,2,0.005,0,0,0.198
88,54,Pass,56,18,2,0.013,0,0,0.199
88,54,Pass,56,20,3,0.026,0,0,0.199
88,54,Pass,56,22,3,0.036,0,0,0.198
88,54,Pass,56,24,6,0.035,0,0,0.198
88,54,Pass,56,26,7,0.024,0,0,0.197
88,54,Pass,56,28,9,0.011,0,0,0.19
88,54,Pass,56,30,9,0.005,0,0,0.142
88,54,Pass,56,32,13,0.005,0,0,0.036
88,54,Pass,56,34,18,0.007,0,0,0.004
88,54,Pass,56,36,24,0.01,0,0,0
88,54,Pass,56,38,26,0.012,1,0,0
88,54,Pass,56,40,29,0.012,1,0,0
88,54,Pass,56,42,29,0.014,1,0,0.001
88,54,Pass,56,44,26,0.017,1,0,0.001
88,54,Run,56,44,1,0,0,0,0.159
88,54,Pass,56,46,26,0.018,1,0,0.001
88,54,Run,56,46,1,0,0,0,0.159
88,54,Pass,56,48,28,0.014,2,0,0.002
88,54,Run,56,48,1,0,0,0,0.159
88,54,Pass,56,50,30,0.009,2,0,0.002
88,54,Run,56,50,2,0,0,0,0.159
88,54,Pass,56,52,32,0.005,2,0,0.004
88,54,Run,56,52,3,0.001,0,0,0.158
88,54,Pass,56,54,32,0.005,2,0,0.006
88,54,Run,56,54,3,0.002,0,0,0.156
88,54,Pass,56,56,31,0.008,2,0,0.007
88,54,Run,56,56,3,0.002,0,0,0.145
88,54,Pass,56,58,31,0.013,2,0,0.006
88,54,Run,56,58,3,0.003,0,0,0.104
88,54,Pass,56,60,27,0.017,1,0,0.005
88,54,Run,56,60,3,0.003,0,0,0.042
88,54,Pass,56,62,28,0.016,1,0,0.004
88,54,Run,56,62,3,0.006,0,0,0.01
88,54,Pass,56,64,21,0.012,1,0,0.003
88,54,Run,56,64,3,0.007,0,0,0.002
88,54,Pass,56,66,16,0.007,1,0,0.002
88,54,Run,56,66,2,0.007,0,0,0
88,54,Pass,56,68,12,0.003,1,0,0.001
88,54,Run,56,68,3,0.005,0,0,0
88,54,Pass,56,70,10,0.001,1,0,0.001
88,54,Run,56,70,3,0.002,0,0,0
88,54,Pass,56,72,7,0.002,0,0,0
88,54,Run,56,72,3,0.001,0,0,0
88,54,Pass,56,74,6,0.006,0,0,0
88,54,Run,56,74,3,0,0,0,0
88,54,Pass,56,76,2,0.014,0,0,0
88,54,Run,56,76,3,0,0,0,0
88,54,Pass,56,78,1,0.024,0,0,0
88,54,Run,56,78,3,0,0,0,0
88,54,Pass,56,80,1,0.029,0,0,0
88,54,Run,56,80,2,0,0,0,0
88,54,Pass,54,10,1,0,0,0,0.199
88,54,Pass,54,12,2,0,0,0,0.198
88,54,Pass,54,14,2,0.001,0,0,0.199
88,54,Pass,54,16,2,0.004,0,0,0.199
88,54,Pass,54,18,2,0.012,0,0,0.199
88,54,Pass,54,20,2,0.023,0,0,0.199
88,54,Pass,54,22,2,0.032,0,0,0.199
88,54,Pass,54,24,4,0.031,0,0,0.199
88,54,Pass,54,26,5,0.021,0,0,0.199
88,54,Pass,54,28,5,0.01,0,0,0.198
88,54,Pass,54,30,6,0.004,0,0,0.179
88,54,Pass,54,32,6,0.002,0,0,0.086
88,54,Pass,54,34,10,0.002,0,0,0.012
88,54,Pass,54,36,13,0.003,0,0,0.001
88,54,Pass,54,38,16,0.003,1,0,0
88,54,Pass,54,40,18,0.003,1,0,0
88,54,Pass,54,42,18,0.005,1,0,0
88,54,Pass,54,44,17,0.007,1,0,0
88,54,Run,54,44,1,0,0,0,0.159
88,54,Pass,54,46,18,0.009,1,0,0.001
88,54,Run,54,46,1,0,0,0,0.159
88,54,Pass,54,48,19,0.008,1,0,0.001
88,54,Run,54,48,1,0,0,0,0.159
88,54,Pass,54,50,22,0.005,2,0,0.001
88,54,Run,54,50,1,0.001,0,0,0.159
88,54,Pass,54,52,17,0.004,2,0,0.001
88,54,Run,54,52,2,0.001,0,0,0.158
88,54,Pass,54,54,17,0.004,2,0,0.002
88,54,Run,54,54,3,0.002,0,0,0.157
88,54,Pass,54,56,19,0.007,2,0,0.002
88,54,Run,54,56,3,0.003,0,0,0.148
88,54,Pass,54,58,18,0.009,1,0,0.003
88,54,Run,54,58,3,0.003,0,0,0.113
88,54,Pass,54,60,14,0.01,1,0,0.003
88,54,Run,54,60,3,0.003,0,0,0.05
88,54,Pass,54,62,13,0.009,1,0,0.002
88,54,Run,54,62,3,0.005,0,0,0.013
88,54,Pass,54,64,9,0.006,1,0,0.002
88,54,Run,54,64,2,0.007,0,0,0.003
88,54,Pass,54,66,10,0.004,1,0,0.001
88,54,Run,54,66,2,0.007,0,0,0
88,54,Pass,54,68,7,0.002,1,0,0.001
88,54,Run,54,68,2,0.004,0,0,0
88,54,Pass,54,70,5,0.001,1,0,0
88,54,Run,54,70,2,0.002,0,0,0
88,54,Pass,54,72,4,0,0,0,0
88,54,Run,54,72,2,0.001,0,0,0
88,54,Pass,54,74,3,0.001,0,0,0
88,54,Run,54,74,2,0,0,0,0
88,54,Pass,54,76,2,0.003,0,0,0
88,54,Run,54,76,3,0,0,0,0
88,54,Pass,54,78,1,0.005,0,0,0
88,54,Run,54,78,3,0,0,0,0
88,54,Pass,54,80,1,0.005,0,0,0
88,54,Run,54,80,1,0,0,0,0
88,54,Pass,52,10,1,0,0,0,0.199
88,54,Pass,52,12,1,0,0,0,0.199
88,54,Pass,52,14,2,0.001,0,0,0.199
88,54,Pass,52,16,2,0.003,0,0,0.199
88,54,Pass,52,18,2,0.007,0,0,0.199
88,54,Pass,52,20,2,0.015,0,0,0.199
88,54,Pass,52,22,2,0.02,0,0,0.199
88,54,Pass,52,24,3,0.02,0,0,0.199
88,54,Pass,52,26,3,0.013,0,0,0.199
88,54,Pass,52,28,3,0.006,0,0,0.198
88,54,Pass,52,30,3,0.002,0,0,0.187
88,54,Pass,52,32,4,0.001,0,0,0.117
88,54,Pass,52,34,4,0.001,0,0,0.022
88,54,Pass,52,36,5,0.001,0,0,0
88,54,Pass,52,38,6,0.001,0,0,0
88,54,Pass,52,40,6,0.001,0,0,0
88,54,Pass,52,42,12,0.002,1,0,0
88,54,Pass,52,44,14,0.003,1,0,0
88,54,Run,52,44,1,0,0,0,0.159
88,54,Pass,52,46,12,0.004,1,0,0
88,54,Run,52,46,1,0,0,0,0.159
88,54,Pass,52,48,9,0.004,1,0,0
88,54,Run,52,48,1,0,0,0,0.159
88,54,Pass,52,50,9,0.003,1,0,0
88,54,Run,52,50,1,0,0,0,0.159
88,54,Pass,52,52,12,0.003,2,0,0
88,54,Run,52,52,1,0.001,0,0,0.159
88,54,Pass,52,54,13,0.006,2,0,0
88,54,Run,52,54,2,0.002,0,0,0.157
88,54,Pass,52,56,13,0.01,1,0,0
88,54,Run,52,56,2,0.002,0,0,0.15
88,54,Pass,52,58,12,0.012,1,0,0
88,54,Run,52,58,2,0.002,0,0,0.12
88,54,Pass,52,60,7,0.011,1,0,0
88,54,Run,52,60,2,0.002,0,0,0.058
88,54,Pass,52,62,7,0.008,1,0,0.001
88,54,Run,52,62,2,0.003,0,0,0.016
88,54,Pass,52,64,6,0.005,1,0,0
88,54,Run,52,64,2,0.004,0,0,0.003
88,54,Pass,52,66,5,0.002,1,0,0
88,54,Run,52,66,2,0.004,0,0,0.001
88,54,Pass,52,68,5,0.001,1,0,0
88,54,Run,52,68,2,0.003,0,0,0
88,54,Pass,52,70,4,0,0,0,0
88,54,Run,52,70,1,0.001,0,0,0
88,54,Pass,52,72,2,0,0,0,0
88,54,Run,52,72,1,0,0,0,0
88,54,Pass,52,74,2,0,0,0,0
88,54,Run,52,74,1,0,0,0,0
88,54,Pass,52,76,2,0,0,0,0
88,54,Run,52,76,1,0,0,0,0
88,54,Pass,52,78,1,0.001,0,0,0
88,54,Pass,52,80,1,0.001,0,0,0
88,54,Pass,50,12,1,0,0,0,0.199
88,54,Pass,50,14,1,0,0,0,0.199
88,54,Pass,50,16,1,0.001,0,0,0.199
88,54,Pass,50,18,1,0.003,0,0,0.199
88,54,Pass,50,20,1,0.006,0,0,0.199
88,54,Pass,50,22,1,0.009,0,0,0.199
88,54,Pass,50,24,3,0.009,0,0,0.199
88,54,Pass,50,26,4,0.006,0,0,0.199
88,54,Pass,50,28,4,0.003,0,0,0.198
88,54,Pass,50,30,3,0.001,0,0,0.186
88,54,Pass,50,32,3,0,0,0,0.114
88,54,Pass,50,34,3,0,0,0,0.022
88,54,Pass,50,36,4,0,0,0,0
88,54,Pass,50,38,4,0,0,0,0
88,54,Pass,50,40,4,0,0,0,0
88,54,Pass,50,42,4,0.001,0,0,0
88,54,Pass,50,44,5,0.001,0,0,0
88,54,Run,50,44,1,0,0,0,0.159
88,54,Pass,50,46,8,0.001,1,0,0
88,54,Run,50,46,1,0,0,0,0.159
88,54,Pass,50,48,7,0.001,1,0,0
88,54,Run,50,48,1,0,0,0,0.159
88,54,Pass,50,50,6,0.002,1,0,0
88,54,Run,50,50,1,0,0,0,0.159
88,54,Pass,50,52,6,0.003,0,0,0
88,54,Run,50,52,1,0.001,0,0,0.159
88,54,Pass,50,54,7,0.007,1,0,0
88,54,Run,50,54,2,0.001,0,0,0.157
88,54,Pass,50,56,7,0.011,1,0,0
88,54,Run,50,56,2,0.001,0,0,0.152
88,54,Pass,50,58,6,0.013,1,0,0
88,54,Run,50,58,2,0.001,0,0,0.127
88,54,Pass,50,60,6,0.011,1,0,0
88,54,Run,50,60,2,0.001,0,0,0.067
88,54,Pass,50,62,6,0.007,1,0,0
88,54,Run,50,62,2,0.001,0,0,0.019
88,54,Pass,50,64,5,0.004,1,0,0
88,54,Run,50,64,2,0.002,0,0,0.004
88,54,Pass,50,66,4,0.001,0,0,0
88,54,Run,50,66,2,0.002,0,0,0.001
88,54,Pass,50,68,4,0.001,0,0,0
88,54,Run,50,68,2,0.001,0,0,0
88,54,Pass,50,70,3,0,0,0,0
88,54,Run,50,70,1,0.001,0,0,0
88,54,Pass,50,72,2,0,0,0,0
88,54,Run,50,72,1,0,0,0,0
88,54,Run,50,74,1,0,0,0,0
88,54,Pass,50,74,1,0,0,0,0
88,54,Run,50,76,1,0,0,0,0
88,54,Pass,48,12,1,0,0,0,0.199
88,54,Pass,48,14,1,0,0,0,0.199
88,54,Pass,48,16,1,0,0,0,0.199
88,54,Pass,48,18,1,0.001,0,0,0.199
88,54,Pass,48,20,2,0.002,0,0,0.199
88,54,Pass,48,22,2,0.003,0,0,0.199
88,54,Pass,48,24,3,0.003,0,0,0.199
88,54,Pass,48,26,3,0.002,0,0,0.198
88,54,Pass,48,28,4,0.001,0,0,0.197
88,54,Pass,48,30,4,0,0,0,0.183
88,54,Pass,48,32,4,0,0,0,0.108
88,54,Pass,48,34,3,0,0,0,0
88,54,Pass,48,36,2,0,0,0,0
88,54,Pass,48,38,4,0,0,0,0
88,54,Pass,48,40,4,0,0,0,0
88,54,Pass,48,42,4,0,0,0,0
88,54,Pass,48,44,4,0,0,0,0
88,54,Run,48,44,1,0,0,0,0.159
88,54,Pass,48,46,6,0,0,0,0
88,54,Run,48,46,1,0,0,0,0.159
88,54,Pass,48,48,4,0,0,0,0
88,54,Run,48,48,1,0,0,0,0.159
88,54,Pass,48,50,4,0.001,0,0,0
88,54,Run,48,50,1,0,0,0,0.159
88,54,Pass,48,52,6,0.002,0,0,0
88,54,Run,48,52,1,0,0,0,0.159
88,54,Pass,48,54,6,0.005,0,0,0
88,54,Run,48,54,1,0,0,0,0.159
88,54,Pass,48,56,5,0.009,0,0,0
88,54,Run,48,56,2,0,0,0,0.153
88,54,Pass,48,58,4,0.01,0,0,0
88,54,Run,48,58,2,0,0,0,0.132
88,54,Pass,48,60,4,0.009,0,0,0
88,54,Run,48,60,2,0,0,0,0.077
88,54,Pass,48,62,3,0.005,0,0,0
88,54,Run,48,62,2,0,0,0,0.024
88,54,Pass,48,64,3,0.002,0,0,0
88,54,Run,48,64,2,0.001,0,0,0.005
88,54,Pass,48,66,3,0.001,0,0,0
88,54,Run,48,66,2,0.001,0,0,0.001
88,54,Pass,48,68,3,0,0,0,0
88,54,Run,48,68,1,0,0,0,0
88,54,Pass,48,70,3,0,0,0,0
88,54,Run,48,70,1,0,0,0,0
88,54,Pass,48,72,2,0,0,0,0
88,54,Run,48,72,1,0,0,0,0
88,54,Run,48,74,1,0,0,0,0
88,54,Pass,48,74,1,0,0,0,0
88,54,Pass,46,14,1,0,0,0,0.199
88,54,Pass,46,16,1,0,0,0,0.199
88,54,Pass,46,18,2,0,0,0,0.198
88,54,Pass,46,20,2,0,0,0,0.197
88,54,Pass,46,22,2,0.001,0,0,0.195
88,54,Pass,46,24,2,0.001,0,0,0.192
88,54,Pass,46,26,3,0,0,0,0.187
88,54,Pass,46,28,3,0,0,0,0.176
88,54,Pass,46,30,4,0,0,0,0.151
88,54,Pass,46,32,4,0,0,0,0.083
88,54,Pass,46,34,3,0,0,0,0
88,54,Pass,46,36,3,0,0,0,0
88,54,Pass,46,38,2,0,0,0,0
88,54,Pass,46,40,3,0,0,0,0
88,54,Pass,46,42,4,0,0,0,0
88,54,Pass,46,44,4,0,0,0,0
88,54,Pass,46,46,4,0,0,0,0
88,54,Run,46,46,1,0,0,0,0.159
88,54,Pass,46,48,3,0,0,0,0
88,54,Run,46,48,1,0,0,0,0.159
88,54,Pass,46,50,3,0,0,0,0
88,54,Run,46,50,1,0,0,0,0.159
88,54,Pass,46,52,4,0.001,0,0,0
88,54,Run,46,52,1,0,0,0,0.159
88,54,Pass,46,54,5,0.003,0,0,0
88,54,Run,46,54,1,0,0,0,0.159
88,54,Pass,46,56,3,0.005,0,0,0
88,54,Run,46,56,2,0,0,0,0.154
88,54,Pass,46,58,3,0.006,0,0,0
88,54,Run,46,58,2,0,0,0,0.137
88,54,Pass,46,60,3,0.005,0,0,0
88,54,Run,46,60,2,0,0,0,0.086
88,54,Pass,46,62,3,0.003,0,0,0
88,54,Run,46,62,2,0,0,0,0.029
88,54,Pass,46,64,3,0.001,0,0,0
88,54,Run,46,64,2,0,0,0,0.006
88,54,Pass,46,66,3,0,0,0,0
88,54,Run,46,66,2,0,0,0,0.001
88,54,Pass,46,68,3,0,0,0,0
88,54,Run,46,68,1,0,0,0,0
88,54,Pass,46,70,3,0,0,0,0
88,54,Run,46,70,1,0,0,0,0
88,54,Run,46,72,1,0,0,0,0
88,54,Pass,46,72,1,0,0,0,0
88,54,Run,46,74,1,0,0,0,0
88,54,Pass,44,16,1,0,0,0,0
88,54,Pass,44,18,2,0,0,0,0.173
88,54,Pass,44,20,2,0,0,0,0.156
88,54,Pass,44,22,2,0,0,0,0.132
88,54,Pass,44,24,2,0,0,0,0.102
88,54,Pass,44,26,2,0,0,0,0.072
88,54,Pass,44,28,3,0,0,0,0.046
88,54,Pass,44,30,2,0,0,0,0
88,54,Pass,44,32,2,0,0,0,0
88,54,Pass,44,34,3,0,0,0,0
88,54,Pass,44,36,3,0,0,0,0
88,54,Pass,44,38,2,0,0,0,0
88,54,Pass,44,40,1,0,0,0,0
88,54,Pass,44,42,1,0,0,0,0
88,54,Pass,44,44,2,0,0,0,0
88,54,Pass,44,46,1,0,0,0,0
88,54,Pass,44,48,2,0,0,0,0
88,54,Run,44,48,1,0,0,0,0.159
88,54,Pass,44,50,2,0,0,0,0
88,54,Run,44,50,1,0,0,0,0.159
88,54,Pass,44,52,1,0,0,0,0
88,54,Run,44,52,1,0,0,0,0.159
88,54,Pass,44,54,1,0.001,0,0,0
88,54,Run,44,54,1,0,0,0,0.159
88,54,Pass,44,56,2,0.002,0,0,0
88,54,Run,44,56,1,0,0,0,0.159
88,54,Pass,44,58,3,0.002,0,0,0
88,54,Run,44,58,1,0,0,0,0.159
88,54,Pass,44,60,3,0.002,0,0,0
88,54,Run,44,60,2,0,0,0,0.096
88,54,Pass,44,62,3,0.001,0,0,0
88,54,Run,44,62,2,0,0,0,0.035
88,54,Pass,44,64,3,0,0,0,0
88,54,Run,44,64,2,0,0,0,0.008
88,54,Pass,44,66,3,0,0,0,0
88,54,Run,44,66,1,0,0,0,0
88,54,Pass,44,68,2,0,0,0,0
88,54,Run,44,68,1,0,0,0,0
88,54,Run,44,70,1,0,0,0,0
88,54,Pass,44,70,1,0,0,0,0
88,54,Pass,42,14,1,0,0,0,0
88,54,Pass,42,16,1,0,0,0,0
88,54,Pass,42,18,1,0,0,0,0
88,54,Pass,42,20,1,0,0,0,0
88,54,Pass,42,22,1,0,0,0,0
88,54,Pass,42,24,1,0,0,0,0
88,54,Pass,42,26,1,0,0,0,0
88,54,Pass,42,28,1,0,0,0,0
88,54,Pass,42,30,2,0,0,0,0
88,54,Pass,42,32,2,0,0,0,0
88,54,Pass,42,34,2,0,0,0,0
88,54,Pass,42,36,2,0,0,0,0
88,54,Pass,42,38,2,0,0,0,0
88,54,Pass,42,40,1,0,0,0,0
88,54,Pass,42,48,1,0,0,0,0
88,54,Pass,42,50,1,0,0,0,0
88,54,Pass,42,52,1,0,0,0,0
88,54,Run,42,52,1,0,0,0,0.159
88,54,Pass,42,54,1,0,0,0,0
88,54,Run,42,54,1,0,0,0,0.159
88,54,Pass,42,56,1,0.001,0,0,0
88,54,Run,42,56,1,0,0,0,0.159
88,54,Pass,42,58,1,0.001,0,0,0
88,54,Run,42,58,1,0,0,0,0.159
88,54,Pass,42,60,1,0.001,0,0,0
88,54,Run,42,60,1,0,0,0,0.159
88,54,Pass,42,62,2,0,0,0,0
88,54,Pass,42,64,2,0,0,0,0
88,54,Pass,42,66,1,0,0,0,0
88,54,Pass,42,68,1,0,0,0,0
88,54,Pass,40,14,1,0,0,0,0
88,54,Pass,40,16,1,0,0,0,0
88,54,Pass,40,18,1,0,0,0,0
88,54,Pass,40,20,1,0,0,0,0
88,54,Pass,40,22,1,0,0,0,0
88,54,Pass,40,24,1,0,0,0,0
88,54,Pass,40,26,1,0.001,0,0,0
88,54,Pass,40,28,1,0,0,0,0
88,54,Pass,40,30,1,0,0,0,0
88,54,Pass,40,32,1,0,0,0,0
88,54,Pass,40,34,1,0,0,0,0
88,54,Pass,40,36,1,0,0,0,0
88,54,Pass,40,38,1,0,0,0,0
88,54,Pass,40,50,1,0,0,0,0
88,54,Pass,40,52,1,0,0,0,0
88,54,Pass,40,54,1,0,0,0,0
88,54,Pass,40,56,1,0,0,0,0
88,54,Pass,40,58,1,0,0,0,0
88,54,Pass,40,60,1,0,0,0,0
88,54,Pass,40,62,1,0,0,0,0
88,54,Pass,40,64,1,0,0,0,0
88,54,Pass,40,66,1,0,0,0,0
88,54,Pass,38,14,1,0,0,0,0
88,54,Pass,38,16,1,0,0,0,0
88,54,Pass,38,18,1,0,0,0,0
88,54,Pass,38,20,1,0,0,0,0
88,54,Pass,38,22,1,0,0,0,0
88,54,Pass,38,24,1,0.001,0,0,0
88,54,Pass,38,26,1,0.001,0,0,0
88,54,Pass,38,28,1,0.001,0,0,0
88,54,Pass,38,30,1,0,0,0,0
88,54,Pass,38,32,1,0,0,0,0
88,54,Pass,38,34,1,0,0,0,0
88,54,Pass,38,36,1,0,0,0,0
88,54,Pass,38,38,1,0,0,0,0
88,54,Pass,38,54,1,0,0,0,0
88,54,Pass,38,56,1,0,0,0,0
88,54,Pass,38,58,1,0,0,0,0
88,54,Pass,38,60,1,0,0,0,0
88,54,Pass,38,62,1,0,0,0,0
88,54,Pass,36,14,1,0,0,0,0
88,54,Pass,36,16,1,0,0,0,0
88,54,Pass,36,18,1,0,0,0,0
88,54,Pass,36,20,1,0,0,0,0
88,54,Pass,36,22,1,0,0,0,0
88,54,Pass,36,24,1,0.001,0,0,0
88,54,Pass,36,26,1,0.001,0,0,0
88,54,Pass,36,28,1,0.001,0,0,0
88,54,Pass,36,30,1,0,0,0,0
88,54,Pass,36,32,1,0,0,0,0
88,54,Pass,36,34,1,0,0,0,0
88,54,Pass,36,36,1,0,0,0,0
88,54,Pass,36,38,1,0,0,0,0
88,54,Pass,34,14,1,0,0,0,0
88,54,Pass,34,16,1,0,0,0,0
88,54,Pass,34,18,1,0,0,0,0
88,54,Pass,34,20,1,0,0,0,0
88,54,Pass,34,22,1,0,0,0,0
88,54,Pass,34,24,1,0,0,0,0
88,54,Pass,34,26,1,0.001,0,0,0
88,54,Pass,34,28,1,0,0,0,0
88,54,Pass,34,30,1,0,0,0,0
88,54,Pass,34,32,1,0,0,0,0
88,54,Pass,34,34,1,0,0,0,0
88,54,Pass,34,36,1,0,0,0,0
88,54,Pass,34,38,1,0,0,0,0
88,54,Pass,32,14,1,0,0,0,0
88,54,Pass,32,16,1,0,0,0,0
88,54,Pass,32,18,1,0,0,0,0
88,54,Pass,32,20,1,0,0,0,0
88,54,Pass,32,22,1,0,0,0,0
88,54,Pass,32,24,1,0,0,0,0
88,54,Pass,32,26,1,0,0,0,0
88,54,Pass,32,28,1,0,0,0,0
88,54,Pass,32,30,1,0,0,0,0
88,54,Pass,32,32,1,0,0,0,0
88,54,Pass,32,34,1,0,0,0,0
88,54,Pass,32,36,1,0,0,0,0
88,54,Pass,32,38,1,0,0,0,0
88,54,Pass,30,16,1,0,0,0,0
88,54,Pass,30,18,1,0,0,0,0
88,54,Pass,30,20,1,0,0,0,0
88,54,Pass,30,22,1,0,0,0,0
88,54,Pass,30,24,1,0,0,0,0
88,54,Pass,30,26,1,0,0,0,0
88,54,Pass,30,28,1,0,0,0,0
88,54,Pass,30,30,1,0,0,0,0
88,54,Pass,30,32,1,0,0,0,0
88,54,Pass,30,34,1,0,0,0,0
88,54,Pass,30,36,1,0,0,0,0
88,54,Pass,28,18,1,0,0,0,0
88,54,Pass,28,20,1,0,0,0,0
88,54,Pass,28,22,1,0,0,0,0
88,54,Pass,28,24,1,0,0,0,0
88,54,Pass,28,26,1,0,0,0,0
88,54,Pass,28,28,1,0,0,0,0
88,54,Pass,28,30,1,0,0,0,0
88,54,Pass,28,32,1,0,0,0,0
88,54,Pass,28,34,1,0,0,0,0
88,54,Pass,26,20,1,0,0,0,0
88,54,Pass,26,22,1,0,0,0,0
88,54,Pass,26,24,1,0,0,0,0
88,54,Pass,26,26,1,0,0,0,0
88,54,Pass,26,28,1,0,0,0,0
88,54,Pass,26,30,1,0,0,0,0
88,54,Pass,26,32,1,0,0,0,0
88,54,Pass,24,26,1,0,0,0,0
88,54,Pass,24,28,1,0,0,0,0
88,54,Run,12,0,2,0,0,0,0
88,54,Run,12,2,2,0,0,0,0
88,54,Run,12,4,2,0,0,0,0
88,54,Run,10,0,2,0,0,0,0
88,54,Run,10,2,2,0,0,0,0
88,54,Run,10,4,2,0,0,0,0
88,54,Run,10,6,2,0,0,0,0
88,54,Run,10,8,2,0,0,0,0
88,54,Run,8,0,2,0.002,0,0,0
88,54,Run,8,2,2,0.001,0,0,0
88,54,Run,8,4,2,0.001,0,0,0
88,54,Run,8,6,2,0,0,0,0
88,54,Run,8,8,2,0,0,0,0
88,54,Run,8,10,2,0,0,0,0
88,54,Run,6,0,2,0.006,0,0,0
88,54,Run,6,2,2,0.005,0,0,0
88,54,Run,6,4,2,0.003,0,0,0
88,54,Run,6,6,2,0.001,0,0,0
88,54,Run,6,8,2,0,0,0,0
88,54,Run,6,10,2,0,0,0,0
88,54,Run,4,0,2,0.014,0,0,0
88,54,Run,4,2,2,0.012,0,0,0
88,54,Run,4,4,2,0.007,0,0,0
88,54,Run,4,6,2,0.003,0,0,0
88,54,Run,4,8,2,0.001,0,0,0
88,54,Run,4,10,2,0,0,0,0
88,54,Run,4,12,2,0,0,0,0
88,54,Run,2,0,2,0.024,0,0,0
88,54,Run,2,2,2,0.02,0,0,0
88,54,Run,2,4,2,0.012,0,0,0
88,54,Run,2,6,2,0.005,0,0,0
88,54,Run,2,8,2,0.001,0,0,0
88,54,Run,2,10,2,0,0,0,0
88,54,Run,2,12,2,0,0,0,0
88,54,Run,0,0,2,0.029,0,0,0
88,54,Run,0,2,2,0.024,0,0,0
88,54,Run,0,4,2,0.014,0,0,0
88,54,Run,0,6,2,0.006,0,0,0
88,54,Run,0,8,2,0.002,0,0,0
88,54,Run,0,10,2,0,0,0,0
88,54,Run,0,12,2,0,0,0,0
88,54,Shot,NaN,NaN,37,1.604,0,0,0
