x,y,event,endX,endY,Count,WeightedCount,Goals,WeightedProbabiliticGoals,GoalProbability
60,40,Pass,120,0,1,0,0,0,0
60,40,Pass,120,2,1,0,0,0,0
60,40,Pass,120,4,1,0,0,0,0
60,40,Pass,120,6,1,0,0,0,0
60,40,Pass,120,8,1,0,0,0,0
60,40,Pass,120,10,2,0,0,0,0
60,40,Pass,120,12,2,0,0,0,0
60,40,Pass,120,14,3,0,0,0,0
60,40,Pass,120,16,4,0,0,0,0
60,40,Pass,120,18,4,0,0,0,0
60,40,Pass,120,20,3,0,0,0,0
60,40,Pass,120,22,3,0,0,0,0
60,40,Pass,120,24,4,0,0,0,0
60,40,Pass,120,26,4,0,0,0,0
60,40,Pass,120,28,3,0,0,0,0
60,40,Pass,120,30,2,0,0,0,0
60,40,Pass,120,32,2,0.001,0,0,0
60,40,Pass,120,34,2,0.001,0,0,0
60,40,Pass,120,36,3,0.001,0,0,0
60,40,Pass,120,38,2,0,0,0,0
60,40,Pass,120,40,2,0,0,0,0
60,40,Pass,120,42,2,0,0,0,0
60,40,Pass,120,44,3,0,0,0,0
60,40,Pass,120,46,2,0,0,0,0
60,40,Pass,120,48,2,0,0,0,0
60,40,Pass,120,50,2,0,0,0,0
60,40,Pass,120,52,1,0,0,0,0
60,40,Pass,120,54,1,0,0,0,0
60,40,Pass,120,56,1,0,0,0,0
60,40,Pass,120,58,2,0,0,0,0
60,40,Pass,120,60,2,0,0,0,0
60,40,Pass,120,62,3,0,0,0,0
60,40,Pass,120,64,4,0,0,0,0
60,40,Pass,120,66,4,0.001,0,0,0
60,40,Pass,120,68,5,0.002,0,0,0
60,40,Pass,120,70,5,0.003,0,0,0
60,40,Pass,120,72,5,0.003,0,0,0
60,40,Pass,120,74,5,0.002,0,0,0
60,40,Pass,120,76,5,0.001,0,0,0
60,40,Pass,120,78,5,0,0,0,0
60,40,Pass,120,80,4,0,0,0,0
60,40,Pass,118,0,1,0,0,0,0
60,40,Pass,118,2,1,0,0,0,0
60,40,Pass,118,4,1,0,0,0,0
60,40,Pass,118,6,1,0,0,0,0
60,40,Pass,118,8,1,0,0,0,0
60,40,Pass,118,10,2,0,0,0,0
60,40,Pass,118,12,3,0,0,0,0
60,40,Pass,118,14,4,0,0,0,0
60,40,Pass,118,16,4,0,0,0,0
60,40,Pass,118,18,4,0,0,0,0
60,40,Pass,118,20,3,0,0,0,0
60,40,Pass,118,22,4,0,0,0,0
60,40,Pass,118,24,4,0,0,0,0
60,40,Pass,118,26,4,0,0,0,0
60,40,Pass,118,28,5,0,0,0,0
60,40,Pass,118,30,4,0.001,0,0,0
60,40,Pass,118,32,2,0.002,0,0,0
60,40,Pass,118,34,3,0.002,0,0,0
60,40,Pass,118,36,2,0.002,0,0,0
60,40,Pass,118,38,2,0.001,0,0,0
60,40,Pass,118,40,3,0,0,0,0
60,40,Pass,118,42,3,0,0,0,0
60,40,Pass,118,44,3,0,0,0,0
60,40,Pass,118,46,5,0,0,0,0
60,40,Pass,118,48,4,0,0,0,0
60,40,Pass,118,50,4,0,0,0,0
60,40,Pass,118,52,3,0,0,0,0
60,40,Pass,118,54,3,0,0,0,0
60,40,Pass,118,56,2,0,0,0,0
60,40,Pass,118,58,2,0,0,0,0
60,40,Pass,118,60,4,0,0,0,0
60,40,Pass,118,62,4,0,0,0,0
60,40,Pass,118,64,5,0,0,0,0
60,40,Pass,118,66,6,0.001,0,0,0
60,40,Pass,118,68,6,0.002,0,0,0
60,40,Pass,118,70,6,0.004,0,0,0
60,40,Pass,118,72,5,0.004,0,0,0
60,40,Pass,118,74,5,0.003,0,0,0
60,40,Pass,118,76,5,0.002,0,0,0
60,40,Pass,118,78,5,0.001,0,0,0
60,40,Pass,118,80,5,0,0,0,0
60,40,Pass,116,0,2,0,0,0,0
60,40,Pass,116,2,2,0,0,0,0
60,40,Pass,116,4,2,0,0,0,0
60,40,Pass,116,6,2,0,0,0,0
60,40,Pass,116,8,2,0,0,0,0
60,40,Pass,116,10,3,0,0,0,0
60,40,Pass,116,12,4,0,0,0,0
60,40,Pass,116,14,4,0,0,0,0
60,40,Pass,116,16,5,0,0,0,0
60,40,Pass,116,18,5,0,0,0,0
60,40,Pass,116,20,4,0.001,0,0,0
60,40,Pass,116,22,6,0.001,0,0,0
60,40,Pass,116,24,6,0,0,0,0
60,40,Pass,116,26,5,0.001,0,0,0
60,40,Pass,116,28,5,0.001,0,0,0
60,40,Pass,116,30,6,0.002,0,0,0
60,40,Pass,116,32,6,0.003,0,0,0
60,40,Pass,116,34,5,0.004,0,0,0
60,40,Pass,116,36,5,0.003,0,0,0
60,40,Pass,116,38,4,0.002,0,0,0
60,40,Pass,116,40,3,0.001,0,0,0
60,40,Pass,116,42,5,0.001,0,0,0
60,40,Pass,116,44,5,0,0,0,0
60,40,Pass,116,46,5,0,0,0,0
60,40,Pass,116,48,4,0,0,0,0
60,40,Pass,116,50,4,0,0,0,0
60,40,Pass,116,52,4,0,0,0,0
60,40,Pass,116,54,4,0,0,0,0
60,40,Pass,116,56,5,0,0,0,0
60,40,Pass,116,58,4,0,0,0,0
60,40,Pass,116,60,7,0,0,0,0
60,40,Pass,116,62,7,0,0,0,0
60,40,Pass,116,64,6,0.001,0,0,0
60,40,Pass,116,66,6,0.002,0,0,0
60,40,Pass,116,68,6,0.004,0,0,0
60,40,Pass,116,70,6,0.006,0,0,0
60,40,Pass,116,72,6,0.007,0,0,0
60,40,Pass,116,74,7,0.006,0,0,0
60,40,Pass,116,76,6,0.003,0,0,0
60,40,Pass,116,78,5,0.001,0,0,0
60,40,Pass,116,80,5,0.001,0,0,0
60,40,Pass,114,0,3,0,0,0,0
60,40,Pass,114,2,3,0,0,0,0
60,40,Pass,114,4,3,0,0,0,0
60,40,Pass,114,6,3,0,0,0,0
60,40,Pass,114,8,3,0,0,0,0
60,40,Pass,114,10,3,0,0,0,0
60,40,Pass,114,12,7,0,0,0,0
60,40,Pass,114,14,7,0,0,0,0
60,40,Pass,114,16,6,0.001,0,0,0
60,40,Pass,114,18,5,0.001,0,0,0
60,40,Pass,114,20,5,0.002,0,0,0
60,40,Pass,114,22,6,0.002,0,0,0
60,40,Pass,114,24,6,0.001,0,0,0
60,40,Pass,114,26,7,0.001,0,0,0
60,40,Pass,114,28,7,0.002,0,0,0
60,40,Pass,114,30,8,0.003,0,0,0
60,40,Pass,114,32,8,0.004,0,0,0
60,40,Pass,114,34,7,0.005,0,0,0
60,40,Pass,114,36,6,0.004,0,0,0
60,40,Pass,114,38,7,0.003,0,0,0
60,40,Pass,114,40,7,0.002,0,0,0
60,40,Pass,114,42,8,0.002,0,0,0
60,40,Pass,114,44,6,0.001,0,0,0
60,40,Pass,114,46,6,0.001,0,0,0
60,40,Pass,114,48,5,0.001,0,0,0
60,40,Pass,114,50,4,0,0,0,0
60,40,Pass,114,52,5,0.001,0,0,0
60,40,Pass,114,54,5,0,0,0,0
60,40,Pass,114,56,5,0,0,0,0
60,40,Pass,114,58,6,0,0,0,0
60,40,Pass,114,60,8,0,0,0,0
60,40,Pass,114,62,7,0,0,0,0
60,40,Pass,114,64,7,0.001,0,0,0
60,40,Pass,114,66,8,0.003,0,0,0
60,40,Pass,114,68,8,0.006,0,0,0
60,40,Pass,114,70,8,0.01,0,0,0
60,40,Pass,114,72,8,0.011,0,0,0
60,40,Pass,114,74,7,0.009,0,0,0
60,40,Pass,114,76,7,0.005,0,0,0
60,40,Pass,114,78,6,0.003,0,0,0
60,40,Pass,114,80,6,0.001,0,0,0
60,40,Pass,112,0,3,0,0,0,0
60,40,Pass,112,2,3,0,0,0,0
60,40,Pass,112,4,3,0,0,0,0
60,40,Pass,112,6,4,0,0,0,0
60,40,Pass,112,8,5,0,0,0,0
60,40,Pass,112,10,7,0,0,0,0
60,40,Pass,112,12,7,0,0,0,0
60,40,Pass,112,14,7,0,0,0,0
60,40,Pass,112,16,6,0.001,0,0,0
60,40,Pass,112,18,6,0.003,0,0,0
60,40,Pass,112,20,6,0.004,0,0,0
60,40,Pass,112,22,6,0.004,0,0,0
60,40,Pass,112,24,7,0.003,0,0,0
60,40,Pass,112,26,7,0.002,0,0,0
60,40,Pass,112,28,8,0.002,0,0,0.001
60,40,Pass,112,30,9,0.003,0,0,0.001
60,40,Pass,112,32,8,0.004,0,0,0.002
60,40,Pass,112,34,7,0.005,0,0,0.002
60,40,Pass,112,36,7,0.004,0,0,0.001
60,40,Pass,112,38,8,0.004,0,0,0.001
60,40,Pass,112,40,8,0.004,0,0,0
60,40,Pass,112,42,8,0.004,0,0,0
60,40,Pass,112,44,8,0.003,0,0,0
60,40,Pass,112,46,6,0.002,0,0,0
60,40,Pass,112,48,5,0.001,0,0,0
60,40,Pass,112,50,6,0.001,0,0,0
60,40,Pass,112,52,6,0.001,0,0,0
60,40,Pass,112,54,5,0.001,0,0,0
60,40,Pass,112,56,5,0.001,0,0,0
60,40,Pass,112,58,6,0.001,0,0,0
60,40,Pass,112,60,7,0,0,0,0
60,40,Pass,112,62,8,0.001,0,0,0
60,40,Pass,112,64,9,0.001,0,0,0
60,40,Pass,112,66,8,0.004,0,0,0
60,40,Pass,112,68,9,0.008,0,0,0
60,40,Pass,112,70,10,0.012,0,0,0
60,40,Pass,112,72,9,0.013,0,0,0
60,40,Pass,112,74,8,0.011,0,0,0
60,40,Pass,112,76,8,0.007,0,0,0
60,40,Pass,112,78,7,0.003,0,0,0
60,40,Pass,112,80,6,0.001,0,0,0
60,40,Pass,110,0,4,0,0,0,0.002
60,40,Pass,110,2,4,0,0,0,0.001
60,40,Pass,110,4,5,0,0,0,0.001
60,40,Pass,110,6,5,0,0,0,0.001
60,40,Pass,110,8,5,0,0,0,0
60,40,Pass,110,10,7,0,0,0,0
60,40,Pass,110,12,7,0,0,0,0
60,40,Pass,110,14,7,0.001,0,0,0
60,40,Pass,110,16,6,0.002,0,0,0
60,40,Pass,110,18,6,0.004,0,0,0
60,40,Pass,110,20,6,0.006,0,0,0
60,40,Pass,110,22,8,0.007,0,0,0
60,40,Pass,110,24,7,0.005,0,0,0
60,40,Pass,110,26,8,0.004,0,0,0
60,40,Pass,110,28,8,0.003,0,0,0.002
60,40,Pass,110,30,10,0.003,0,0,0.004
60,40,Pass,110,32,10,0.004,0,0,0.006
60,40,Pass,110,34,7,0.004,0,0,0.007
60,40,Pass,110,36,7,0.004,0,0,0.006
60,40,Pass,110,38,8,0.004,0,0,0.003
60,40,Pass,110,40,9,0.005,0,0,0.001
60,40,Pass,110,42,8,0.005,0,0,0
60,40,Pass,110,44,8,0.005,0,0,0
60,40,Pass,110,46,7,0.003,0,0,0
60,40,Pass,110,48,6,0.002,0,0,0
60,40,Pass,110,50,6,0.002,0,0,0
60,40,Pass,110,52,6,0.003,0,0,0
60,40,Pass,110,54,5,0.003,0,0,0
60,40,Pass,110,56,5,0.002,0,0,0
60,40,Pass,110,58,6,0.002,0,0,0
60,40,Pass,110,60,9,0.001,0,0,0
60,40,Pass,110,62,8,0.001,0,0,0
60,40,Pass,110,64,9,0.002,0,0,0
60,40,Pass,110,66,10,0.004,0,0,0
60,40,Pass,110,68,10,0.008,0,0,0
60,40,Pass,110,70,11,0.012,0,0,0
60,40,Pass,110,72,10,0.013,0,0,0
60,40,Pass,110,74,10,0.011,0,0,0
60,40,Pass,110,76,10,0.007,0,0,0
60,40,Pass,110,78,10,0.004,0,0,0
60,40,Pass,110,80,6,0.002,0,0,0
60,40,Pass,108,0,3,0,0,0,0.008
60,40,Pass,108,2,6,0.001,0,0,0.005
60,40,Pass,108,4,6,0.001,0,0,0.003
60,40,Pass,108,6,6,0.001,0,0,0.002
60,40,Pass,108,8,7,0.001,0,0,0.001
60,40,Pass,108,10,8,0,0,0,0
60,40,Pass,108,12,7,0,0,0,0
60,40,Pass,108,14,6,0.001,0,0,0
60,40,Pass,108,16,6,0.003,0,0,0
60,40,Pass,108,18,6,0.005,0,0,0
60,40,Pass,108,20,6,0.007,0,0,0
60,40,Pass,108,22,8,0.008,0,0,0
60,40,Pass,108,24,10,0.007,0,0,0
60,40,Pass,108,26,9,0.005,0,0,0.001
60,40,Pass,108,28,10,0.005,0,0,0.003
60,40,Pass,108,30,10,0.004,0,0,0.008
60,40,Pass,108,32,11,0.004,0,0,0.015
60,40,Pass,108,34,9,0.003,0,0,0.02
60,40,Pass,108,36,9,0.003,0,0,0.017
60,40,Pass,108,38,8,0.004,0,0,0.008
60,40,Pass,108,40,9,0.005,0,0,0.002
60,40,Pass,108,42,8,0.006,0,0,0.001
60,40,Pass,108,44,8,0.005,0,0,0
60,40,Pass,108,46,7,0.004,0,0,0
60,40,Pass,108,48,7,0.003,0,0,0
60,40,Pass,108,50,6,0.003,0,0,0
60,40,Pass,108,52,6,0.004,0,0,0
60,40,Pass,108,54,6,0.004,0,0,0
60,40,Pass,108,56,5,0.003,0,0,0
60,40,Pass,108,58,6,0.003,0,0,0
60,40,Pass,108,60,9,0.003,0,0,0
60,40,Pass,108,62,10,0.002,0,0,0
60,40,Pass,108,64,10,0.003,0,0,0
60,40,Pass,108,66,13,0.004,0,0,0
60,40,Pass,108,68,12,0.007,0,0,0
60,40,Pass,108,70,12,0.01,0,0,0
60,40,Pass,108,72,12,0.011,0,0,0
60,40,Pass,108,74,10,0.01,0,0,0
60,40,Pass,108,76,10,0.008,0,0,0
60,40,Pass,108,78,9,0.005,0,0,0
60,40,Pass,108,80,8,0.002,0,0,0
60,40,Pass,106,0,6,0,0,0,0.024
60,40,Pass,106,2,9,0.001,0,0,0.015
60,40,Pass,106,4,9,0.001,0,0,0.009
60,40,Pass,106,6,8,0.001,0,0,0.005
60,40,Pass,106,8,9,0.001,0,0,0.003
60,40,Pass,106,10,9,0.001,0,0,0.001
60,40,Pass,106,12,7,0.001,0,0,0
60,40,Pass,106,14,6,0.001,0,0,0
60,40,Pass,106,16,7,0.002,0,0,0
60,40,Pass,106,18,6,0.004,0,0,0
60,40,Pass,106,20,6,0.006,0,0,0
60,40,Pass,106,22,8,0.007,0,0,0
60,40,Pass,106,24,11,0.006,0,0,0
60,40,Pass,106,26,10,0.006,0,0,0.001
60,40,Pass,106,28,10,0.006,0,0,0.005
60,40,Pass,106,30,12,0.006,0,0,0.011
60,40,Pass,106,32,11,0.005,0,0,0.021
60,40,Pass,106,34,9,0.004,0,0,0.032
60,40,Pass,106,36,9,0.003,0,0,0.032
60,40,Pass,106,38,10,0.003,0,0,0.016
60,40,Pass,106,40,10,0.004,0,0,0.005
60,40,Pass,106,42,9,0.005,0,0,0.001
60,40,Pass,106,44,9,0.005,0,0,0
60,40,Pass,106,46,8,0.003,0,0,0
60,40,Pass,106,48,8,0.003,0,0,0
60,40,Pass,106,50,7,0.003,0,0,0
60,40,Pass,106,52,7,0.004,0,0,0
60,40,Pass,106,54,8,0.004,0,0,0
60,40,Pass,106,56,6,0.004,0,0,0
60,40,Pass,106,58,7,0.004,0,0,0
60,40,Pass,106,60,9,0.004,0,0,0
60,40,Pass,106,62,10,0.004,0,0,0
60,40,Pass,106,64,11,0.004,0,0,0
60,40,Pass,106,66,12,0.005,0,0,0
60,40,Pass,106,68,11,0.006,0,0,0
60,40,Pass,106,70,11,0.008,0,0,0
60,40,Pass,106,72,11,0.01,0,0,0
60,40,Pass,106,74,10,0.011,0,0,0
60,40,Pass,106,76,10,0.01,0,0,0
60,40,Pass,106,78,8,0.007,0,0,0
60,40,Pass,106,80,8,0.004,0,0,0
60,40,Pass,104,0,9,0.001,0,0,0.057
60,40,Pass,104,2,11,0.001,0,0,0.038
60,40,Pass,104,4,11,0.002,0,0,0.025
60,40,Pass,104,6,12,0.002,0,0,0.015
60,40,Pass,104,8,13,0.001,0,0,0.008
60,40,Pass,104,10,13,0.001,0,0,0.003
60,40,Pass,104,12,11,0.001,0,0,0.001
60,40,Pass,104,14,7,0.001,0,0,0
60,40,Pass,104,16,7,0.002,0,0,0
60,40,Pass,104,18,7,0.003,0,0,0
60,40,Pass,104,20,7,0.004,0,0,0
60,40,Pass,104,22,9,0.004,0,0,0
60,40,Pass,104,24,10,0.004,0,0,0
60,40,Pass,104,26,11,0.005,0,0,0.002
60,40,Pass,104,28,10,0.006,0,0,0.006
60,40,Pass,104,30,12,0.006,0,0,0.012
60,40,Pass,104,32,12,0.005,0,0,0.023
60,40,Pass,104,34,10,0.004,0,0,0.037
60,40,Pass,104,36,9,0.003,0,0,0.042
60,40,Pass,104,38,10,0.002,0,0,0.026
60,40,Pass,104,40,10,0.003,0,0,0.009
60,40,Pass,104,42,11,0.003,0,0,0.002
60,40,Pass,104,44,8,0.003,0,0,0
60,40,Pass,104,46,8,0.002,0,0,0
60,40,Pass,104,48,8,0.002,0,0,0
60,40,Pass,104,50,7,0.002,0,0,0
60,40,Pass,104,52,7,0.002,0,0,0
60,40,Pass,104,54,8,0.003,0,0,0
60,40,Pass,104,56,7,0.003,0,0,0
60,40,Pass,104,58,9,0.004,0,0,0
60,40,Pass,104,60,10,0.004,0,0,0
60,40,Pass,104,62,10,0.004,0,0,0
60,40,Pass,104,64,13,0.004,0,0,0
60,40,Pass,104,66,11,0.004,0,0,0
60,40,Pass,104,68,12,0.005,0,0,0
60,40,Pass,104,70,12,0.007,0,0,0
60,40,Pass,104,72,13,0.009,0,0,0
60,40,Pass,104,74,11,0.012,0,0,0
60,40,Pass,104,76,10,0.013,0,0,0
60,40,Pass,104,78,9,0.01,0,0,0
60,40,Pass,104,80,9,0.005,0,0,0
60,40,Pass,102,0,13,0.001,0,0,0.085
60,40,Pass,102,2,14,0.002,0,0,0.064
60,40,Pass,102,4,15,0.002,0,0,0.046
60,40,Pass,102,6,15,0.002,0,0,0.03
60,40,Pass,102,8,15,0.001,0,0,0.017
60,40,Pass,102,10,15,0.001,0,0,0.007
60,40,Pass,102,12,15,0.001,0,0,0.001
60,40,Pass,102,14,14,0.001,1,0,0.001
60,40,Pass,102,16,11,0.001,1,0,0.001
60,40,Pass,102,18,8,0.002,1,0,0.001
60,40,Pass,102,20,11,0.002,1,0,0.001
60,40,Pass,102,22,12,0.002,1,0,0.001
60,40,Pass,102,24,12,0.003,1,0,0.001
60,40,Pass,102,26,11,0.003,0,0,0.002
60,40,Pass,102,28,11,0.005,0,0,0.006
60,40,Pass,102,30,11,0.005,0,0,0.012
60,40,Pass,102,32,12,0.005,0,0,0.021
60,40,Pass,102,34,11,0.004,0,0,0.033
60,40,Pass,102,36,12,0.002,0,0,0.041
60,40,Pass,102,38,12,0.002,0,0,0.032
60,40,Pass,102,40,13,0.002,0,0,0.013
60,40,Pass,102,42,13,0.002,0,0,0.003
60,40,Pass,102,44,8,0.002,0,0,0.001
60,40,Pass,102,46,8,0.001,0,0,0
60,40,Pass,102,48,8,0.001,0,0,0
60,40,Pass,102,50,8,0.001,0,0,0
60,40,Pass,102,52,8,0.001,0,0,0
60,40,Pass,102,54,9,0.002,0,0,0
60,40,Pass,102,56,13,0.002,0,0,0
60,40,Pass,102,58,12,0.003,0,0,0
60,40,Pass,102,60,11,0.003,0,0,0
60,40,Pass,102,62,12,0.003,0,0,0
60,40,Pass,102,64,13,0.003,0,0,0
60,40,Pass,102,66,12,0.003,0,0,0
60,40,Pass,102,68,12,0.004,0,0,0
60,40,Pass,102,70,14,0.006,0,0,0
60,40,Pass,102,72,14,0.009,0,0,0
60,40,Pass,102,74,13,0.013,0,0,0
60,40,Pass,102,76,12,0.014,0,0,0
60,40,Pass,102,78,11,0.01,0,0,0
60,40,Pass,102,80,8,0.006,0,0,0
60,40,Pass,100,0,14,0.003,0,0,0.074
60,40,Pass,100,2,17,0.004,0,0,0.059
60,40,Pass,100,4,16,0.004,0,0,0.045
60,40,Pass,100,6,16,0.003,0,0,0.033
60,40,Pass,100,8,17,0.002,0,0,0.021
60,40,Pass,100,10,19,0.001,1,0,0.01
60,40,Pass,100,12,18,0.001,1,0,0.004
60,40,Pass,100,14,18,0.001,1,0,0.005
60,40,Pass,100,16,14,0.001,1,0,0.011
60,40,Pass,100,18,11,0.001,1,0,0.015
60,40,Pass,100,20,12,0.001,1,0,0.014
60,40,Pass,100,22,13,0.001,1,0,0.009
60,40,Pass,100,24,14,0.001,1,0,0.004
60,40,Pass,100,26,14,0.002,1,0,0.002
60,40,Pass,100,28,11,0.004,0,0,0.004
60,40,Pass,100,30,12,0.005,0,0,0.007
60,40,Pass,100,32,12,0.005,0,0,0.012
60,40,Pass,100,34,10,0.004,0,0,0.019
60,40,Pass,100,36,10,0.002,0,0,0.026
60,40,Pass,100,38,12,0.001,0,0,0.026
60,40,Pass,100,40,12,0.001,0,0,0.014
60,40,Pass,100,42,13,0.001,0,0,0.004
60,40,Pass,100,44,12,0.001,0,0,0.001
60,40,Pass,100,46,12,0.001,0,0,0
60,40,Pass,100,48,10,0.001,0,0,0
60,40,Pass,100,50,9,0.001,0,0,0
60,40,Pass,100,52,10,0.001,0,0,0
60,40,Pass,100,54,10,0.001,0,0,0
60,40,Pass,100,56,12,0.001,0,0,0
60,40,Pass,100,58,15,0.002,0,0,0
60,40,Pass,100,60,14,0.002,0,0,0
60,40,Pass,100,62,11,0.002,0,0,0
60,40,Pass,100,64,11,0.002,0,0,0
60,40,Pass,100,66,13,0.002,0,0,0
60,40,Pass,100,68,15,0.003,0,0,0
60,40,Pass,100,70,15,0.005,0,0,0
60,40,Pass,100,72,15,0.008,0,0,0
60,40,Pass,100,74,13,0.011,0,0,0
60,40,Pass,100,76,12,0.012,0,0,0
60,40,Pass,100,78,11,0.009,0,0,0
60,40,Pass,100,80,9,0.005,0,0,0
60,40,Pass,98,0,18,0.005,0,0,0.049
60,40,Pass,98,2,21,0.007,0,0,0.04
60,40,Pass,98,4,22,0.008,0,0,0.031
60,40,Pass,98,6,20,0.006,0,0,0.023
60,40,Pass,98,8,21,0.004,0,0,0.016
60,40,Pass,98,10,22,0.002,1,0,0.01
60,40,Pass,98,12,20,0.001,1,0,0.011
60,40,Pass,98,14,22,0.001,1,0,0.028
60,40,Pass,98,16,20,0.001,1,0,0.06
60,40,Pass,98,18,15,0.001,1,0,0.087
60,40,Pass,98,20,13,0.001,1,0,0.091
60,40,Pass,98,22,15,0.001,1,0,0.063
60,40,Pass,98,24,17,0.001,1,0,0.02
60,40,Pass,98,26,16,0.002,1,0,0.004
60,40,Pass,98,28,15,0.004,1,0,0.002
60,40,Pass,98,30,14,0.006,0,0,0.003
60,40,Pass,98,32,13,0.006,0,0,0.004
60,40,Pass,98,34,12,0.005,0,0,0.006
60,40,Pass,98,36,11,0.002,0,0,0.009
60,40,Pass,98,38,13,0.001,0,0,0.012
60,40,Pass,98,40,13,0.001,0,0,0.009
60,40,Pass,98,42,12,0,0,0,0.003
60,40,Pass,98,44,13,0.001,0,0,0
60,40,Pass,98,46,12,0.001,0,0,0
60,40,Pass,98,48,14,0.001,0,0,0
60,40,Pass,98,50,12,0.001,0,0,0
60,40,Pass,98,52,12,0.001,0,0,0.001
60,40,Pass,98,54,14,0.001,0,0,0.001
60,40,Pass,98,56,16,0.001,0,0,0.001
60,40,Pass,98,58,19,0.001,0,0,0
60,40,Pass,98,60,18,0.001,0,0,0
60,40,Pass,98,62,17,0.001,0,0,0
60,40,Pass,98,64,17,0.002,0,0,0
60,40,Pass,98,66,19,0.002,0,0,0
60,40,Pass,98,68,16,0.003,0,0,0
60,40,Pass,98,70,16,0.004,0,0,0
60,40,Pass,98,72,14,0.006,0,0,0
60,40,Pass,98,74,13,0.008,0,0,0
60,40,Pass,98,76,14,0.008,0,0,0
60,40,Pass,98,78,13,0.006,0,0,0
60,40,Pass,98,80,8,0.003,0,0,0
60,40,Pass,96,0,23,0.008,0,0,0.03
60,40,Pass,96,2,25,0.012,0,0,0.025
60,40,Pass,96,4,25,0.013,0,0,0.02
60,40,Pass,96,6,27,0.01,0,0,0.015
60,40,Pass,96,8,28,0.006,1,0,0.01
60,40,Pass,96,10,27,0.003,1,0,0.008
60,40,Pass,96,12,26,0.002,1,0,0.021
60,40,Pass,96,14,26,0.001,1,0,0.072
60,40,Pass,96,16,21,0.001,1,0,0.127
60,40,Pass,96,18,20,0.002,1,0,0.152
60,40,Pass,96,20,17,0.002,1,0,0.153
60,40,Pass,96,22,18,0.001,1,0,0.126
60,40,Pass,96,24,18,0.001,1,0,0.056
60,40,Pass,96,26,18,0.002,1,0,0.011
60,40,Pass,96,28,17,0.004,1,0,0.002
60,40,Pass,96,30,17,0.006,1,0,0.001
60,40,Pass,96,32,16,0.007,0,0,0.001
60,40,Pass,96,34,14,0.005,0,0,0.002
60,40,Pass,96,36,11,0.003,0,0,0.002
60,40,Pass,96,38,13,0.001,0,0,0.003
60,40,Pass,96,40,11,0.001,0,0,0.003
60,40,Pass,96,42,13,0,0,0,0.001
60,40,Pass,96,44,13,0.001,0,0,0
60,40,Pass,96,46,13,0.001,0,0,0.001
60,40,Pass,96,48,11,0.002,0,0,0.001
60,40,Pass,96,50,16,0.002,0,0,0.002
60,40,Pass,96,52,15,0.002,0,0,0.004
60,40,Pass,96,54,18,0.001,0,0,0.005
60,40,Pass,96,56,16,0.001,0,0,0.005
60,40,Pass,96,58,19,0.001,0,0,0.002
60,40,Pass,96,60,17,0.002,0,0,0.001
60,40,Pass,96,62,21,0.002,0,0,0
60,40,Pass,96,64,19,0.002,0,0,0
60,40,Pass,96,66,19,0.002,0,0,0
60,40,Pass,96,68,19,0.002,0,0,0
60,40,Pass,96,70,19,0.003,1,0,0
60,40,Pass,96,72,16,0.004,1,0,0
60,40,Pass,96,74,14,0.005,1,0,0
60,40,Pass,96,76,14,0.005,1,0,0
60,40,Pass,96,78,13,0.003,1,0,0
60,40,Pass,96,80,13,0.002,1,0,0
60,40,Pass,94,0,25,0.01,0,0,0.02
60,40,Pass,94,2,28,0.015,0,0,0.018
60,40,Pass,94,4,30,0.016,0,0,0.015
60,40,Pass,94,6,30,0.013,0,0,0.012
60,40,Pass,94,8,32,0.009,1,0,0.009
60,40,Pass,94,10,33,0.005,1,0,0.009
60,40,Pass,94,12,35,0.003,1,0,0.03
60,40,Pass,94,14,32,0.002,1,0,0.096
60,40,Pass,94,16,25,0.003,1,0,0.146
60,40,Pass,94,18,22,0.004,1,0.001,0.161
60,40,Pass,94,20,24,0.004,1,0.001,0.159
60,40,Pass,94,22,22,0.003,1,0,0.139
60,40,Pass,94,24,19,0.002,1,0,0.087
60,40,Pass,94,26,18,0.002,1,0,0.027
60,40,Pass,94,28,19,0.004,1,0,0.005
60,40,Pass,94,30,17,0.005,1,0,0.001
60,40,Pass,94,32,15,0.005,0,0,0
60,40,Pass,94,34,17,0.004,0,0,0
60,40,Pass,94,36,15,0.003,0,0,0.001
60,40,Pass,94,38,14,0.001,0,0,0.001
60,40,Pass,94,40,11,0.001,0,0,0
60,40,Pass,94,42,11,0.001,0,0,0
60,40,Pass,94,44,13,0.001,0,0,0.001
60,40,Pass,94,46,12,0.001,0,0,0.002
60,40,Pass,94,48,15,0.002,0,0,0.005
60,40,Pass,94,50,16,0.002,0,0,0.008
60,40,Pass,94,52,18,0.002,0,0,0.013
60,40,Pass,94,54,17,0.002,0,0,0.017
60,40,Pass,94,56,17,0.002,0,0,0.013
60,40,Pass,94,58,18,0.003,0,0,0.005
60,40,Pass,94,60,20,0.003,0,0,0.001
60,40,Pass,94,62,23,0.004,0,0,0
60,40,Pass,94,64,22,0.003,0,0,0
60,40,Pass,94,66,22,0.003,0,0,0
60,40,Pass,94,68,22,0.003,1,0,0
60,40,Pass,94,70,21,0.003,1,0,0
60,40,Pass,94,72,20,0.003,1,0,0.001
60,40,Pass,94,74,18,0.004,1,0,0.001
60,40,Pass,94,76,16,0.003,1,0,0.002
60,40,Pass,94,78,15,0.002,1,0,0.002
60,40,Pass,94,80,13,0.001,1,0,0.003
60,40,Pass,92,0,26,0.012,0,0,0.018
60,40,Pass,92,2,31,0.017,0,0,0.018
60,40,Pass,92,4,32,0.017,0,0,0.017
60,40,Pass,92,6,37,0.014,1,0,0.014
60,40,Pass,92,8,38,0.01,1,0,0.01
60,40,Pass,92,10,37,0.007,1,0,0.01
60,40,Pass,92,12,41,0.004,1,0,0.035
60,40,Pass,92,14,38,0.004,1,0,0.1
60,40,Pass,92,16,31,0.006,1,0.001,0.142
60,40,Pass,92,18,27,0.007,1,0.001,0.153
60,40,Pass,92,20,27,0.007,1,0.001,0.15
60,40,Pass,92,22,23,0.005,1,0.001,0.133
60,40,Pass,92,24,20,0.004,1,0,0.095
60,40,Pass,92,26,22,0.003,1,0,0.045
60,40,Pass,92,28,22,0.003,1,0,0.015
60,40,Pass,92,30,19,0.003,1,0,0.004
60,40,Pass,92,32,16,0.003,0,0,0.001
60,40,Pass,92,34,17,0.003,0,0,0
60,40,Pass,92,36,19,0.002,0,0,0
60,40,Pass,92,38,17,0.002,0,0,0
60,40,Pass,92,40,16,0.001,0,0,0
60,40,Pass,92,42,20,0.001,0,0,0
60,40,Pass,92,44,17,0.001,0,0,0.002
60,40,Pass,92,46,15,0.001,0,0,0.006
60,40,Pass,92,48,18,0.002,0,0,0.015
60,40,Pass,92,50,17,0.003,0,0,0.025
60,40,Pass,92,52,18,0.003,0,0,0.036
60,40,Pass,92,54,17,0.003,0,0,0.038
60,40,Pass,92,56,20,0.003,0,0,0.025
60,40,Pass,92,58,18,0.004,0,0,0.009
60,40,Pass,92,60,23,0.006,0,0,0.003
60,40,Pass,92,62,22,0.006,0,0,0.001
60,40,Pass,92,64,23,0.005,0,0,0
60,40,Pass,92,66,26,0.004,1,0,0
60,40,Pass,92,68,25,0.003,1,0,0
60,40,Pass,92,70,26,0.003,1,0,0.001
60,40,Pass,92,72,26,0.003,1,0,0.003
60,40,Pass,92,74,21,0.003,1,0,0.006
60,40,Pass,92,76,19,0.002,1,0,0.009
60,40,Pass,92,78,19,0.001,1,0,0.013
60,40,Pass,92,80,16,0.001,1,0,0.019
60,40,Pass,90,0,30,0.015,0,0,0.016
60,40,Pass,90,2,34,0.02,0,0,0.017
60,40,Pass,90,4,35,0.019,0,0,0.018
60,40,Pass,90,6,41,0.015,1,0,0.016
60,40,Pass,90,8,45,0.011,1,0,0.011
60,40,Pass,90,10,47,0.007,1,0,0.011
60,40,Pass,90,12,45,0.005,1,0,0.035
60,40,Pass,90,14,44,0.005,1,0,0.091
60,40,Pass,90,16,39,0.008,1,0.001,0.125
60,40,Pass,90,18,33,0.01,1,0.001,0.133
60,40,Pass,90,20,32,0.01,1,0.001,0.13
60,40,Pass,90,22,27,0.007,1,0.001,0.114
60,40,Pass,90,24,24,0.005,1,0,0.085
60,40,Pass,90,26,22,0.004,1,0,0.053
60,40,Pass,90,28,23,0.003,1,0,0.03
60,40,Pass,90,30,25,0.002,1,0,0.015
60,40,Pass,90,32,20,0.002,1,0,0.006
60,40,Pass,90,34,21,0.002,0,0,0.002
60,40,Pass,90,36,24,0.002,0,0,0
60,40,Pass,90,38,24,0.002,0,0,0
60,40,Pass,90,40,24,0.002,0,0,0
60,40,Pass,90,42,24,0.002,0,0,0
60,40,Pass,90,44,22,0.002,0,0,0.003
60,40,Pass,90,46,22,0.002,0,0,0.011
60,40,Pass,90,48,24,0.002,0,0,0.03
60,40,Pass,90,50,26,0.003,0,0,0.052
60,40,Pass,90,52,25,0.004,0,0,0.066
60,40,Pass,90,54,23,0.004,0,0,0.063
60,40,Pass,90,56,23,0.005,0,0,0.038
60,40,Pass,90,58,22,0.007,0,0,0.014
60,40,Pass,90,60,23,0.009,0,0,0.004
60,40,Pass,90,62,28,0.01,0,0,0.001
60,40,Pass,90,64,29,0.008,1,0,0
60,40,Pass,90,66,33,0.006,1,0,0
60,40,Pass,90,68,29,0.004,1,0,0.001
60,40,Pass,90,70,27,0.004,1,0,0.004
60,40,Pass,90,72,28,0.004,1,0,0.009
60,40,Pass,90,74,28,0.004,1,0,0.015
60,40,Pass,90,76,22,0.003,1,0,0.025
60,40,Pass,90,78,20,0.002,1,0,0.037
60,40,Pass,90,80,16,0.001,1,0,0.051
60,40,Pass,88,0,36,0.02,0,0,0.011
60,40,Pass,88,2,37,0.025,0,0,0.013
60,40,Pass,88,4,41,0.023,0,0,0.014
60,40,Pass,88,6,48,0.017,1,0,0.013
60,40,Pass,88,8,51,0.011,1,0,0.01
60,40,Pass,88,10,52,0.007,1,0,0.01
60,40,Pass,88,12,54,0.006,1,0,0.028
60,40,Pass,88,14,51,0.006,1,0,0.066
60,40,Pass,88,16,42,0.009,1,0.001,0.088
60,40,Pass,88,18,38,0.011,1,0.001,0.094
60,40,Pass,88,20,32,0.011,1,0.001,0.092
60,40,Pass,88,22,32,0.009,1,0.001,0.082
60,40,Pass,88,24,27,0.006,1,0,0.066
60,40,Pass,88,26,31,0.005,1,0,0.05
60,40,Pass,88,28,34,0.003,1,0,0.04
60,40,Pass,88,30,31,0.002,1,0,0.029
60,40,Pass,88,32,31,0.002,0,0,0.014
60,40,Pass,88,34,32,0.002,0,0,0.004
60,40,Pass,88,36,32,0.002,0,0,0.001
60,40,Pass,88,38,29,0.002,0,0,0
60,40,Pass,88,40,28,0.002,0,0,0
60,40,Pass,88,42,29,0.002,0,0,0.001
60,40,Pass,88,44,28,0.003,0,0,0.003
60,40,Pass,88,46,28,0.003,0,0,0.013
60,40,Pass,88,48,30,0.003,0,0,0.037
60,40,Pass,88,50,36,0.004,0,0,0.066
60,40,Pass,88,52,34,0.005,0,0,0.083
60,40,Pass,88,54,32,0.005,0,0,0.077
60,40,Pass,88,56,32,0.006,0,0,0.046
60,40,Pass,88,58,30,0.009,0,0,0.017
60,40,Pass,88,60,30,0.013,0,0,0.004
60,40,Pass,88,62,33,0.014,0,0,0.001
60,40,Pass,88,64,35,0.012,1,0,0
60,40,Pass,88,66,39,0.008,1,0,0
60,40,Pass,88,68,34,0.005,1,0,0.002
60,40,Pass,88,70,35,0.005,1,0,0.007
60,40,Pass,88,72,35,0.005,1,0,0.016
60,40,Pass,88,74,31,0.005,1,0,0.027
60,40,Pass,88,76,28,0.004,1,0,0.041
60,40,Pass,88,78,25,0.003,1,0,0.057
60,40,Pass,88,80,21,0.001,1,0,0.069
60,40,Pass,86,0,39,0.022,0,0,0.007
60,40,Pass,86,2,42,0.028,0,0,0.008
60,40,Pass,86,4,46,0.025,0,0,0.009
60,40,Pass,86,6,51,0.019,0,0,0.008
60,40,Pass,86,8,55,0.012,1,0,0.007
60,40,Pass,86,10,56,0.008,1,0,0.007
60,40,Pass,86,12,58,0.006,1,0,0.016
60,40,Pass,86,14,57,0.007,1,0,0.033
60,40,Pass,86,16,49,0.011,1,0,0.044
60,40,Pass,86,18,45,0.013,1,0.001,0.048
60,40,Pass,86,20,41,0.013,1,0.001,0.048
60,40,Pass,86,22,36,0.011,1,0,0.046
60,40,Pass,86,24,37,0.008,1,0,0.044
60,40,Pass,86,26,36,0.005,1,0,0.042
60,40,Pass,86,28,40,0.004,1,0,0.039
60,40,Pass,86,30,40,0.003,1,0,0.03
60,40,Pass,86,32,43,0.002,0,0,0.014
60,40,Pass,86,34,41,0.003,0,0,0.003
60,40,Pass,86,36,40,0.004,0,0,0.001
60,40,Pass,86,38,36,0.004,0,0,0
60,40,Pass,86,40,36,0.004,0,0,0
60,40,Pass,86,42,36,0.004,0,0,0.001
60,40,Pass,86,44,35,0.004,0,0,0.003
60,40,Pass,86,46,34,0.004,0,0,0.011
60,40,Pass,86,48,37,0.005,0,0,0.029
60,40,Pass,86,50,41,0.005,0,0,0.055
60,40,Pass,86,52,41,0.006,0,0,0.075
60,40,Pass,86,54,42,0.006,0,0,0.073
60,40,Pass,86,56,42,0.008,0,0,0.044
60,40,Pass,86,58,40,0.011,0,0,0.016
60,40,Pass,86,60,41,0.015,0,0,0.004
60,40,Pass,86,62,39,0.016,0,0,0.001
60,40,Pass,86,64,39,0.014,1,0,0
60,40,Pass,86,66,45,0.01,1,0,0
60,40,Pass,86,68,48,0.007,1,0,0.002
60,40,Pass,86,70,46,0.006,1,0,0.009
60,40,Pass,86,72,41,0.007,1,0,0.02
60,40,Pass,86,74,35,0.007,1,0,0.032
60,40,Pass,86,76,28,0.006,1,0,0.044
60,40,Pass,86,78,28,0.004,1,0,0.055
60,40,Pass,86,80,25,0.002,1,0,0.062
60,40,Pass,84,0,41,0.02,0,0,0.004
60,40,Pass,84,2,46,0.025,0,0,0.004
60,40,Pass,84,4,49,0.024,0,0,0.004
60,40,Pass,84,6,56,0.02,0,0,0.004
60,40,Pass,84,8,58,0.015,1,0,0.004
60,40,Pass,84,10,58,0.011,1,0,0.005
60,40,Pass,84,12,60,0.009,1,0,0.009
60,40,Pass,84,14,64,0.01,1,0,0.014
60,40,Pass,84,16,57,0.013,1,0,0.017
60,40,Pass,84,18,52,0.015,1,0,0.018
60,40,Pass,84,20,46,0.015,1,0,0.019
60,40,Pass,84,22,44,0.012,1,0,0.021
60,40,Pass,84,24,42,0.008,1,0,0.025
60,40,Pass,84,26,44,0.006,1,0,0.031
60,40,Pass,84,28,51,0.004,1,0,0.031
60,40,Pass,84,30,50,0.003,1,0,0.022
60,40,Pass,84,32,49,0.003,0,0,0.008
60,40,Pass,84,34,43,0.005,0,0,0.002
60,40,Pass,84,36,42,0.007,0,0,0
60,40,Pass,84,38,42,0.008,0,0,0
60,40,Pass,84,40,39,0.008,0,0,0
60,40,Pass,84,42,43,0.008,0,0,0.001
60,40,Pass,84,44,41,0.008,0,0,0.002
60,40,Pass,84,46,41,0.008,0,0,0.008
60,40,Pass,84,48,46,0.009,0,0,0.02
60,40,Pass,84,50,52,0.009,0,0,0.037
60,40,Pass,84,52,47,0.008,0,0,0.053
60,40,Pass,84,54,49,0.008,0,0,0.053
60,40,Pass,84,56,48,0.009,0,0,0.032
60,40,Pass,84,58,46,0.012,0,0,0.012
60,40,Pass,84,60,46,0.016,0,0,0.003
60,40,Pass,84,62,47,0.017,0,0,0.001
60,40,Pass,84,64,49,0.015,1,0,0
60,40,Pass,84,66,53,0.012,1,0,0
60,40,Pass,84,68,53,0.009,1,0,0.002
60,40,Pass,84,70,51,0.009,1,0,0.008
60,40,Pass,84,72,48,0.01,1,0,0.016
60,40,Pass,84,74,40,0.011,1,0,0.024
60,40,Pass,84,76,35,0.01,1,0,0.031
60,40,Pass,84,78,32,0.007,1,0,0.037
60,40,Pass,84,80,27,0.004,1,0,0.04
60,40,Pass,82,0,42,0.014,0,0,0.002
60,40,Pass,82,2,49,0.019,0,0,0.002
60,40,Pass,82,4,56,0.022,0,0,0.002
60,40,Pass,82,6,60,0.022,0,0,0.002
60,40,Pass,82,8,65,0.02,0,0,0.004
60,40,Pass,82,10,66,0.017,1,0,0.007
60,40,Pass,82,12,69,0.014,1,0,0.011
60,40,Pass,82,14,71,0.013,1,0,0.012
60,40,Pass,82,16,67,0.014,1,0,0.01
60,40,Pass,82,18,61,0.016,1,0,0.007
60,40,Pass,82,20,57,0.015,1,0,0.007
60,40,Pass,82,22,52,0.012,1,0,0.008
60,40,Pass,82,24,55,0.009,2,0,0.013
60,40,Pass,82,26,56,0.006,2,0,0.018
60,40,Pass,82,28,55,0.005,2,0,0.018
60,40,Pass,82,30,55,0.004,1,0,0.011
60,40,Pass,82,32,49,0.005,1,0,0.004
60,40,Pass,82,34,50,0.009,1,0,0.001
60,40,Pass,82,36,46,0.013,0,0,0
60,40,Pass,82,38,48,0.015,0,0,0.001
60,40,Pass,82,40,45,0.015,0,0,0.001
60,40,Pass,82,42,44,0.014,0,0,0.001
60,40,Pass,82,44,45,0.014,0,0,0.003
60,40,Pass,82,46,50,0.015,0,0,0.008
60,40,Pass,82,48,53,0.016,0,0,0.017
60,40,Pass,82,50,54,0.015,0,0,0.029
60,40,Pass,82,52,54,0.013,0,0.001,0.04
60,40,Pass,82,54,56,0.012,0,0,0.038
60,40,Pass,82,56,55,0.013,0,0,0.022
60,40,Pass,82,58,52,0.015,0,0,0.008
60,40,Pass,82,60,53,0.018,0,0,0.002
60,40,Pass,82,62,58,0.018,0,0,0.001
60,40,Pass,82,64,62,0.017,1,0,0
60,40,Pass,82,66,59,0.014,1,0,0
60,40,Pass,82,68,58,0.012,1,0,0.001
60,40,Pass,82,70,60,0.012,1,0,0.005
60,40,Pass,82,72,50,0.015,1,0,0.009
60,40,Pass,82,74,48,0.018,1,0,0.013
60,40,Pass,82,76,40,0.016,1,0,0.016
60,40,Pass,82,78,36,0.012,1,0,0.019
60,40,Pass,82,80,32,0.006,1,0,0.02
60,40,Pass,80,0,43,0.009,0,0,0.001
60,40,Pass,80,2,52,0.014,0,0,0.001
60,40,Pass,80,4,57,0.02,0,0,0.001
60,40,Pass,80,6,61,0.025,0,0,0.002
60,40,Pass,80,8,67,0.026,0,0,0.006
60,40,Pass,80,10,72,0.023,1,0,0.011
60,40,Pass,80,12,75,0.019,1,0,0.018
60,40,Pass,80,14,77,0.016,1,0,0.02
60,40,Pass,80,16,76,0.015,1,0,0.014
60,40,Pass,80,18,74,0.015,1,0,0.007
60,40,Pass,80,20,72,0.014,1,0,0.004
60,40,Pass,80,22,68,0.012,2,0,0.003
60,40,Pass,80,24,66,0.009,2,0,0.005
60,40,Pass,80,26,67,0.007,2,0,0.008
60,40,Pass,80,28,60,0.005,1,0,0.007
60,40,Pass,80,30,64,0.006,1,0,0.004
60,40,Pass,80,32,61,0.008,1,0,0.001
60,40,Pass,80,34,57,0.013,1,0,0.001
60,40,Pass,80,36,60,0.019,1,0,0.001
60,40,Pass,80,38,57,0.022,0,0,0.001
60,40,Pass,80,40,58,0.022,0,0,0.001
60,40,Pass,80,42,55,0.021,0,0,0.001
60,40,Pass,80,44,51,0.021,0,0,0.003
60,40,Pass,80,46,56,0.023,0,0,0.009
60,40,Pass,80,48,60,0.025,0,0,0.018
60,40,Pass,80,50,56,0.024,0,0.001,0.03
60,40,Pass,80,52,62,0.021,0,0.001,0.037
60,40,Pass,80,54,61,0.018,0,0.001,0.033
60,40,Pass,80,56,62,0.018,0,0,0.018
60,40,Pass,80,58,62,0.02,0,0,0.007
60,40,Pass,80,60,63,0.022,0,0,0.002
60,40,Pass,80,62,65,0.021,0,0,0
60,40,Pass,80,64,72,0.019,1,0,0
60,40,Pass,80,66,70,0.017,1,0,0
60,40,Pass,80,68,69,0.015,1,0,0.001
60,40,Pass,80,70,62,0.016,1,0,0.002
60,40,Pass,80,72,58,0.021,1,0,0.004
60,40,Pass,80,74,50,0.025,1,0,0.006
60,40,Pass,80,76,44,0.023,1,0,0.007
60,40,Pass,80,78,41,0.017,1,0,0.008
60,40,Pass,80,80,35,0.009,1,0,0.008
60,40,Pass,78,0,42,0.006,0,0,0
60,40,Pass,78,2,51,0.012,0,0,0.001
60,40,Pass,78,4,58,0.02,0,0,0.001
60,40,Pass,78,6,62,0.026,0,0,0.003
60,40,Pass,78,8,67,0.029,0,0,0.008
60,40,Pass,78,10,73,0.027,0,0,0.016
60,40,Pass,78,12,75,0.022,0,0.001,0.025
60,40,Pass,78,14,80,0.018,1,0.001,0.028
60,40,Pass,78,16,81,0.015,1,0,0.021
60,40,Pass,78,18,83,0.014,1,0,0.011
60,40,Pass,78,20,82,0.013,2,0,0.004
60,40,Pass,78,22,79,0.012,2,0,0.002
60,40,Pass,78,24,75,0.01,2,0,0.003
60,40,Pass,78,26,77,0.008,1,0,0.004
60,40,Pass,78,28,73,0.007,1,0,0.004
60,40,Pass,78,30,72,0.008,1,0,0.002
60,40,Pass,78,32,68,0.011,1,0,0.001
60,40,Pass,78,34,68,0.017,1,0,0.001
60,40,Pass,78,36,69,0.023,1,0,0.001
60,40,Pass,78,38,67,0.026,1,0,0.001
60,40,Pass,78,40,65,0.026,0,0,0.002
60,40,Pass,78,42,62,0.025,0,0,0.002
60,40,Pass,78,44,64,0.026,0,0,0.004
60,40,Pass,78,46,67,0.029,0,0,0.009
60,40,Pass,78,48,65,0.031,0,0.001,0.019
60,40,Pass,78,50,67,0.03,0,0.001,0.03
60,40,Pass,78,52,68,0.028,0,0.001,0.035
60,40,Pass,78,54,71,0.025,0,0.001,0.03
60,40,Pass,78,56,71,0.024,0,0,0.017
60,40,Pass,78,58,75,0.025,0,0,0.006
60,40,Pass,78,60,73,0.026,0,0,0.002
60,40,Pass,78,62,80,0.025,0,0,0
60,40,Pass,78,64,83,0.022,0,0,0
60,40,Pass,78,66,82,0.019,1,0,0
60,40,Pass,78,68,78,0.017,1,0,0
60,40,Pass,78,70,72,0.019,1,0,0.001
60,40,Pass,78,72,63,0.026,1,0,0.002
60,40,Pass,78,74,54,0.031,1,0,0.002
60,40,Pass,78,76,49,0.029,1,0,0.002
60,40,Pass,78,78,44,0.021,1,0,0.003
60,40,Pass,78,80,34,0.011,1,0,0.003
60,40,Pass,76,0,42,0.006,0,0,0
60,40,Pass,76,2,55,0.011,0,0,0.001
60,40,Pass,76,4,59,0.018,0,0,0.002
60,40,Pass,76,6,67,0.024,0,0,0.004
60,40,Pass,76,8,73,0.027,0,0,0.01
60,40,Pass,76,10,81,0.026,0,0,0.019
60,40,Pass,76,12,88,0.023,0,0.001,0.028
60,40,Pass,76,14,87,0.019,0,0.001,0.029
60,40,Pass,76,16,86,0.017,0,0,0.022
60,40,Pass,76,18,93,0.015,1,0,0.011
60,40,Pass,76,20,92,0.015,1,0,0.004
60,40,Pass,76,22,86,0.014,1,0,0.002
60,40,Pass,76,24,85,0.012,1,0,0.003
60,40,Pass,76,26,87,0.011,1,0,0.005
60,40,Pass,76,28,88,0.01,1,0,0.005
60,40,Pass,76,30,83,0.011,1,0,0.003
60,40,Pass,76,32,86,0.014,1,0,0.002
60,40,Pass,76,34,83,0.019,1,0,0.001
60,40,Pass,76,36,76,0.024,1,0,0.001
60,40,Pass,76,38,76,0.026,1,0,0.002
60,40,Pass,76,40,77,0.025,1,0,0.003
60,40,Pass,76,42,78,0.023,0,0,0.004
60,40,Pass,76,44,75,0.024,0,0,0.005
60,40,Pass,76,46,83,0.027,0,0,0.01
60,40,Pass,76,48,83,0.03,0,0.001,0.019
60,40,Pass,76,50,77,0.032,0,0.001,0.027
60,40,Pass,76,52,81,0.031,0,0.001,0.03
60,40,Pass,76,54,83,0.029,0,0.001,0.024
60,40,Pass,76,56,82,0.027,0,0,0.014
60,40,Pass,76,58,87,0.027,0,0,0.005
60,40,Pass,76,60,90,0.027,0,0,0.001
60,40,Pass,76,62,93,0.026,0,0,0
60,40,Pass,76,64,98,0.024,0,0,0
60,40,Pass,76,66,97,0.02,1,0,0
60,40,Pass,76,68,86,0.019,1,0,0
60,40,Pass,76,70,81,0.021,1,0,0
60,40,Pass,76,72,67,0.028,1,0,0.001
60,40,Pass,76,74,57,0.033,1,0,0.001
60,40,Pass,76,76,52,0.032,1,0,0.001
60,40,Pass,76,78,45,0.023,1,0,0.001
60,40,Pass,76,80,37,0.012,1,0,0.001
60,40,Pass,74,0,48,0.005,0,0,0.001
60,40,Pass,74,2,56,0.009,0,0,0.001
60,40,Pass,74,4,60,0.014,0,0,0.002
60,40,Pass,74,6,64,0.019,0,0,0.005
60,40,Pass,74,8,73,0.023,0,0,0.01
60,40,Pass,74,10,82,0.023,0,0,0.017
60,40,Pass,74,12,90,0.022,0,0.001,0.022
60,40,Pass,74,14,94,0.021,0,0,0.021
60,40,Pass,74,16,97,0.02,0,0,0.014
60,40,Pass,74,18,95,0.02,1,0,0.007
60,40,Pass,74,20,99,0.02,1,0,0.003
60,40,Pass,74,22,99,0.019,1,0,0.003
60,40,Pass,74,24,96,0.017,1,0,0.005
60,40,Pass,74,26,96,0.015,1,0,0.007
60,40,Pass,74,28,100,0.015,1,0,0.008
60,40,Pass,74,30,101,0.016,1,0,0.007
60,40,Pass,74,32,100,0.018,1,0,0.004
60,40,Pass,74,34,98,0.022,1,0,0.003
60,40,Pass,74,36,89,0.026,1,0,0.003
60,40,Pass,74,38,88,0.026,1,0,0.005
60,40,Pass,74,40,90,0.024,1,0,0.008
60,40,Pass,74,42,88,0.022,0,0,0.01
60,40,Pass,74,44,88,0.021,0,0,0.01
60,40,Pass,74,46,89,0.023,0,0,0.012
60,40,Pass,74,48,93,0.025,0,0,0.016
60,40,Pass,74,50,91,0.028,0,0.001,0.022
60,40,Pass,74,52,93,0.029,0,0.001,0.022
60,40,Pass,74,54,94,0.029,0,0,0.017
60,40,Pass,74,56,95,0.027,0,0,0.01
60,40,Pass,74,58,103,0.026,0,0,0.004
60,40,Pass,74,60,99,0.026,0,0,0.001
60,40,Pass,74,62,109,0.026,0,0,0.001
60,40,Pass,74,64,108,0.024,0,0,0.001
60,40,Pass,74,66,100,0.022,0,0,0.001
60,40,Pass,74,68,95,0.021,1,0,0.001
60,40,Pass,74,70,85,0.023,1,0,0.001
60,40,Pass,74,72,74,0.027,1,0,0
60,40,Pass,74,74,60,0.031,1,0,0
60,40,Pass,74,76,54,0.029,1,0,0
60,40,Pass,74,78,47,0.022,1,0,0
60,40,Pass,74,80,40,0.012,1,0,0
60,40,Pass,72,0,47,0.004,0,0,0.002
60,40,Pass,72,2,52,0.007,0,0,0.004
60,40,Pass,72,4,56,0.011,0,0,0.005
60,40,Pass,72,6,60,0.016,0,0,0.007
60,40,Pass,72,8,69,0.02,0,0,0.009
60,40,Pass,72,10,77,0.023,0,0,0.011
60,40,Pass,72,12,91,0.023,0,0,0.013
60,40,Pass,72,14,98,0.023,0,0,0.011
60,40,Pass,72,16,97,0.024,1,0,0.007
60,40,Pass,72,18,100,0.026,1,0,0.003
60,40,Pass,72,20,96,0.026,1,0,0.002
60,40,Pass,72,22,96,0.026,1,0,0.003
60,40,Pass,72,24,103,0.024,1,0,0.006
60,40,Pass,72,26,102,0.022,1,0,0.01
60,40,Pass,72,28,105,0.022,1,0,0.012
60,40,Pass,72,30,112,0.023,1,0,0.012
60,40,Pass,72,32,109,0.026,1,0,0.01
60,40,Pass,72,34,100,0.029,1,0,0.007
60,40,Pass,72,36,97,0.032,1,0,0.006
60,40,Pass,72,38,96,0.032,1,0,0.009
60,40,Pass,72,40,100,0.029,1,0,0.015
60,40,Pass,72,42,102,0.025,1,0,0.02
60,40,Pass,72,44,100,0.022,0,0,0.02
60,40,Pass,72,46,96,0.02,0,0,0.016
60,40,Pass,72,48,102,0.02,0,0,0.015
60,40,Pass,72,50,97,0.023,0,0,0.016
60,40,Pass,72,52,96,0.025,0,0,0.015
60,40,Pass,72,54,96,0.026,0,0,0.012
60,40,Pass,72,56,102,0.026,0,0,0.007
60,40,Pass,72,58,105,0.026,0,0,0.003
60,40,Pass,72,60,99,0.027,0,0,0.001
60,40,Pass,72,62,106,0.028,0,0,0.001
60,40,Pass,72,64,104,0.028,0,0,0.002
60,40,Pass,72,66,98,0.026,0,0,0.002
60,40,Pass,72,68,93,0.025,0,0,0.002
60,40,Pass,72,70,82,0.025,0,0,0.002
60,40,Pass,72,72,76,0.025,1,0,0.001
60,40,Pass,72,74,64,0.025,1,0,0
60,40,Pass,72,76,54,0.023,1,0,0
60,40,Pass,72,78,49,0.017,1,0,0
60,40,Pass,72,80,43,0.01,1,0,0
60,40,Pass,70,0,41,0.003,0,0,0.009
60,40,Pass,70,2,45,0.005,0,0,0.013
60,40,Pass,70,4,54,0.01,0,0,0.014
60,40,Pass,70,6,59,0.016,0,0,0.013
60,40,Pass,70,8,68,0.021,0,0,0.011
60,40,Pass,70,10,78,0.024,0,0,0.009
60,40,Pass,70,12,86,0.024,0,0,0.007
60,40,Pass,70,14,100,0.025,0,0,0.005
60,40,Pass,70,16,104,0.027,1,0,0.003
60,40,Pass,70,18,109,0.03,1,0,0.001
60,40,Pass,70,20,105,0.033,1,0,0.002
60,40,Pass,70,22,107,0.034,1,0,0.004
60,40,Pass,70,24,108,0.033,1,0,0.008
60,40,Pass,70,26,110,0.032,1,0,0.013
60,40,Pass,70,28,112,0.031,1,0.001,0.018
60,40,Pass,70,30,115,0.034,1,0.001,0.02
60,40,Pass,70,32,112,0.038,1,0.001,0.018
60,40,Pass,70,34,104,0.042,1,0.001,0.013
60,40,Pass,70,36,104,0.045,1,0,0.01
60,40,Pass,70,38,103,0.043,1,0.001,0.013
60,40,Pass,70,40,103,0.038,1,0.001,0.02
60,40,Pass,70,42,111,0.032,1,0.001,0.026
60,40,Pass,70,44,110,0.026,0,0.001,0.027
60,40,Pass,70,46,105,0.022,0,0,0.021
60,40,Pass,70,48,112,0.02,0,0,0.015
60,40,Pass,70,50,110,0.022,0,0,0.012
60,40,Pass,70,52,106,0.024,0,0,0.011
60,40,Pass,70,54,114,0.025,0,0,0.008
60,40,Pass,70,56,115,0.027,0,0,0.005
60,40,Pass,70,58,110,0.029,0,0,0.002
60,40,Pass,70,60,110,0.034,0,0,0.001
60,40,Pass,70,62,107,0.036,0,0,0.002
60,40,Pass,70,64,107,0.036,0,0,0.003
60,40,Pass,70,66,101,0.034,0,0,0.005
60,40,Pass,70,68,97,0.031,0,0,0.005
60,40,Pass,70,70,88,0.027,0,0,0.004
60,40,Pass,70,72,80,0.023,0,0,0.002
60,40,Pass,70,74,66,0.02,0,0,0.001
60,40,Pass,70,76,55,0.016,0,0,0
60,40,Pass,70,78,47,0.012,0,0,0
60,40,Pass,70,80,39,0.007,0,0,0
60,40,Pass,68,0,40,0.002,0,0,0.023
60,40,Pass,68,2,41,0.005,0,0,0.025
60,40,Pass,68,4,54,0.012,0,0,0.023
60,40,Pass,68,6,60,0.019,0,0,0.02
60,40,Pass,68,8,71,0.025,0,0,0.015
60,40,Pass,68,10,87,0.026,0,0,0.011
60,40,Pass,68,12,97,0.024,0,0,0.006
60,40,Pass,68,14,105,0.024,0,0,0.003
60,40,Pass,68,16,111,0.028,1,0,0.001
60,40,Pass,68,18,116,0.033,1,0,0.001
60,40,Pass,68,20,123,0.038,1,0,0.002
60,40,Pass,68,22,114,0.042,1,0,0.004
60,40,Pass,68,24,118,0.043,1,0,0.009
60,40,Pass,68,26,116,0.041,1,0.001,0.015
60,40,Pass,68,28,118,0.041,1,0.001,0.024
60,40,Pass,68,30,121,0.045,1,0.001,0.03
60,40,Pass,68,32,123,0.051,1,0.001,0.027
60,40,Pass,68,34,112,0.057,1,0.001,0.02
60,40,Pass,68,36,109,0.059,1,0.001,0.014
60,40,Pass,68,38,114,0.055,1,0.001,0.015
60,40,Pass,68,40,115,0.047,1,0.001,0.02
60,40,Pass,68,42,126,0.038,1,0.001,0.027
60,40,Pass,68,44,120,0.031,0,0.001,0.028
60,40,Pass,68,46,120,0.026,0,0.001,0.023
60,40,Pass,68,48,123,0.025,0,0,0.016
60,40,Pass,68,50,118,0.026,0,0,0.012
60,40,Pass,68,52,117,0.028,0,0,0.009
60,40,Pass,68,54,124,0.03,0,0,0.007
60,40,Pass,68,56,126,0.032,0,0,0.004
60,40,Pass,68,58,125,0.036,0,0,0.002
60,40,Pass,68,60,125,0.043,0,0,0.001
60,40,Pass,68,62,116,0.047,0,0,0.002
60,40,Pass,68,64,113,0.047,0,0,0.004
60,40,Pass,68,66,109,0.043,0,0,0.006
60,40,Pass,68,68,93,0.036,0,0,0.007
60,40,Pass,68,70,85,0.029,0,0,0.006
60,40,Pass,68,72,78,0.021,0,0,0.004
60,40,Pass,68,74,65,0.015,0,0,0.002
60,40,Pass,68,76,59,0.011,0,0,0.001
60,40,Pass,68,78,48,0.007,0,0,0
60,40,Pass,68,80,36,0.004,0,0,0
60,40,Pass,66,0,31,0.002,0,0,0.031
60,40,Pass,66,2,43,0.006,0,0,0.029
60,40,Pass,66,4,51,0.014,0,0,0.026
60,40,Pass,66,6,63,0.024,0,0.001,0.022
60,40,Pass,66,8,74,0.029,0,0.001,0.018
60,40,Pass,66,10,88,0.028,0,0,0.013
60,40,Pass,66,12,102,0.024,0,0,0.008
60,40,Pass,66,14,112,0.023,0,0,0.003
60,40,Pass,66,16,119,0.026,0,0,0.001
60,40,Pass,66,18,118,0.033,1,0,0.001
60,40,Pass,66,20,131,0.04,1,0,0.002
60,40,Pass,66,22,125,0.046,1,0,0.004
60,40,Pass,66,24,131,0.048,1,0,0.009
60,40,Pass,66,26,133,0.047,1,0.001,0.017
60,40,Pass,66,28,134,0.047,1,0.001,0.03
60,40,Pass,66,30,130,0.052,1,0.002,0.037
60,40,Pass,66,32,126,0.06,1,0.002,0.034
60,40,Pass,66,34,125,0.067,1,0.002,0.025
60,40,Pass,66,36,124,0.067,1,0.001,0.017
60,40,Pass,66,38,122,0.059,1,0.001,0.015
60,40,Pass,66,40,122,0.048,1,0.001,0.019
60,40,Pass,66,42,123,0.038,0,0.001,0.024
60,40,Pass,66,44,124,0.032,0,0.001,0.025
60,40,Pass,66,46,128,0.03,0,0.001,0.021
60,40,Pass,66,48,135,0.031,0,0,0.016
60,40,Pass,66,50,123,0.033,0,0,0.013
60,40,Pass,66,52,128,0.036,0,0,0.009
60,40,Pass,66,54,136,0.037,0,0,0.005
60,40,Pass,66,56,135,0.038,0,0,0.003
60,40,Pass,66,58,142,0.041,0,0,0.001
60,40,Pass,66,60,140,0.049,0,0,0.001
60,40,Pass,66,62,131,0.055,0,0,0.002
60,40,Pass,66,64,121,0.056,0,0,0.004
60,40,Pass,66,66,113,0.05,0,0,0.006
60,40,Pass,66,68,95,0.04,0,0,0.007
60,40,Pass,66,70,86,0.03,0,0,0.006
60,40,Pass,66,72,79,0.02,0,0,0.004
60,40,Pass,66,74,63,0.013,0,0,0.002
60,40,Pass,66,76,53,0.007,0,0,0.001
60,40,Pass,66,78,45,0.004,0,0,0
60,40,Pass,66,80,35,0.002,0,0,0
60,40,Pass,64,0,31,0.002,0,0,0.03
60,40,Pass,64,2,39,0.007,0,0,0.028
60,40,Pass,64,4,49,0.015,0,0,0.025
60,40,Pass,64,6,60,0.024,0,0.001,0.021
60,40,Pass,64,8,79,0.029,0,0,0.017
60,40,Pass,64,10,90,0.027,0,0,0.013
60,40,Pass,64,12,102,0.022,0,0,0.008
60,40,Pass,64,14,110,0.021,0,0,0.003
60,40,Pass,64,16,118,0.024,0,0,0.001
60,40,Pass,64,18,123,0.03,1,0,0.001
60,40,Pass,64,20,133,0.037,1,0,0.002
60,40,Pass,64,22,130,0.044,1,0,0.004
60,40,Pass,64,24,137,0.047,1,0,0.008
60,40,Pass,64,26,144,0.046,1,0.001,0.017
60,40,Pass,64,28,143,0.046,1,0.001,0.03
60,40,Pass,64,30,136,0.05,1,0.002,0.039
60,40,Pass,64,32,134,0.06,1,0.002,0.036
60,40,Pass,64,34,134,0.067,1,0.002,0.026
60,40,Pass,64,36,130,0.065,1,0.001,0.018
60,40,Pass,64,38,124,0.054,1,0.001,0.014
60,40,Pass,64,40,124,0.041,1,0.001,0.016
60,40,Pass,64,42,128,0.032,0,0.001,0.02
60,40,Pass,64,44,130,0.028,0,0.001,0.02
60,40,Pass,64,46,125,0.03,0,0.001,0.018
60,40,Pass,64,48,131,0.033,0,0.001,0.016
60,40,Pass,64,50,132,0.037,0,0,0.013
60,40,Pass,64,52,135,0.04,0,0,0.009
60,40,Pass,64,54,135,0.041,0,0,0.005
60,40,Pass,64,56,136,0.04,0,0,0.002
60,40,Pass,64,58,140,0.042,0,0,0.001
60,40,Pass,64,60,145,0.048,1,0,0.001
60,40,Pass,64,62,135,0.055,1,0,0.002
60,40,Pass,64,64,129,0.056,1,0,0.003
60,40,Pass,64,66,114,0.05,0,0,0.005
60,40,Pass,64,68,97,0.04,0,0,0.006
60,40,Pass,64,70,91,0.029,0,0,0.005
60,40,Pass,64,72,74,0.02,0,0,0.004
60,40,Pass,64,74,62,0.012,0,0,0.002
60,40,Pass,64,76,56,0.006,0,0,0.001
60,40,Pass,64,78,44,0.002,0,0,0.001
60,40,Pass,64,80,31,0.001,0,0,0
60,40,Pass,62,0,28,0.002,0,0,0.025
60,40,Pass,62,2,36,0.005,0,0,0.023
60,40,Pass,62,4,44,0.012,0,0,0.021
60,40,Pass,62,6,57,0.019,0,0,0.018
60,40,Pass,62,8,74,0.023,0,0,0.015
60,40,Pass,62,10,84,0.022,0,0,0.011
60,40,Pass,62,12,94,0.018,0,0,0.006
60,40,Pass,62,14,112,0.017,0,0,0.002
60,40,Pass,62,16,122,0.02,0,0,0.001
60,40,Pass,62,18,133,0.025,0,0,0.001
60,40,Pass,62,20,129,0.032,1,0,0.001
60,40,Pass,62,22,129,0.038,1,0,0.003
60,40,Pass,62,24,135,0.042,1,0,0.006
60,40,Pass,62,26,140,0.041,1,0.001,0.013
60,40,Pass,62,28,146,0.04,1,0.001,0.025
60,40,Pass,62,30,134,0.042,1,0.001,0.034
60,40,Pass,62,32,135,0.05,1,0.002,0.032
60,40,Pass,62,34,135,0.055,1,0.001,0.023
60,40,Pass,62,36,140,0.053,1,0.001,0.016
60,40,Pass,62,38,126,0.044,1,0.001,0.012
60,40,Pass,62,40,116,0.032,0,0,0.012
60,40,Pass,62,42,127,0.025,0,0,0.015
60,40,Pass,62,44,133,0.024,0,0,0.016
60,40,Pass,62,46,134,0.027,0,0,0.015
60,40,Pass,62,48,127,0.031,0,0,0.015
60,40,Pass,62,50,135,0.034,0,0,0.012
60,40,Pass,62,52,140,0.038,0,0,0.008
60,40,Pass,62,54,143,0.04,0,0,0.004
60,40,Pass,62,56,143,0.04,1,0,0.001
60,40,Pass,62,58,146,0.04,1,0,0.001
60,40,Pass,62,60,142,0.044,1,0,0.001
60,40,Pass,62,62,133,0.049,1,0,0.001
60,40,Pass,62,64,125,0.051,1,0,0.002
60,40,Pass,62,66,118,0.045,1,0,0.003
60,40,Pass,62,68,97,0.035,1,0,0.004
60,40,Pass,62,70,92,0.025,1,0,0.003
60,40,Pass,62,72,74,0.017,0,0,0.002
60,40,Pass,62,74,56,0.01,0,0,0.001
60,40,Pass,62,76,50,0.005,0,0,0.001
60,40,Pass,62,78,37,0.002,0,0,0
60,40,Pass,62,80,25,0.001,0,0,0
60,40,Pass,60,0,24,0.001,0,0,0.019
60,40,Pass,60,2,33,0.003,0,0,0.017
60,40,Pass,60,4,45,0.007,0,0,0.016
60,40,Pass,60,6,61,0.012,0,0,0.013
60,40,Pass,60,8,73,0.015,0,0,0.011
60,40,Pass,60,10,80,0.015,0,0,0.008
60,40,Pass,60,12,94,0.014,0,0,0.004
60,40,Pass,60,14,105,0.015,0,0,0.001
60,40,Pass,60,16,119,0.018,0,0,0.001
60,40,Pass,60,18,120,0.022,0,0,0
60,40,Pass,60,20,126,0.028,0,0,0.001
60,40,Pass,60,22,123,0.033,1,0,0.001
60,40,Pass,60,24,133,0.037,1,0,0.003
60,40,Pass,60,26,138,0.036,1,0,0.007
60,40,Pass,60,28,149,0.033,1,0.001,0.015
60,40,Pass,60,30,150,0.032,1,0.001,0.023
60,40,Pass,60,32,136,0.036,1,0.001,0.023
60,40,Pass,60,34,135,0.04,1,0.001,0.017
60,40,Pass,60,36,137,0.04,1,0,0.011
60,40,Pass,60,38,129,0.034,0,0,0.009
60,40,Pass,60,40,124,0.027,0,0,0.009
60,40,Pass,60,42,132,0.023,0,0,0.01
60,40,Pass,60,44,144,0.023,0,0,0.011
60,40,Pass,60,46,138,0.025,0,0,0.011
60,40,Pass,60,48,138,0.026,0,0,0.012
60,40,Pass,60,50,128,0.029,0,0,0.01
60,40,Pass,60,52,141,0.033,0,0,0.006
60,40,Pass,60,54,142,0.038,1,0,0.002
60,40,Pass,60,56,139,0.04,1,0,0.001
60,40,Pass,60,58,141,0.041,1,0,0
60,40,Pass,60,60,135,0.043,1,0,0.001
60,40,Pass,60,62,127,0.045,1,0,0.001
60,40,Pass,60,64,120,0.045,1,0,0.001
60,40,Pass,60,66,113,0.038,1,0,0.002
60,40,Pass,60,68,98,0.029,1,0,0.002
60,40,Pass,60,70,86,0.02,1,0,0.002
60,40,Pass,60,72,73,0.013,1,0,0.001
60,40,Pass,60,74,54,0.008,0,0,0.001
60,40,Pass,60,76,43,0.004,0,0,0
60,40,Pass,60,78,32,0.002,0,0,0
60,40,Pass,60,80,20,0.001,0,0,0
60,40,Pass,58,0,22,0.001,0,0,0.011
60,40,Pass,58,2,31,0.002,0,0,0.01
60,40,Pass,58,4,39,0.004,0,0,0.009
60,40,Pass,58,6,57,0.007,0,0,0.008
60,40,Pass,58,8,69,0.009,0,0,0.006
60,40,Pass,58,10,74,0.01,0,0,0.004
60,40,Pass,58,12,88,0.012,0,0,0.002
60,40,Pass,58,14,104,0.015,0,0,0.001
60,40,Pass,58,16,111,0.019,0,0,0.001
60,40,Pass,58,18,116,0.023,0,0,0.001
60,40,Pass,58,20,115,0.028,0,0,0
60,40,Pass,58,22,123,0.032,0,0,0.001
60,40,Pass,58,24,134,0.035,1,0,0.001
60,40,Pass,58,26,141,0.034,1,0,0.003
60,40,Pass,58,28,146,0.029,1,0,0.006
60,40,Pass,58,30,150,0.026,1,0,0.011
60,40,Pass,58,32,135,0.026,1,0,0.012
60,40,Pass,58,34,136,0.029,1,0,0.009
60,40,Pass,58,36,144,0.032,0,0,0.006
60,40,Pass,58,38,150,0.032,0,0,0.005
60,40,Pass,58,40,146,0.03,0,0,0.005
60,40,Pass,58,42,156,0.028,0,0,0.006
60,40,Pass,58,44,159,0.027,0,0,0.007
60,40,Pass,58,46,157,0.025,0,0,0.007
60,40,Pass,58,48,151,0.024,0,0,0.007
60,40,Pass,58,50,145,0.025,0,0,0.005
60,40,Pass,58,52,136,0.031,1,0,0.003
60,40,Pass,58,54,139,0.039,1,0,0.001
60,40,Pass,58,56,132,0.045,1,0,0.001
60,40,Pass,58,58,137,0.048,1,0,0.001
60,40,Pass,58,60,130,0.049,1,0,0.001
60,40,Pass,58,62,122,0.048,1,0,0.002
60,40,Pass,58,64,116,0.043,1,0,0.002
60,40,Pass,58,66,105,0.034,1,0,0.002
60,40,Pass,58,68,94,0.024,1,0,0.002
60,40,Pass,58,70,82,0.016,1,0,0.001
60,40,Pass,58,72,67,0.01,1,0,0.001
60,40,Pass,58,74,52,0.006,1,0,0
60,40,Pass,58,76,41,0.004,0,0,0
60,40,Pass,58,78,22,0.002,0,0,0
60,40,Pass,58,80,14,0.002,0,0,0
60,40,Pass,56,0,22,0,0,0,0.004
60,40,Pass,56,2,28,0.001,0,0,0.004
60,40,Pass,56,4,36,0.003,0,0,0.003
60,40,Pass,56,6,55,0.005,0,0,0.003
60,40,Pass,56,8,60,0.007,0,0,0.002
60,40,Pass,56,10,65,0.009,0,0,0.001
60,40,Pass,56,12,76,0.012,0,0,0.001
60,40,Pass,56,14,92,0.016,0,0,0.001
60,40,Pass,56,16,102,0.021,0,0,0.001
60,40,Pass,56,18,106,0.026,0,0,0.001
60,40,Pass,56,20,110,0.029,0,0,0.001
60,40,Pass,56,22,119,0.032,0,0,0
60,40,Pass,56,24,126,0.035,0,0,0
60,40,Pass,56,26,132,0.034,0,0,0.001
60,40,Pass,56,28,136,0.03,0,0,0.002
60,40,Pass,56,30,143,0.025,0,0,0.003
60,40,Pass,56,32,141,0.024,0,0,0.004
60,40,Pass,56,34,151,0.029,0,0,0.003
60,40,Pass,56,36,165,0.037,0,0,0.002
60,40,Pass,56,38,171,0.043,0,0,0.002
60,40,Pass,56,40,163,0.045,0,0,0.003
60,40,Pass,56,42,173,0.042,0,0,0.003
60,40,Pass,56,44,176,0.037,0,0,0.003
60,40,Pass,56,46,178,0.03,0,0,0.003
60,40,Pass,56,48,167,0.024,0,0,0.003
60,40,Pass,56,50,154,0.023,0,0,0.002
60,40,Pass,56,52,146,0.03,1,0,0.001
60,40,Pass,56,54,140,0.04,1,0,0.001
60,40,Pass,56,56,133,0.05,1,0,0.001
60,40,Pass,56,58,127,0.057,1,0,0.002
60,40,Pass,56,60,119,0.058,1,0,0.003
60,40,Pass,56,62,112,0.054,1,0,0.004
60,40,Pass,56,64,109,0.045,1,0,0.005
60,40,Pass,56,66,103,0.033,1,0,0.004
60,40,Pass,56,68,88,0.021,1,0,0.003
60,40,Pass,56,70,73,0.013,1,0,0.002
60,40,Pass,56,72,65,0.008,1,0,0.001
60,40,Pass,56,74,47,0.005,1,0,0
60,40,Pass,56,76,33,0.004,0,0,0
60,40,Pass,56,78,16,0.004,0,0,0
60,40,Pass,56,80,10,0.004,0,0,0
60,40,Pass,54,0,18,0,0,0,0.001
60,40,Pass,54,2,25,0.001,0,0,0.001
60,40,Pass,54,4,30,0.002,0,0,0.001
60,40,Pass,54,6,47,0.004,0,0,0.001
60,40,Pass,54,8,52,0.006,0,0,0.001
60,40,Pass,54,10,59,0.008,0,0,0.001
60,40,Pass,54,12,68,0.012,0,0,0.001
60,40,Pass,54,14,82,0.016,0,0,0.002
60,40,Pass,54,16,92,0.021,0,0,0.002
60,40,Pass,54,18,97,0.025,0,0,0.002
60,40,Pass,54,20,100,0.028,0,0,0.001
60,40,Pass,54,22,112,0.031,0,0,0
60,40,Pass,54,24,117,0.033,0,0,0
60,40,Pass,54,26,124,0.034,0,0,0
60,40,Pass,54,28,129,0.033,0,0,0
60,40,Pass,54,30,145,0.029,0,0,0.001
60,40,Pass,54,32,141,0.029,0,0,0.001
60,40,Pass,54,34,165,0.037,0,0,0.001
60,40,Pass,54,36,169,0.052,0,0,0.001
60,40,Pass,54,38,171,0.068,0,0,0.001
60,40,Pass,54,40,169,0.077,0,0,0.001
60,40,Pass,54,42,171,0.074,0,0,0.001
60,40,Pass,54,44,169,0.062,0,0,0.001
60,40,Pass,54,46,168,0.045,0,0,0.001
60,40,Pass,54,48,173,0.03,0,0,0.001
60,40,Pass,54,50,166,0.025,1,0,0.001
60,40,Pass,54,52,157,0.029,1,0,0
60,40,Pass,54,54,137,0.038,1,0,0.001
60,40,Pass,54,56,123,0.049,1,0,0.001
60,40,Pass,54,58,123,0.058,1,0,0.003
60,40,Pass,54,60,112,0.061,1,0,0.006
60,40,Pass,54,62,109,0.056,1,0,0.008
60,40,Pass,54,64,102,0.044,1,0,0.01
60,40,Pass,54,66,93,0.031,1,0,0.009
60,40,Pass,54,68,83,0.019,1,0,0.007
60,40,Pass,54,70,66,0.011,1,0,0.004
60,40,Pass,54,72,57,0.006,1,0,0.002
60,40,Pass,54,74,40,0.004,1,0,0
60,40,Pass,54,76,23,0.005,0,0,0
60,40,Pass,54,78,15,0.006,0,0,0
60,40,Pass,54,80,9,0.007,0,0,0
60,40,Pass,52,0,13,0,0,0,0
60,40,Pass,52,2,19,0.001,0,0,0
60,40,Pass,52,4,26,0.001,0,0,0
60,40,Pass,52,6,40,0.003,0,0,0
60,40,Pass,52,8,50,0.005,0,0,0
60,40,Pass,52,10,54,0.008,0,0,0.001
60,40,Pass,52,12,63,0.012,0,0,0.002
60,40,Pass,52,14,73,0.015,0,0,0.002
60,40,Pass,52,16,83,0.018,0,0,0.003
60,40,Pass,52,18,91,0.021,0,0,0.002
60,40,Pass,52,20,93,0.024,0,0,0.001
60,40,Pass,52,22,104,0.027,0,0,0.001
60,40,Pass,52,24,106,0.03,0,0,0
60,40,Pass,52,26,115,0.034,0,0,0
60,40,Pass,52,28,128,0.035,0,0,0
60,40,Pass,52,30,137,0.034,0,0,0.001
60,40,Pass,52,32,150,0.036,0,0,0.001
60,40,Pass,52,34,162,0.049,0,0,0.001
60,40,Pass,52,36,165,0.075,0,0,0.001
60,40,Pass,52,38,170,0.11,0,0,0
60,40,Pass,52,40,161,0.139,0,0,0
60,40,Pass,52,42,164,0.145,0,0,0
60,40,Pass,52,44,165,0.125,0,0,0
60,40,Pass,52,46,158,0.089,0,0,0
60,40,Pass,52,48,160,0.054,0,0,0
60,40,Pass,52,50,166,0.033,1,0,0
60,40,Pass,52,52,158,0.028,1,0,0
60,40,Pass,52,54,140,0.033,1,0,0.001
60,40,Pass,52,56,116,0.041,1,0,0.003
60,40,Pass,52,58,104,0.049,1,0,0.005
60,40,Pass,52,60,98,0.054,1,0,0.009
60,40,Pass,52,62,96,0.049,1,0.001,0.013
60,40,Pass,52,64,90,0.038,1,0.001,0.016
60,40,Pass,52,66,84,0.026,1,0,0.016
60,40,Pass,52,68,63,0.016,1,0,0.012
60,40,Pass,52,70,57,0.009,1,0,0.007
60,40,Pass,52,72,48,0.005,1,0,0.003
60,40,Pass,52,74,29,0.003,1,0,0.001
60,40,Pass,52,76,22,0.005,1,0,0
60,40,Pass,52,78,14,0.007,0,0,0
60,40,Pass,52,80,8,0.008,0,0,0
60,40,Pass,50,0,12,0,0,0,0
60,40,Pass,50,2,14,0.001,0,0,0
60,40,Pass,50,4,20,0.001,0,0,0
60,40,Pass,50,6,30,0.003,0,0,0
60,40,Pass,50,8,41,0.005,0,0,0
60,40,Pass,50,10,47,0.009,0,0,0.001
60,40,Pass,50,12,51,0.013,0,0,0.001
60,40,Pass,50,14,63,0.015,0,0,0.002
60,40,Pass,50,16,73,0.015,0,0,0.002
60,40,Pass,50,18,84,0.017,0,0,0.002
60,40,Pass,50,20,84,0.019,0,0,0.001
60,40,Pass,50,22,91,0.022,0,0,0.001
60,40,Pass,50,24,96,0.027,0,0,0
60,40,Pass,50,26,106,0.034,0,0,0
60,40,Pass,50,28,112,0.038,0,0,0
60,40,Pass,50,30,124,0.039,0,0,0
60,40,Pass,50,32,148,0.042,0,0,0.001
60,40,Pass,50,34,154,0.061,0,0,0.001
60,40,Pass,50,36,162,0.105,0,0,0
60,40,Pass,50,38,161,0.175,0,0,0
60,40,Pass,50,40,150,0.243,0,0,0
60,40,Pass,50,42,150,0.274,0,0,0
60,40,Pass,50,44,151,0.246,0,0,0
60,40,Pass,50,46,150,0.178,0,0,0
60,40,Pass,50,48,148,0.106,0,0,0
60,40,Pass,50,50,159,0.055,1,0,0
60,40,Pass,50,52,150,0.032,1,0,0.001
60,40,Pass,50,54,135,0.026,1,0,0.003
60,40,Pass,50,56,108,0.03,1,0,0.005
60,40,Pass,50,58,89,0.036,1,0,0.008
60,40,Pass,50,60,88,0.039,1,0.001,0.013
60,40,Pass,50,62,82,0.036,1,0.001,0.018
60,40,Pass,50,64,77,0.028,1,0.001,0.022
60,40,Pass,50,66,67,0.019,1,0,0.022
60,40,Pass,50,68,55,0.011,1,0,0.017
60,40,Pass,50,70,46,0.006,1,0,0.01
60,40,Pass,50,72,39,0.003,1,0,0.004
60,40,Pass,50,74,28,0.002,1,0,0.001
60,40,Pass,50,76,18,0.004,1,0,0
60,40,Pass,50,78,11,0.006,0,0,0
60,40,Pass,50,80,8,0.007,0,0,0
60,40,Pass,48,0,10,0.001,0,0,0
60,40,Pass,48,2,13,0.001,0,0,0
60,40,Pass,48,4,16,0.001,0,0,0
60,40,Pass,48,6,24,0.003,0,0,0
60,40,Pass,48,8,35,0.007,0,0,0
60,40,Pass,48,10,43,0.012,0,0,0
60,40,Pass,48,12,51,0.015,0,0,0.001
60,40,Pass,48,14,54,0.017,0,0,0.001
60,40,Pass,48,16,68,0.016,0,0,0.001
60,40,Pass,48,18,76,0.016,0,0,0.001
60,40,Pass,48,20,78,0.017,0,0,0.001
60,40,Pass,48,22,82,0.02,0,0,0
60,40,Pass,48,24,88,0.026,0,0,0
60,40,Pass,48,26,97,0.033,0,0,0
60,40,Pass,48,28,100,0.04,0,0,0
60,40,Pass,48,30,121,0.043,0,0,0
60,40,Pass,48,32,140,0.048,0,0,0
60,40,Pass,48,34,154,0.073,0,0,0
60,40,Pass,48,36,147,0.139,0,0,0
60,40,Pass,48,38,146,0.25,0,0,0
60,40,Pass,48,40,142,0.369,0,0,0
60,40,Pass,48,42,139,0.433,0,0,0
60,40,Pass,48,44,142,0.401,0,0,0
60,40,Pass,48,46,143,0.295,0,0,0
60,40,Pass,48,48,142,0.175,0,0,0
60,40,Pass,48,50,152,0.087,1,0,0
60,40,Pass,48,52,146,0.04,1,0,0.002
60,40,Pass,48,54,130,0.023,1,0,0.006
60,40,Pass,48,56,103,0.021,1,0,0.01
60,40,Pass,48,58,82,0.023,1,0,0.013
60,40,Pass,48,60,75,0.025,1,0,0.016
60,40,Pass,48,62,71,0.023,1,0,0.021
60,40,Pass,48,64,68,0.018,1,0,0.024
60,40,Pass,48,66,58,0.013,1,0,0.023
60,40,Pass,48,68,49,0.008,1,0,0.017
60,40,Pass,48,70,44,0.005,1,0,0.009
60,40,Pass,48,72,35,0.002,1,0,0.004
60,40,Pass,48,74,23,0.002,1,0,0.001
60,40,Pass,48,76,17,0.002,0,0,0
60,40,Pass,48,78,10,0.004,0,0,0
60,40,Pass,48,80,5,0.004,0,0,0
60,40,Pass,46,0,9,0.001,0,0,0
60,40,Pass,46,2,11,0.001,0,0,0
60,40,Pass,46,4,15,0.002,0,0,0
60,40,Pass,46,6,21,0.003,0,0,0
60,40,Pass,46,8,27,0.007,0,0,0
60,40,Pass,46,10,36,0.013,0,0,0
60,40,Pass,46,12,48,0.017,0,0,0
60,40,Pass,46,14,54,0.019,0,0,0
60,40,Pass,46,16,61,0.019,0,0,0
60,40,Pass,46,18,68,0.019,0,0,0
60,40,Pass,46,20,74,0.019,0,0,0
60,40,Pass,46,22,79,0.02,0,0,0
60,40,Pass,46,24,87,0.024,0,0,0
60,40,Pass,46,26,81,0.032,0,0,0
60,40,Pass,46,28,97,0.039,0,0,0
60,40,Pass,46,30,122,0.044,0,0,0
60,40,Pass,46,32,131,0.052,0,0,0
60,40,Pass,46,34,141,0.084,0,0,0
60,40,Pass,46,36,142,0.163,0,0,0
60,40,Pass,46,38,137,0.299,0,0,0
60,40,Pass,46,40,137,0.451,0,0,0
60,40,Pass,46,42,134,0.539,0,0,0
60,40,Pass,46,44,134,0.508,0,0,0
60,40,Pass,46,46,133,0.379,0,0,0
60,40,Pass,46,48,135,0.226,0,0,0
60,40,Pass,46,50,137,0.11,0,0,0.001
60,40,Pass,46,52,137,0.047,1,0,0.003
60,40,Pass,46,54,128,0.022,1,0,0.011
60,40,Pass,46,56,104,0.015,1,0,0.02
60,40,Pass,46,58,85,0.015,1,0,0.02
60,40,Pass,46,60,70,0.015,1,0,0.019
60,40,Pass,46,62,62,0.015,1,0,0.019
60,40,Pass,46,64,59,0.013,1,0,0.018
60,40,Pass,46,66,52,0.01,1,0,0.014
60,40,Pass,46,68,48,0.007,1,0,0.009
60,40,Pass,46,70,39,0.004,1,0,0.005
60,40,Pass,46,72,30,0.002,1,0,0.002
60,40,Pass,46,74,20,0.001,1,0,0.001
60,40,Pass,46,76,15,0.001,0,0,0
60,40,Pass,46,78,8,0.002,0,0,0
60,40,Pass,46,80,5,0.002,0,0,0
60,40,Pass,44,0,7,0.001,0,0,0
60,40,Pass,44,2,9,0.001,0,0,0
60,40,Pass,44,4,10,0.002,0,0,0
60,40,Pass,44,6,15,0.003,0,0,0
60,40,Pass,44,8,18,0.006,0,0,0
60,40,Pass,44,10,23,0.011,0,0,0
60,40,Pass,44,12,33,0.015,0,0,0
60,40,Pass,44,14,40,0.018,0,0,0
60,40,Pass,44,16,46,0.019,0,0,0
60,40,Pass,44,18,52,0.02,0,0,0
60,40,Pass,44,20,60,0.019,0,0,0
60,40,Pass,44,22,63,0.018,0,0,0
60,40,Pass,44,24,69,0.02,0,0,0
60,40,Pass,44,26,68,0.026,0,0,0
60,40,Pass,44,28,83,0.034,0,0,0
60,40,Pass,44,30,107,0.041,0,0,0
60,40,Pass,44,32,126,0.052,0,0,0
60,40,Pass,44,34,131,0.085,0,0,0
60,40,Pass,44,36,134,0.161,0,0,0
60,40,Pass,44,38,129,0.288,0,0,0
60,40,Pass,44,40,132,0.432,0,0,0
60,40,Pass,44,42,128,0.518,0,0,0
60,40,Pass,44,44,121,0.492,0,0,0
60,40,Pass,44,46,118,0.369,0,0,0
60,40,Pass,44,48,113,0.222,0,0,0
60,40,Pass,44,50,111,0.107,0,0,0.001
60,40,Pass,44,52,116,0.044,1,0,0.004
60,40,Pass,44,54,108,0.019,1,0,0.016
60,40,Pass,44,56,88,0.012,1,0,0.03
60,40,Pass,44,58,72,0.011,1,0,0.028
60,40,Pass,44,60,61,0.011,1,0,0.02
60,40,Pass,44,62,54,0.011,1,0,0.013
60,40,Pass,44,64,48,0.011,1,0,0.008
60,40,Pass,44,66,40,0.01,1,0,0.005
60,40,Pass,44,68,36,0.008,1,0,0.003
60,40,Pass,44,70,34,0.005,1,0,0.002
60,40,Pass,44,72,19,0.002,1,0,0.001
60,40,Pass,44,74,14,0.001,1,0,0
60,40,Pass,44,76,8,0.001,0,0,0
60,40,Pass,44,78,7,0,0,0,0
60,40,Pass,44,80,4,0.001,0,0,0
60,40,Pass,42,0,5,0.001,0,0,0
60,40,Pass,42,2,5,0.001,0,0,0
60,40,Pass,42,4,7,0.001,0,0,0
60,40,Pass,42,6,10,0.002,0,0,0
60,40,Pass,42,8,14,0.004,0,0,0
60,40,Pass,42,10,16,0.007,0,0,0
60,40,Pass,42,12,17,0.01,0,0,0
60,40,Pass,42,14,24,0.013,0,0,0
60,40,Pass,42,16,30,0.016,0,0,0
60,40,Pass,42,18,35,0.017,0,0,0
60,40,Pass,42,20,46,0.016,0,0,0
60,40,Pass,42,22,53,0.014,0,0,0
60,40,Pass,42,24,55,0.014,0,0,0
60,40,Pass,42,26,52,0.018,0,0,0
60,40,Pass,42,28,67,0.025,0,0,0
60,40,Pass,42,30,95,0.032,0,0,0
60,40,Pass,42,32,113,0.044,0,0,0
60,40,Pass,42,34,121,0.073,0,0,0.001
60,40,Pass,42,36,119,0.131,0,0,0.001
60,40,Pass,42,38,118,0.223,0,0,0.001
60,40,Pass,42,40,119,0.324,0,0,0.001
60,40,Pass,42,42,115,0.385,0,0,0.001
60,40,Pass,42,44,110,0.365,0,0,0
60,40,Pass,42,46,103,0.274,0,0,0
60,40,Pass,42,48,99,0.164,0,0,0
60,40,Pass,42,50,94,0.079,0,0,0.001
60,40,Pass,42,52,91,0.032,0,0,0.005
60,40,Pass,42,54,83,0.013,1,0,0.019
60,40,Pass,42,56,66,0.009,1,0,0.034
60,40,Pass,42,58,55,0.009,1,0,0.03
60,40,Pass,42,60,46,0.009,1,0,0.018
60,40,Pass,42,62,42,0.01,1,0,0.008
60,40,Pass,42,64,37,0.011,1,0,0.003
60,40,Pass,42,66,30,0.011,1,0,0.001
60,40,Pass,42,68,26,0.008,1,0,0.001
60,40,Pass,42,70,19,0.005,1,0,0
60,40,Pass,42,72,16,0.002,1,0,0
60,40,Pass,42,74,7,0.001,0,0,0
60,40,Pass,42,76,7,0,0,0,0
60,40,Pass,42,78,6,0,0,0,0
60,40,Pass,42,80,3,0,0,0,0
60,40,Pass,40,0,3,0,0,0,0
60,40,Pass,40,2,5,0,0,0,0
60,40,Pass,40,4,5,0,0,0,0
60,40,Pass,40,6,7,0.001,0,0,0
60,40,Pass,40,8,8,0.002,0,0,0
60,40,Pass,40,10,10,0.003,0,0,0
60,40,Pass,40,12,13,0.005,0,0,0
60,40,Pass,40,14,16,0.007,0,0,0
60,40,Pass,40,16,19,0.009,0,0,0
60,40,Pass,40,18,23,0.011,0,0,0
60,40,Pass,40,20,31,0.01,0,0,0
60,40,Pass,40,22,33,0.008,0,0,0
60,40,Pass,40,24,42,0.008,0,0,0
60,40,Pass,40,26,46,0.01,0,0,0
60,40,Pass,40,28,54,0.015,0,0,0
60,40,Pass,40,30,71,0.022,0,0,0
60,40,Pass,40,32,91,0.032,0,0,0.001
60,40,Pass,40,34,107,0.054,0,0,0.001
60,40,Pass,40,36,108,0.091,0,0,0.002
60,40,Pass,40,38,109,0.144,0,0,0.002
60,40,Pass,40,40,110,0.198,0,0,0.002
60,40,Pass,40,42,100,0.226,0,0,0.002
60,40,Pass,40,44,99,0.21,0,0,0.001
60,40,Pass,40,46,95,0.156,0,0,0.001
60,40,Pass,40,48,90,0.093,0,0,0
60,40,Pass,40,50,82,0.044,0,0,0.001
60,40,Pass,40,52,79,0.018,0,0,0.005
60,40,Pass,40,54,69,0.008,0,0,0.02
60,40,Pass,40,56,48,0.006,1,0,0.031
60,40,Pass,40,58,39,0.006,1,0,0.025
60,40,Pass,40,60,33,0.007,1,0,0.013
60,40,Pass,40,62,32,0.008,1,0,0.005
60,40,Pass,40,64,24,0.01,1,0,0.001
60,40,Pass,40,66,21,0.009,1,0,0
60,40,Pass,40,68,20,0.007,1,0,0
60,40,Pass,40,70,13,0.004,1,0,0
60,40,Pass,40,72,9,0.002,0,0,0
60,40,Pass,40,74,8,0.001,0,0,0
60,40,Pass,40,76,6,0,0,0,0
60,40,Pass,40,78,5,0,0,0,0
60,40,Pass,40,80,3,0,0,0,0
60,40,Pass,38,0,1,0,0,0,0
60,40,Pass,38,2,3,0,0,0,0
60,40,Pass,38,4,3,0,0,0,0
60,40,Pass,38,6,7,0,0,0,0
60,40,Pass,38,8,7,0,0,0,0
60,40,Pass,38,10,7,0.001,0,0,0
60,40,Pass,38,12,9,0.002,0,0,0
60,40,Pass,38,14,7,0.003,0,0,0
60,40,Pass,38,16,11,0.004,0,0,0
60,40,Pass,38,18,17,0.005,0,0,0
60,40,Pass,38,20,21,0.005,0,0,0
60,40,Pass,38,22,28,0.004,0,0,0
60,40,Pass,38,24,35,0.003,0,0,0
60,40,Pass,38,26,38,0.005,0,0,0
60,40,Pass,38,28,44,0.008,0,0,0
60,40,Pass,38,30,54,0.013,0,0,0
60,40,Pass,38,32,77,0.022,0,0,0.001
60,40,Pass,38,34,92,0.037,0,0,0.002
60,40,Pass,38,36,97,0.061,0,0,0.003
60,40,Pass,38,38,101,0.087,0,0,0.003
60,40,Pass,38,40,97,0.107,0,0,0.003
60,40,Pass,38,42,95,0.112,0,0,0.003
60,40,Pass,38,44,90,0.098,0,0,0.002
60,40,Pass,38,46,87,0.07,0,0,0.001
60,40,Pass,38,48,88,0.042,0,0,0.001
60,40,Pass,38,50,82,0.021,0,0,0.001
60,40,Pass,38,52,69,0.009,0,0,0.004
60,40,Pass,38,54,51,0.005,0,0,0.014
60,40,Pass,38,56,38,0.004,0,0,0.021
60,40,Pass,38,58,26,0.005,0,0,0.014
60,40,Pass,38,60,22,0.006,1,0,0.006
60,40,Pass,38,62,21,0.007,1,0,0.002
60,40,Pass,38,64,16,0.008,1,0,0.001
60,40,Pass,38,66,13,0.007,0,0,0
60,40,Pass,38,68,11,0.004,0,0,0
60,40,Pass,38,70,10,0.002,0,0,0
60,40,Pass,38,72,8,0.001,0,0,0
60,40,Pass,38,74,6,0,0,0,0
60,40,Pass,38,76,4,0,0,0,0
60,40,Pass,38,78,4,0,0,0,0
60,40,Pass,38,80,2,0,0,0,0
60,40,Pass,36,0,1,0,0,0,0
60,40,Pass,36,2,1,0,0,0,0
60,40,Pass,36,4,2,0,0,0,0
60,40,Pass,36,6,4,0,0,0,0
60,40,Pass,36,8,5,0,0,0,0
60,40,Pass,36,10,5,0,0,0,0
60,40,Pass,36,12,7,0,0,0,0
60,40,Pass,36,14,6,0.001,0,0,0
60,40,Pass,36,16,6,0.001,0,0,0
60,40,Pass,36,18,14,0.002,0,0,0
60,40,Pass,36,20,18,0.002,0,0,0
60,40,Pass,36,22,22,0.001,0,0,0
60,40,Pass,36,24,26,0.001,0,0,0
60,40,Pass,36,26,34,0.003,0,0,0
60,40,Pass,36,28,38,0.005,0,0,0
60,40,Pass,36,30,45,0.009,0,0,0
60,40,Pass,36,32,53,0.016,0,0,0.001
60,40,Pass,36,34,75,0.028,0,0,0.001
60,40,Pass,36,36,88,0.044,0,0,0.002
60,40,Pass,36,38,91,0.057,0,0,0.003
60,40,Pass,36,40,90,0.061,0,0,0.004
60,40,Pass,36,42,88,0.053,0,0,0.004
60,40,Pass,36,44,83,0.04,0,0,0.003
60,40,Pass,36,46,82,0.027,0,0,0.002
60,40,Pass,36,48,75,0.017,0,0,0.001
60,40,Pass,36,50,70,0.01,0,0,0.001
60,40,Pass,36,52,53,0.006,0,0,0.002
60,40,Pass,36,54,32,0.004,0,0,0.005
60,40,Pass,36,56,24,0.003,0,0,0.008
60,40,Pass,36,58,16,0.004,0,0,0.005
60,40,Pass,36,60,14,0.006,0,0,0.002
60,40,Pass,36,62,12,0.007,0,0,0.001
60,40,Pass,36,64,11,0.006,0,0,0
60,40,Pass,36,66,9,0.005,0,0,0
60,40,Pass,36,68,8,0.003,0,0,0
60,40,Pass,36,70,7,0.001,0,0,0
60,40,Pass,36,72,5,0,0,0,0
60,40,Pass,36,74,5,0,0,0,0
60,40,Pass,36,76,4,0,0,0,0
60,40,Pass,36,78,2,0,0,0,0
60,40,Pass,36,80,2,0,0,0,0
60,40,Pass,34,0,1,0,0,0,0
60,40,Pass,34,2,1,0,0,0,0
60,40,Pass,34,4,1,0,0,0,0
60,40,Pass,34,6,1,0,0,0,0
60,40,Pass,34,8,3,0,0,0,0
60,40,Pass,34,10,4,0,0,0,0
60,40,Pass,34,12,3,0,0,0,0
60,40,Pass,34,14,6,0,0,0,0
60,40,Pass,34,16,7,0,0,0,0
60,40,Pass,34,18,9,0,0,0,0
60,40,Pass,34,20,13,0,0,0,0
60,40,Pass,34,22,16,0.001,0,0,0
60,40,Pass,34,24,20,0.001,0,0,0
60,40,Pass,34,26,28,0.002,0,0,0
60,40,Pass,34,28,29,0.004,0,0,0
60,40,Pass,34,30,32,0.007,0,0,0
60,40,Pass,34,32,37,0.013,0,0,0
60,40,Pass,34,34,46,0.022,0,0,0.001
60,40,Pass,34,36,61,0.034,0,0,0.001
60,40,Pass,34,38,72,0.042,0,0,0.002
60,40,Pass,34,40,75,0.04,0,0,0.003
60,40,Pass,34,42,77,0.029,0,0,0.003
60,40,Pass,34,44,75,0.018,0,0,0.003
60,40,Pass,34,46,67,0.011,0,0,0.002
60,40,Pass,34,48,58,0.008,0,0,0.001
60,40,Pass,34,50,50,0.007,0,0,0
60,40,Pass,34,52,35,0.005,0,0,0.001
60,40,Pass,34,54,24,0.003,0,0,0.001
60,40,Pass,34,56,18,0.003,0,0,0.002
60,40,Pass,34,58,13,0.003,0,0,0.001
60,40,Pass,34,60,12,0.005,0,0,0
60,40,Pass,34,62,12,0.006,0,0,0
60,40,Pass,34,64,9,0.006,0,0,0
60,40,Pass,34,66,7,0.004,0,0,0
60,40,Pass,34,68,8,0.002,0,0,0
60,40,Pass,34,70,6,0.001,0,0,0
60,40,Pass,34,72,5,0,0,0,0
60,40,Pass,34,74,5,0,0,0,0
60,40,Pass,34,76,4,0,0,0,0
60,40,Pass,34,78,1,0,0,0,0
60,40,Pass,32,0,1,0,0,0,0
60,40,Pass,32,2,1,0,0,0,0
60,40,Pass,32,4,1,0,0,0,0
60,40,Pass,32,6,1,0,0,0,0
60,40,Pass,32,10,1,0,0,0,0
60,40,Pass,32,12,2,0,0,0,0
60,40,Pass,32,14,4,0,0,0,0
60,40,Pass,32,16,5,0,0,0,0
60,40,Pass,32,18,8,0,0,0,0
60,40,Pass,32,20,9,0,0,0,0
60,40,Pass,32,22,13,0,0,0,0
60,40,Pass,32,24,15,0.001,0,0,0
60,40,Pass,32,26,16,0.001,0,0,0
60,40,Pass,32,28,21,0.003,0,0,0
60,40,Pass,32,30,27,0.005,0,0,0
60,40,Pass,32,32,29,0.009,0,0,0
60,40,Pass,32,34,31,0.015,0,0,0
60,40,Pass,32,36,35,0.024,0,0,0.001
60,40,Pass,32,38,45,0.029,0,0,0.001
60,40,Pass,32,40,52,0.027,0,0,0.001
60,40,Pass,32,42,54,0.018,0,0,0.002
60,40,Pass,32,44,48,0.01,0,0,0.002
60,40,Pass,32,46,41,0.006,0,0,0.001
60,40,Pass,32,48,32,0.005,0,0,0
60,40,Pass,32,50,30,0.005,0,0,0
60,40,Pass,32,52,19,0.004,0,0,0
60,40,Pass,32,54,13,0.003,0,0,0
60,40,Pass,32,56,10,0.002,0,0,0
60,40,Pass,32,58,12,0.003,0,0,0
60,40,Pass,32,60,12,0.004,0,0,0
60,40,Pass,32,62,11,0.005,0,0,0
60,40,Pass,32,64,9,0.004,0,0,0
60,40,Pass,32,66,6,0.002,0,0,0
60,40,Pass,32,68,5,0.001,0,0,0
60,40,Pass,32,70,4,0,0,0,0
60,40,Pass,32,72,4,0,0,0,0
60,40,Pass,32,74,4,0,0,0,0
60,40,Pass,32,76,1,0,0,0,0
60,40,Pass,30,12,1,0,0,0,0
60,40,Pass,30,14,2,0,0,0,0
60,40,Pass,30,16,2,0,0,0,0
60,40,Pass,30,18,6,0,0,0,0
60,40,Pass,30,20,7,0,0,0,0
60,40,Pass,30,22,8,0,0,0,0
60,40,Pass,30,24,8,0,0,0,0
60,40,Pass,30,26,14,0.001,0,0,0
60,40,Pass,30,28,15,0.001,0,0,0
60,40,Pass,30,30,15,0.002,0,0,0
60,40,Pass,30,32,20,0.005,0,0,0
60,40,Pass,30,34,19,0.009,0,0,0
60,40,Pass,30,36,23,0.014,0,0,0
60,40,Pass,30,38,25,0.017,0,0,0
60,40,Pass,30,40,28,0.016,0,0,0
60,40,Pass,30,42,25,0.011,0,0,0.001
60,40,Pass,30,44,24,0.005,0,0,0.001
60,40,Pass,30,46,21,0.003,0,0,0.001
60,40,Pass,30,48,17,0.003,0,0,0
60,40,Pass,30,50,13,0.003,0,0,0
60,40,Pass,30,52,11,0.002,0,0,0
60,40,Pass,30,54,8,0.002,0,0,0
60,40,Pass,30,56,8,0.001,0,0,0
60,40,Pass,30,58,8,0.001,0,0,0
60,40,Pass,30,60,10,0.002,0,0,0
60,40,Pass,30,62,9,0.003,0,0,0
60,40,Pass,30,64,5,0.002,0,0,0
60,40,Pass,30,66,4,0.001,0,0,0
60,40,Pass,30,68,3,0.001,0,0,0
60,40,Pass,30,70,3,0,0,0,0
60,40,Pass,30,72,2,0,0,0,0
60,40,Pass,30,74,1,0,0,0,0
60,40,Pass,28,16,2,0,0,0,0
60,40,Pass,28,18,3,0,0,0,0
60,40,Pass,28,20,3,0,0,0,0
60,40,Pass,28,22,5,0,0,0,0
60,40,Pass,28,24,6,0,0,0,0
60,40,Pass,28,26,8,0,0,0,0
60,40,Pass,28,28,9,0.001,0,0,0
60,40,Pass,28,30,11,0.001,0,0,0
60,40,Pass,28,32,12,0.002,0,0,0
60,40,Pass,28,34,15,0.004,0,0,0
60,40,Pass,28,36,14,0.006,0,0,0
60,40,Pass,28,38,14,0.008,0,0,0
60,40,Pass,28,40,18,0.007,0,0,0
60,40,Pass,28,42,16,0.005,0,0,0
60,40,Pass,28,44,17,0.002,0,0,0
60,40,Pass,28,46,17,0.001,0,0,0
60,40,Pass,28,48,11,0.001,0,0,0
60,40,Pass,28,50,8,0.001,0,0,0
60,40,Pass,28,52,6,0.001,0,0,0
60,40,Pass,28,54,6,0.001,0,0,0
60,40,Pass,28,56,6,0,0,0,0
60,40,Pass,28,58,7,0.001,0,0,0
60,40,Pass,28,60,7,0.001,0,0,0
60,40,Pass,28,62,4,0.001,0,0,0
60,40,Pass,28,64,2,0.001,0,0,0
60,40,Pass,28,66,2,0,0,0,0
60,40,Pass,28,68,1,0,0,0,0
60,40,Pass,28,70,1,0,0,0,0
60,40,Pass,28,72,1,0,0,0,0
60,40,Pass,26,16,1,0,0,0,0
60,40,Pass,26,18,2,0,0,0,0
60,40,Pass,26,20,2,0,0,0,0
60,40,Pass,26,22,4,0,0,0,0
60,40,Pass,26,24,6,0,0,0,0
60,40,Pass,26,26,6,0,0,0,0
60,40,Pass,26,28,9,0,0,0,0
60,40,Pass,26,30,9,0,0,0,0
60,40,Pass,26,32,10,0.001,0,0,0
60,40,Pass,26,34,10,0.001,0,0,0
60,40,Pass,26,36,10,0.002,0,0,0
60,40,Pass,26,38,10,0.003,0,0,0
60,40,Pass,26,40,12,0.003,0,0,0
60,40,Pass,26,42,12,0.002,0,0,0
60,40,Pass,26,44,11,0.001,0,0,0
60,40,Pass,26,46,9,0,0,0,0
60,40,Pass,26,48,8,0,0,0,0
60,40,Pass,26,50,6,0,0,0,0
60,40,Pass,26,52,6,0,0,0,0
60,40,Pass,26,54,6,0,0,0,0
60,40,Pass,26,56,6,0,0,0,0
60,40,Pass,26,58,6,0,0,0,0
60,40,Pass,26,60,5,0,0,0,0
60,40,Pass,26,62,3,0,0,0,0
60,40,Pass,26,64,2,0,0,0,0
60,40,Pass,26,66,2,0,0,0,0
60,40,Pass,26,68,1,0,0,0,0
60,40,Pass,26,70,1,0,0,0,0
60,40,Pass,26,72,1,0,0,0,0
60,40,Pass,24,18,1,0,0,0,0
60,40,Pass,24,20,2,0,0,0,0
60,40,Pass,24,22,2,0,0,0,0
60,40,Pass,24,24,4,0,0,0,0
60,40,Pass,24,26,5,0,0,0,0
60,40,Pass,24,28,6,0,0,0,0
60,40,Pass,24,30,8,0,0,0,0
60,40,Pass,24,32,8,0,0,0,0
60,40,Pass,24,34,8,0,0,0,0
60,40,Pass,24,36,9,0,0,0,0
60,40,Pass,24,38,9,0.001,0,0,0
60,40,Pass,24,40,8,0.001,0,0,0
60,40,Pass,24,42,8,0,0,0,0
60,40,Pass,24,44,10,0,0,0,0
60,40,Pass,24,46,7,0,0,0,0
60,40,Pass,24,48,6,0,0,0,0
60,40,Pass,24,50,5,0,0,0,0
60,40,Pass,24,52,5,0,0,0,0
60,40,Pass,24,54,6,0,0,0,0
60,40,Pass,24,56,5,0,0,0,0
60,40,Pass,24,58,5,0,0,0,0
60,40,Pass,24,60,3,0,0,0,0
60,40,Pass,24,62,3,0,0,0,0
60,40,Pass,24,64,2,0,0,0,0
60,40,Pass,24,66,2,0,0,0,0
60,40,Pass,24,68,1,0,0,0,0
60,40,Pass,24,70,1,0,0,0,0
60,40,Pass,22,20,1,0,0,0,0
60,40,Pass,22,22,2,0,0,0,0
60,40,Pass,22,24,2,0,0,0,0
60,40,Pass,22,26,2,0,0,0,0
60,40,Pass,22,28,4,0,0,0,0
60,40,Pass,22,30,5,0,0,0,0
60,40,Pass,22,32,6,0,0,0,0
60,40,Pass,22,34,6,0,0,0,0
60,40,Pass,22,36,6,0,0,0,0
60,40,Pass,22,38,6,0,0,0,0
60,40,Pass,22,40,6,0,0,0,0
60,40,Pass,22,42,6,0,0,0,0
60,40,Pass,22,44,5,0,0,0,0
60,40,Pass,22,46,5,0,0,0,0
60,40,Pass,22,48,5,0,0,0,0
60,40,Pass,22,50,4,0,0,0,0
60,40,Pass,22,52,4,0,0,0,0
60,40,Pass,22,54,4,0,0,0,0
60,40,Pass,22,56,2,0,0,0,0
60,40,Pass,22,58,3,0,0,0,0
60,40,Pass,22,60,3,0,0,0,0
60,40,Pass,22,62,3,0,0,0,0
60,40,Pass,22,64,3,0,0,0,0
60,40,Pass,22,66,1,0,0,0,0
60,40,Pass,20,26,1,0,0,0,0
60,40,Pass,20,28,2,0,0,0,0
60,40,Pass,20,30,1,0,0,0,0
60,40,Pass,20,32,3,0,0,0,0
60,40,Pass,20,34,3,0,0,0,0
60,40,Pass,20,36,4,0,0,0,0
60,40,Pass,20,38,4,0,0,0,0
60,40,Pass,20,40,4,0,0,0,0
60,40,Pass,20,42,4,0,0,0,0
60,40,Pass,20,44,3,0,0,0,0
60,40,Pass,20,46,3,0,0,0,0
60,40,Pass,20,48,3,0,0,0,0
60,40,Pass,20,50,3,0,0,0,0
60,40,Pass,20,52,2,0,0,0,0
60,40,Pass,20,54,2,0,0,0,0
60,40,Pass,20,56,2,0,0,0,0
60,40,Pass,20,58,2,0,0,0,0
60,40,Pass,20,60,2,0,0,0,0
60,40,Pass,20,62,2,0,0,0,0
60,40,Pass,20,64,1,0,0,0,0
60,40,Pass,18,30,1,0,0,0,0
60,40,Pass,18,32,1,0,0,0,0
60,40,Pass,18,34,1,0,0,0,0
60,40,Pass,18,36,1,0,0,0,0
60,40,Pass,18,38,1,0,0,0,0
60,40,Pass,18,40,2,0,0,0,0
60,40,Pass,18,42,3,0,0,0,0
60,40,Pass,18,44,3,0,0,0,0
60,40,Pass,18,46,3,0,0,0,0
60,40,Pass,18,48,3,0,0,0,0
60,40,Pass,18,50,3,0,0,0,0
60,40,Pass,18,52,3,0,0,0,0
60,40,Pass,18,54,2,0,0,0,0
60,40,Pass,18,56,2,0,0,0,0
60,40,Pass,18,58,2,0,0,0,0
60,40,Pass,18,60,2,0,0,0,0
60,40,Pass,18,62,2,0,0,0,0
60,40,Pass,18,64,1,0,0,0,0
60,40,Pass,16,28,1,0,0,0,0
60,40,Pass,16,30,1,0,0,0,0
60,40,Pass,16,32,1,0,0,0,0
60,40,Pass,16,34,1,0,0,0,0
60,40,Pass,16,36,1,0,0,0,0
60,40,Pass,16,38,1,0,0,0,0
60,40,Pass,16,40,2,0.001,0,0,0
60,40,Pass,16,42,2,0.001,0,0,0
60,40,Pass,16,44,3,0,0,0,0
60,40,Pass,16,46,3,0,0,0,0
60,40,Pass,16,48,3,0,0,0,0
60,40,Pass,16,50,3,0,0,0,0
60,40,Pass,16,52,3,0,0,0,0
60,40,Pass,16,54,2,0,0,0,0
60,40,Pass,16,56,2,0,0,0,0
60,40,Pass,16,58,2,0,0,0,0
60,40,Pass,16,60,2,0,0,0,0
60,40,Pass,16,62,2,0,0,0,0
60,40,Pass,14,28,1,0,0,0,0
60,40,Pass,14,30,1,0,0,0,0
60,40,Pass,14,32,1,0,0,0,0
60,40,Pass,14,34,1,0,0,0,0
60,40,Pass,14,36,1,0,0,0,0
60,40,Pass,14,38,1,0.001,0,0,0
60,40,Pass,14,40,1,0.001,0,0,0
60,40,Pass,14,42,2,0.001,0,0,0
60,40,Pass,14,44,2,0.001,0,0,0
60,40,Pass,14,46,3,0,0,0,0
60,40,Pass,14,48,3,0,0,0,0
60,40,Pass,14,50,3,0,0,0,0
60,40,Pass,14,52,3,0,0,0,0
60,40,Pass,14,54,2,0,0,0,0
60,40,Pass,14,56,2,0,0,0,0
60,40,Pass,14,58,2,0,0,0,0
60,40,Pass,14,60,1,0,0,0,0
60,40,Pass,12,28,1,0,0,0,0
60,40,Pass,12,30,1,0,0,0,0
60,40,Pass,12,32,1,0,0,0,0
60,40,Pass,12,34,1,0,0,0,0
60,40,Pass,12,36,1,0.001,0,0,0
60,40,Pass,12,38,1,0.001,0,0,0
60,40,Pass,12,40,1,0.001,0,0,0
60,40,Pass,12,42,1,0.001,0,0,0
60,40,Pass,12,44,2,0.001,0,0,0
60,40,Pass,12,46,2,0,0,0,0
60,40,Pass,12,48,2,0,0,0,0
60,40,Pass,12,50,2,0,0,0,0
60,40,Pass,12,52,2,0,0,0,0
60,40,Pass,12,54,1,0,0,0,0
60,40,Pass,12,56,1,0,0,0,0
60,40,Pass,12,58,1,0,0,0,0
60,40,Pass,10,28,1,0,0,0,0
60,40,Pass,10,30,1,0,0,0,0
60,40,Pass,10,32,1,0,0,0,0
60,40,Pass,10,34,1,0,0,0,0
60,40,Pass,10,36,1,0,0,0,0
60,40,Pass,10,38,1,0.001,0,0,0
60,40,Pass,10,40,1,0.001,0,0,0
60,40,Pass,10,42,1,0.001,0,0,0
60,40,Pass,10,44,1,0.001,0,0,0
60,40,Pass,10,46,1,0,0,0,0
60,40,Pass,10,48,2,0,0,0,0
60,40,Pass,10,50,2,0,0,0,0
60,40,Pass,10,52,2,0,0,0,0
60,40,Pass,8,28,1,0,0,0,0
60,40,Pass,8,30,1,0,0,0,0
60,40,Pass,8,32,1,0,0,0,0
60,40,Pass,8,34,1,0,0,0,0
60,40,Pass,8,36,1,0,0,0,0
60,40,Pass,8,38,1,0.001,0,0,0
60,40,Pass,8,40,1,0.001,0,0,0
60,40,Pass,8,42,1,0.001,0,0,0
60,40,Pass,8,44,1,0,0,0,0
60,40,Pass,8,46,1,0,0,0,0
60,40,Pass,8,48,1,0,0,0,0
60,40,Pass,8,50,1,0,0,0,0
60,40,Pass,8,52,1,0,0,0,0
60,40,Pass,6,30,1,0,0,0,0
60,40,Pass,6,32,1,0,0,0,0
60,40,Pass,6,34,1,0,0,0,0
60,40,Pass,6,36,1,0,0,0,0
60,40,Pass,6,38,1,0,0,0,0
60,40,Pass,6,40,1,0,0,0,0
60,40,Pass,6,42,1,0,0,0,0
60,40,Pass,6,44,1,0,0,0,0
60,40,Pass,6,46,1,0,0,0,0
60,40,Pass,6,48,1,0,0,0,0
60,40,Pass,6,50,1,0,0,0,0
60,40,Pass,6,52,1,0,0,0,0
60,40,Pass,4,30,1,0,0,0,0
60,40,Pass,4,32,1,0,0,0,0
60,40,Pass,4,34,1,0,0,0,0
60,40,Pass,4,36,1,0,0,0,0
60,40,Pass,4,38,1,0,0,0,0
60,40,Pass,4,40,1,0,0,0,0
60,40,Pass,4,42,1,0,0,0,0
60,40,Pass,4,44,1,0,0,0,0
60,40,Pass,4,46,1,0,0,0,0
60,40,Pass,4,48,1,0,0,0,0
60,40,Pass,4,50,1,0,0,0,0
60,40,Pass,2,32,1,0,0,0,0
60,40,Pass,2,34,1,0,0,0,0
60,40,Pass,2,36,1,0,0,0,0
60,40,Pass,2,38,1,0,0,0,0
60,40,Pass,2,40,1,0,0,0,0
60,40,Pass,2,42,1,0,0,0,0
60,40,Pass,2,44,1,0,0,0,0
60,40,Pass,2,46,1,0,0,0,0
60,40,Pass,2,48,1,0,0,0,0
60,40,Pass,0,36,1,0,0,0,0
60,40,Pass,0,38,1,0,0,0,0
60,40,Pass,0,40,1,0,0,0,0
60,40,Pass,0,42,1,0,0,0,0
60,40,Pass,0,44,1,0,0,0,0
60,40,Pass,0,46,1,0,0,0,0
60,40,Move,116,30,1,0,0,0,0.445
60,40,Move,116,32,1,0,0,0,0.445
60,40,Move,116,34,1,0,0,0,0.445
60,40,Move,116,36,1,0,0,0,0.445
60,40,Move,116,38,1,0,0,0,0.445
60,40,Move,116,40,1,0,0,0,0.445
60,40,Move,114,28,1,0,0,0,0.445
60,40,Move,114,30,1,0,0,0,0.445
60,40,Move,114,32,1,0,0,0,0.445
60,40,Move,114,34,1,0,0,0,0.445
60,40,Move,114,36,1,0,0,0,0.445
60,40,Move,114,38,1,0,0,0,0.445
60,40,Move,114,40,1,0,0,0,0.445
60,40,Move,114,42,1,0,0,0,0.445
60,40,Move,114,44,1,0,0,0,0.445
60,40,Move,112,26,1,0,0,0,0.445
60,40,Move,112,28,1,0,0,0,0.445
60,40,Move,112,30,1,0,0,0,0.445
60,40,Move,112,32,1,0,0,0,0.445
60,40,Move,112,34,1,0,0,0,0.445
60,40,Move,112,36,1,0,0,0,0.445
60,40,Move,112,38,1,0,0,0,0.445
60,40,Move,112,40,1,0,0,0,0.445
60,40,Move,112,42,1,0,0,0,0.445
60,40,Move,112,44,1,0,0,0,0.445
60,40,Move,112,46,1,0,0,0,0.445
60,40,Move,110,24,1,0,0,0,0.445
60,40,Move,110,26,1,0,0,0,0.445
60,40,Move,110,28,1,0,0,0,0.445
60,40,Move,110,30,1,0,0,0,0.445
60,40,Move,110,32,1,0,0,0,0.445
60,40,Move,110,34,1,0.001,0,0,0.445
60,40,Move,110,36,1,0.001,0,0,0.445
60,40,Move,110,38,1,0,0,0,0.445
60,40,Move,110,40,1,0,0,0,0.445
60,40,Move,110,42,1,0,0,0,0.445
60,40,Move,110,44,1,0,0,0,0.445
60,40,Move,110,46,1,0,0,0,0.445
60,40,Move,108,20,1,0,0,0,0
60,40,Move,108,22,1,0,0,0,0
60,40,Move,108,24,2,0,0,0,0.431
60,40,Move,108,26,2,0,0,0,0.442
60,40,Move,108,28,2,0,0,0,0.444
60,40,Move,108,30,2,0,0,0,0.445
60,40,Move,108,32,1,0.001,0,0,0.445
60,40,Move,108,34,1,0.001,0,0.001,0.445
60,40,Move,108,36,1,0.001,0,0.001,0.445
60,40,Move,108,38,1,0.001,0,0,0.445
60,40,Move,108,40,1,0,0,0,0.445
60,40,Move,108,42,1,0,0,0,0.445
60,40,Move,108,44,1,0,0,0,0.445
60,40,Move,108,46,1,0,0,0,0.445
60,40,Move,108,48,1,0,0,0,0.445
60,40,Move,106,18,1,0,0,0,0
60,40,Move,106,20,1,0,0,0,0
60,40,Move,106,22,1,0,0,0,0
60,40,Move,106,24,2,0,0,0,0.39
60,40,Move,106,26,2,0,0,0,0.434
60,40,Move,106,28,2,0,0,0,0.443
60,40,Move,106,30,2,0.001,0,0,0.444
60,40,Move,106,32,2,0.001,0,0.001,0.445
60,40,Move,106,34,2,0.002,0,0.001,0.445
60,40,Move,106,36,1,0.002,0,0.001,0.445
60,40,Move,106,38,1,0.002,0,0.001,0.445
60,40,Move,106,40,1,0.001,0,0,0.445
60,40,Move,106,42,1,0,0,0,0.445
60,40,Move,106,44,1,0,0,0,0.445
60,40,Move,106,46,1,0,0,0,0.445
60,40,Move,106,48,1,0,0,0,0.445
60,40,Move,104,16,1,0,0,0,0
60,40,Move,104,18,1,0,0,0,0
60,40,Move,104,20,1,0,0,0,0
60,40,Move,104,22,2,0,0,0,0.096
60,40,Move,104,24,2,0,0,0,0.275
60,40,Move,104,26,2,0,0,0,0.402
60,40,Move,104,28,2,0,0,0,0.437
60,40,Move,104,30,2,0.001,0,0,0.443
60,40,Move,104,32,2,0.002,0,0.001,0.444
60,40,Move,104,34,2,0.002,0,0.001,0.445
60,40,Move,104,36,2,0.002,0,0.001,0.445
60,40,Move,104,38,1,0.002,0,0.001,0.445
60,40,Move,104,40,1,0.001,0,0,0.445
60,40,Move,104,42,1,0,0,0,0.445
60,40,Move,104,44,1,0,0,0,0.445
60,40,Move,104,46,1,0,0,0,0.445
60,40,Move,104,48,1,0,0,0,0.445
60,40,Move,102,14,1,0,0,0,0
60,40,Move,102,16,1,0,0,0,0
60,40,Move,102,18,1,0,0,0,0
60,40,Move,102,20,1,0,0,0,0
60,40,Move,102,22,1,0,0,0,0
60,40,Move,102,24,2,0,0,0,0.118
60,40,Move,102,26,3,0,0,0,0.3
60,40,Move,102,28,3,0,0,0,0.409
60,40,Move,102,30,3,0.001,0,0,0.437
60,40,Move,102,32,4,0.001,0,0.001,0.442
60,40,Move,102,34,4,0.002,0,0.001,0.444
60,40,Move,102,36,4,0.002,0,0.001,0.444
60,40,Move,102,38,3,0.001,0,0.001,0.444
60,40,Move,102,40,2,0.001,0,0,0.444
60,40,Move,102,42,3,0,0,0,0.444
60,40,Move,102,44,2,0,0,0,0.445
60,40,Move,102,46,2,0,0,0,0.444
60,40,Move,102,48,2,0,0,0,0.439
60,40,Move,102,50,1,0,0,0,0
60,40,Move,102,52,1,0,0,0,0
60,40,Move,102,54,1,0,0,0,0
60,40,Move,100,14,1,0,0,0,0
60,40,Move,100,16,1,0,0,0,0
60,40,Move,100,18,2,0,0,0,0
60,40,Move,100,20,2,0,0,0,0
60,40,Move,100,22,2,0,0,0,0
60,40,Move,100,24,4,0,0,0,0.033
60,40,Move,100,26,4,0,0,0,0.137
60,40,Move,100,28,4,0,0,0,0.307
60,40,Move,100,30,4,0,0,0,0.399
60,40,Move,100,32,4,0.001,0,0,0.426
60,40,Move,100,34,4,0.001,0,0,0.435
60,40,Move,100,36,4,0.001,0,0,0.438
60,40,Move,100,38,4,0.001,0,0,0.44
60,40,Move,100,40,4,0,0,0,0.44
60,40,Move,100,42,3,0,0,0,0.439
60,40,Move,100,44,3,0,0,0,0.437
60,40,Move,100,46,3,0,0,0,0.428
60,40,Move,100,48,1,0,0,0,0
60,40,Move,100,50,1,0,0,0,0
60,40,Move,100,52,1,0,0,0,0
60,40,Move,100,54,1,0,0,0,0
60,40,Move,100,56,1,0,0,0,0
60,40,Move,98,14,1,0,0,0,0
60,40,Move,98,16,2,0,0,0,0
60,40,Move,98,18,2,0,0,0,0
60,40,Move,98,20,2,0,0,0,0
60,40,Move,98,22,3,0,0,0,0.001
60,40,Move,98,24,4,0,0,0,0.009
60,40,Move,98,26,5,0,0,0,0.04
60,40,Move,98,28,5,0,0,0,0.125
60,40,Move,98,30,5,0,0,0,0.235
60,40,Move,98,32,4,0,0,0,0.313
60,40,Move,98,34,4,0,0,0,0.358
60,40,Move,98,36,4,0,0,0,0.382
60,40,Move,98,38,5,0,0,0,0.391
60,40,Move,98,40,4,0,0,0,0.391
60,40,Move,98,42,4,0,0,0,0.383
60,40,Move,98,44,3,0,0,0,0.367
60,40,Move,98,46,3,0,0,0,0.305
60,40,Move,98,48,1,0,0,0,0
60,40,Move,98,50,1,0,0,0,0
60,40,Move,98,52,1,0,0,0,0
60,40,Move,98,54,1,0,0,0,0
60,40,Move,98,56,1,0,0,0,0
60,40,Move,98,58,1,0,0,0,0
60,40,Move,96,14,2,0,0,0,0
60,40,Move,96,16,2,0,0,0,0
60,40,Move,96,18,2,0,0,0,0
60,40,Move,96,20,3,0,0,0,0
60,40,Move,96,22,3,0,0,0,0.001
60,40,Move,96,24,3,0,0,0,0.004
60,40,Move,96,26,5,0,0,0,0.016
60,40,Move,96,28,5,0,0,0,0.036
60,40,Move,96,30,5,0,0,0,0.063
60,40,Move,96,32,5,0,0,0,0.094
60,40,Move,96,34,4,0,0,0,0.128
60,40,Move,96,36,5,0,0,0,0.159
60,40,Move,96,38,5,0,0,0,0.175
60,40,Move,96,40,4,0,0,0,0.172
60,40,Move,96,42,4,0,0,0,0.155
60,40,Move,96,44,5,0,0,0,0.124
60,40,Move,96,46,3,0,0,0,0.002
60,40,Move,96,48,3,0,0,0,0.001
60,40,Move,96,50,2,0,0,0,0
60,40,Move,96,52,2,0,0,0,0
60,40,Move,96,54,2,0,0,0,0
60,40,Move,96,56,2,0,0,0,0
60,40,Move,96,58,1,0,0,0,0
60,40,Move,94,12,1,0,0,0,0
60,40,Move,94,14,2,0,0,0,0
60,40,Move,94,16,2,0,0,0,0
60,40,Move,94,18,2,0,0,0,0
60,40,Move,94,20,3,0,0,0,0
60,40,Move,94,22,3,0,0,0,0.001
60,40,Move,94,24,3,0,0,0,0.005
60,40,Move,94,26,4,0,0,0,0.014
60,40,Move,94,28,5,0,0,0,0.024
60,40,Move,94,30,5,0.001,0,0,0.029
60,40,Move,94,32,5,0.001,0,0,0.032
60,40,Move,94,34,4,0.001,0,0,0.035
60,40,Move,94,36,5,0.001,0,0,0.036
60,40,Move,94,38,6,0,0,0,0.035
60,40,Move,94,40,5,0,0,0,0.03
60,40,Move,94,42,5,0,0,0,0.024
60,40,Move,94,44,5,0,0,0,0.004
60,40,Move,94,46,4,0,0,0,0.002
60,40,Move,94,48,4,0,0,0,0.001
60,40,Move,94,50,2,0,0,0,0
60,40,Move,94,52,2,0,0,0,0
60,40,Move,94,54,2,0,0,0,0
60,40,Move,94,56,2,0,0,0,0
60,40,Move,94,58,2,0,0,0,0
60,40,Move,94,60,1,0,0,0,0
60,40,Move,92,10,1,0,0,0,0
60,40,Move,92,12,1,0,0,0,0
60,40,Move,92,14,2,0,0,0,0
60,40,Move,92,16,2,0,0,0,0
60,40,Move,92,18,2,0,0,0,0
60,40,Move,92,20,3,0,0,0,0
60,40,Move,92,22,3,0,0,0,0.001
60,40,Move,92,24,4,0,0,0,0.005
60,40,Move,92,26,4,0,0,0,0.015
60,40,Move,92,28,4,0.001,0,0,0.023
60,40,Move,92,30,4,0.001,0,0,0.025
60,40,Move,92,32,6,0.001,0,0,0.026
60,40,Move,92,34,6,0.001,0,0,0.024
60,40,Move,92,36,6,0.001,0,0,0.02
60,40,Move,92,38,6,0,0,0,0.016
60,40,Move,92,40,7,0,0,0,0.011
60,40,Move,92,42,6,0,0,0,0.006
60,40,Move,92,44,6,0,0,0,0.004
60,40,Move,92,46,4,0,0,0,0.002
60,40,Move,92,48,4,0,0,0,0.001
60,40,Move,92,50,4,0,0,0,0
60,40,Move,92,52,3,0,0,0,0
60,40,Move,92,54,2,0,0,0,0
60,40,Move,92,56,2,0,0,0,0
60,40,Move,92,58,2,0,0,0,0
60,40,Move,92,60,2,0,0,0,0
60,40,Move,90,10,1,0,0,0,0
60,40,Move,90,12,1,0,0,0,0
60,40,Move,90,14,2,0,0,0,0
60,40,Move,90,16,2,0,0,0,0
60,40,Move,90,18,2,0,0,0,0
60,40,Move,90,20,3,0,0,0,0
60,40,Move,90,22,3,0.001,0,0,0.001
60,40,Move,90,24,4,0,0,0,0.003
60,40,Move,90,26,4,0,0,0,0.012
60,40,Move,90,28,4,0.001,0,0,0.022
60,40,Move,90,30,5,0.001,0,0,0.025
60,40,Move,90,32,5,0.001,0,0,0.025
60,40,Move,90,34,5,0.001,0,0,0.023
60,40,Move,90,36,5,0.001,0,0,0.019
60,40,Move,90,38,6,0.001,0,0,0.014
60,40,Move,90,40,6,0,0,0,0.009
60,40,Move,90,42,6,0,0,0,0.006
60,40,Move,90,44,6,0,0,0,0.004
60,40,Move,90,46,5,0,0,0,0.002
60,40,Move,90,48,5,0,0,0,0
60,40,Move,90,50,4,0,0,0,0
60,40,Move,90,52,3,0,0,0,0
60,40,Move,90,54,3,0,0,0,0
60,40,Move,90,56,3,0,0,0,0
60,40,Move,90,58,2,0,0,0,0
60,40,Move,90,60,2,0,0,0,0
60,40,Move,88,10,1,0,0,0,0
60,40,Move,88,12,1,0,0,0,0
60,40,Move,88,14,1,0,0,0,0
60,40,Move,88,16,2,0,0,0,0
60,40,Move,88,18,2,0,0,0,0
60,40,Move,88,20,3,0.001,0,0,0
60,40,Move,88,22,3,0.001,0,0,0
60,40,Move,88,24,4,0.001,0,0,0.002
60,40,Move,88,26,4,0.001,0,0,0.009
60,40,Move,88,28,5,0.001,0,0,0.02
60,40,Move,88,30,5,0.001,0,0,0.025
60,40,Move,88,32,5,0.001,0,0,0.025
60,40,Move,88,34,5,0.001,0,0,0.023
60,40,Move,88,36,6,0.001,0,0,0.019
60,40,Move,88,38,6,0,0,0,0.014
60,40,Move,88,40,6,0,0,0,0.009
60,40,Move,88,42,6,0,0,0,0.006
60,40,Move,88,44,6,0,0,0,0.004
60,40,Move,88,46,5,0,0,0,0.002
60,40,Move,88,48,5,0,0,0,0
60,40,Move,88,50,4,0,0,0,0
60,40,Move,88,52,3,0,0,0,0
60,40,Move,88,54,3,0,0,0,0
60,40,Move,88,56,3,0,0,0,0
60,40,Move,88,58,2,0,0,0,0
60,40,Move,88,60,2,0,0,0,0
60,40,Move,88,62,1,0,0,0,0
60,40,Move,86,10,1,0,0,0,0
60,40,Move,86,12,1,0,0,0,0
60,40,Move,86,14,1,0,0,0,0
60,40,Move,86,16,1,0,0,0,0
60,40,Move,86,18,2,0,0,0,0
60,40,Move,86,20,3,0,0,0,0
60,40,Move,86,22,3,0.001,0,0,0
60,40,Move,86,24,3,0.001,0,0,0.001
60,40,Move,86,26,4,0,0,0,0.006
60,40,Move,86,28,6,0,0,0,0.017
60,40,Move,86,30,6,0,0,0,0.024
60,40,Move,86,32,6,0,0,0,0.025
60,40,Move,86,34,7,0,0,0,0.022
60,40,Move,86,36,6,0,0,0,0.018
60,40,Move,86,38,6,0,0,0,0.013
60,40,Move,86,40,6,0,0,0,0.008
60,40,Move,86,42,6,0,0,0,0.005
60,40,Move,86,44,6,0,0,0,0.003
60,40,Move,86,46,6,0,0,0,0.001
60,40,Move,86,48,6,0,0,0,0
60,40,Move,86,50,5,0,0,0,0
60,40,Move,86,52,3,0,0,0,0
60,40,Move,86,54,3,0,0,0,0
60,40,Move,86,56,3,0,0,0,0
60,40,Move,86,58,3,0,0,0,0
60,40,Move,86,60,2,0,0,0,0
60,40,Move,86,62,1,0,0,0,0
60,40,Move,84,10,1,0,0,0,0
60,40,Move,84,12,1,0,0,0,0
60,40,Move,84,14,1,0,0,0,0
60,40,Move,84,16,1,0,0,0,0
60,40,Move,84,18,1,0,0,0,0
60,40,Move,84,20,2,0,0,0,0
60,40,Move,84,22,3,0,0,0,0
60,40,Move,84,24,4,0,0,0,0.001
60,40,Move,84,26,6,0,0,0,0.004
60,40,Move,84,28,6,0,0,0,0.013
60,40,Move,84,30,6,0,0,0,0.021
60,40,Move,84,32,5,0,0,0,0.023
60,40,Move,84,34,6,0,0,0,0.021
60,40,Move,84,36,6,0,0,0,0.017
60,40,Move,84,38,7,0,0,0,0.011
60,40,Move,84,40,7,0,0,0,0.006
60,40,Move,84,42,7,0,0,0,0.003
60,40,Move,84,44,6,0,0,0,0.001
60,40,Move,84,46,6,0,0,0,0
60,40,Move,84,48,6,0,0,0,0
60,40,Move,84,50,6,0,0,0,0
60,40,Move,84,52,5,0,0,0,0
60,40,Move,84,54,5,0,0,0,0
60,40,Move,84,56,3,0,0,0,0
60,40,Move,84,58,3,0,0,0,0
60,40,Move,84,60,1,0,0,0,0
60,40,Move,84,62,1,0,0,0,0
60,40,Move,82,2,1,0,0,0,0
60,40,Move,82,4,1,0,0,0,0
60,40,Move,82,6,1,0,0,0,0
60,40,Move,82,8,1,0,0,0,0
60,40,Move,82,10,2,0,0,0,0
60,40,Move,82,12,2,0,0,0,0
60,40,Move,82,14,1,0,0,0,0
60,40,Move,82,16,1,0,0,0,0
60,40,Move,82,18,1,0,0,0,0
60,40,Move,82,20,2,0,0,0,0
60,40,Move,82,22,4,0,0,0,0
60,40,Move,82,24,4,0,0,0,0
60,40,Move,82,26,5,0,0,0,0.002
60,40,Move,82,28,6,0,0,0,0.007
60,40,Move,82,30,6,0,0,0,0.011
60,40,Move,82,32,5,0,0,0,0.012
60,40,Move,82,34,6,0,0,0,0.011
60,40,Move,82,36,5,0,0,0,0.008
60,40,Move,82,38,8,0,0,0,0.005
60,40,Move,82,40,8,0,0,0,0.002
60,40,Move,82,42,8,0,0,0,0.001
60,40,Move,82,44,6,0,0,0,0
60,40,Move,82,46,7,0,0,0,0
60,40,Move,82,48,6,0,0,0,0
60,40,Move,82,50,6,0,0,0,0
60,40,Move,82,52,6,0,0,0,0
60,40,Move,82,54,5,0,0,0,0
60,40,Move,82,56,5,0,0,0,0
60,40,Move,82,58,3,0,0,0,0
60,40,Move,82,60,2,0,0,0,0
60,40,Move,82,62,1,0,0,0,0
60,40,Move,80,0,1,0,0,0,0
60,40,Move,80,2,1,0,0,0,0
60,40,Move,80,4,1,0,0,0,0
60,40,Move,80,6,1,0,0,0,0
60,40,Move,80,8,1,0,0,0,0
60,40,Move,80,10,1,0,0,0,0
60,40,Move,80,12,2,0,0,0,0
60,40,Move,80,14,2,0,0,0,0
60,40,Move,80,16,2,0,0,0,0
60,40,Move,80,18,2,0,0,0,0
60,40,Move,80,20,2,0,0,0,0
60,40,Move,80,22,3,0,0,0,0
60,40,Move,80,24,4,0,0,0,0
60,40,Move,80,26,5,0,0,0,0.001
60,40,Move,80,28,5,0,0,0,0.001
60,40,Move,80,30,6,0,0,0,0.001
60,40,Move,80,32,6,0,0,0,0.001
60,40,Move,80,34,5,0,0,0,0.001
60,40,Move,80,36,5,0,0,0,0.001
60,40,Move,80,38,7,0,0,0,0.001
60,40,Move,80,40,8,0,0,0,0
60,40,Move,80,42,7,0,0,0,0
60,40,Move,80,44,7,0,0,0,0
60,40,Move,80,46,6,0,0,0,0
60,40,Move,80,48,6,0,0,0,0
60,40,Move,80,50,6,0,0,0,0
60,40,Move,80,52,6,0,0,0,0
60,40,Move,80,54,5,0,0,0,0
60,40,Move,80,56,4,0,0,0,0
60,40,Move,80,58,4,0,0,0,0
60,40,Move,80,60,2,0,0,0,0
60,40,Move,80,62,1,0,0,0,0
60,40,Move,78,0,1,0,0,0,0
60,40,Move,78,2,1,0,0,0,0
60,40,Move,78,4,1,0,0,0,0
60,40,Move,78,6,1,0,0,0,0
60,40,Move,78,8,1,0,0,0,0
60,40,Move,78,10,1,0,0,0,0
60,40,Move,78,12,1,0,0,0,0
60,40,Move,78,14,3,0,0,0,0
60,40,Move,78,16,3,0,0,0,0
60,40,Move,78,18,2,0,0,0,0
60,40,Move,78,20,3,0,0,0,0
60,40,Move,78,22,3,0,0,0,0
60,40,Move,78,24,3,0,0,0,0
60,40,Move,78,26,4,0,0,0,0
60,40,Move,78,28,5,0,0,0,0
60,40,Move,78,30,5,0,0,0,0
60,40,Move,78,32,4,0,0,0,0
60,40,Move,78,34,6,0,0,0,0
60,40,Move,78,36,6,0,0,0,0
60,40,Move,78,38,6,0,0,0,0
60,40,Move,78,40,6,0,0,0,0
60,40,Move,78,42,6,0,0,0,0
60,40,Move,78,44,7,0,0,0,0
60,40,Move,78,46,6,0.001,0,0,0
60,40,Move,78,48,6,0.001,0,0,0
60,40,Move,78,50,6,0.001,0,0,0
60,40,Move,78,52,5,0,0,0,0
60,40,Move,78,54,4,0,0,0,0
60,40,Move,78,56,4,0,0,0,0
60,40,Move,78,58,4,0,0,0,0
60,40,Move,78,60,3,0,0,0,0
60,40,Move,78,62,1,0,0,0,0
60,40,Move,76,0,1,0,0,0,0
60,40,Move,76,2,1,0,0,0,0
60,40,Move,76,4,1,0,0,0,0
60,40,Move,76,6,1,0,0,0,0
60,40,Move,76,8,1,0,0,0,0
60,40,Move,76,10,2,0,0,0,0
60,40,Move,76,12,2,0,0,0,0
60,40,Move,76,14,3,0,0,0,0
60,40,Move,76,16,4,0,0,0,0
60,40,Move,76,18,4,0,0,0,0
60,40,Move,76,20,3,0,0,0,0
60,40,Move,76,22,3,0,0,0,0
60,40,Move,76,24,3,0,0,0,0
60,40,Move,76,26,3,0,0,0,0
60,40,Move,76,28,4,0,0,0,0
60,40,Move,76,30,3,0.001,0,0,0
60,40,Move,76,32,3,0.001,0,0,0
60,40,Move,76,34,4,0.001,0,0,0
60,40,Move,76,36,5,0,0,0,0
60,40,Move,76,38,4,0,0,0,0
60,40,Move,76,40,5,0,0,0,0
60,40,Move,76,42,6,0,0,0,0
60,40,Move,76,44,6,0.001,0,0,0
60,40,Move,76,46,5,0.002,0,0,0
60,40,Move,76,48,5,0.002,0,0,0
60,40,Move,76,50,5,0.002,0,0,0
60,40,Move,76,52,4,0.001,0,0,0
60,40,Move,76,54,4,0,0,0,0
60,40,Move,76,56,4,0,0,0,0
60,40,Move,76,58,4,0,0,0,0
60,40,Move,76,60,2,0,0,0,0
60,40,Move,76,62,1,0,0,0,0
60,40,Move,76,64,1,0,0,0,0
60,40,Move,74,0,1,0,0,0,0
60,40,Move,74,2,1,0,0,0,0
60,40,Move,74,4,1,0.001,0,0,0
60,40,Move,74,6,1,0.001,0,0,0
60,40,Move,74,8,2,0.001,0,0,0
60,40,Move,74,10,2,0.001,0,0,0
60,40,Move,74,12,3,0,0,0,0
60,40,Move,74,14,3,0,0,0,0
60,40,Move,74,16,3,0,0,0,0
60,40,Move,74,18,3,0,0,0,0
60,40,Move,74,20,3,0,0,0,0
60,40,Move,74,22,3,0,0,0,0
60,40,Move,74,24,2,0,0,0,0
60,40,Move,74,26,2,0,0,0,0
60,40,Move,74,28,3,0.001,0,0,0
60,40,Move,74,30,3,0.001,0,0,0
60,40,Move,74,32,3,0.001,0,0,0
60,40,Move,74,34,3,0.001,0,0,0
60,40,Move,74,36,5,0.001,0,0,0
60,40,Move,74,38,4,0,0,0,0
60,40,Move,74,40,5,0,0,0,0
60,40,Move,74,42,6,0.001,0,0,0
60,40,Move,74,44,6,0.001,0,0,0
60,40,Move,74,46,5,0.002,0,0,0
60,40,Move,74,48,5,0.003,0,0,0
60,40,Move,74,50,5,0.002,0,0,0
60,40,Move,74,52,4,0.001,0,0,0
60,40,Move,74,54,4,0.001,0,0,0
60,40,Move,74,56,4,0,0,0,0
60,40,Move,74,58,2,0,0,0,0
60,40,Move,74,60,2,0,0,0,0
60,40,Move,74,62,1,0,0,0,0
60,40,Move,74,64,1,0,0,0,0
60,40,Move,72,0,1,0,0,0,0
60,40,Move,72,2,1,0.001,0,0,0
60,40,Move,72,4,1,0.002,0,0,0
60,40,Move,72,6,2,0.002,0,0,0
60,40,Move,72,8,2,0.002,0,0,0
60,40,Move,72,10,2,0.002,0,0,0
60,40,Move,72,12,3,0.001,0,0,0
60,40,Move,72,14,3,0,0,0,0
60,40,Move,72,16,3,0,0,0,0
60,40,Move,72,18,3,0,0,0,0
60,40,Move,72,20,4,0,0,0,0
60,40,Move,72,22,3,0,0,0,0
60,40,Move,72,24,3,0,0,0,0
60,40,Move,72,26,2,0,0,0,0
60,40,Move,72,28,2,0,0,0,0
60,40,Move,72,30,3,0.001,0,0,0
60,40,Move,72,32,3,0.001,0,0,0
60,40,Move,72,34,3,0.001,0,0,0
60,40,Move,72,36,4,0,0,0,0
60,40,Move,72,38,4,0,0,0,0
60,40,Move,72,40,5,0,0,0,0
60,40,Move,72,42,5,0.001,0,0,0
60,40,Move,72,44,5,0.001,0,0,0
60,40,Move,72,46,5,0.002,0,0,0
60,40,Move,72,48,5,0.003,0,0,0
60,40,Move,72,50,4,0.002,0,0,0
60,40,Move,72,52,4,0.002,0,0,0
60,40,Move,72,54,3,0.001,0,0,0
60,40,Move,72,56,2,0,0,0,0
60,40,Move,72,58,2,0,0,0,0
60,40,Move,72,60,2,0,0,0,0
60,40,Move,72,62,1,0,0,0,0
60,40,Move,72,64,1,0,0,0,0
60,40,Move,70,0,1,0,0,0,0
60,40,Move,70,2,1,0.001,0,0,0
60,40,Move,70,4,3,0.002,0,0,0
60,40,Move,70,6,3,0.003,0,0,0
60,40,Move,70,8,3,0.003,0,0,0
60,40,Move,70,10,3,0.002,0,0,0
60,40,Move,70,12,3,0.001,0,0,0
60,40,Move,70,14,3,0.001,0,0,0
60,40,Move,70,16,3,0,0,0,0
60,40,Move,70,18,3,0,0,0,0
60,40,Move,70,20,4,0,0,0,0
60,40,Move,70,22,3,0,0,0,0
60,40,Move,70,24,3,0,0,0,0
60,40,Move,70,26,2,0,0,0,0
60,40,Move,70,28,2,0,0,0,0
60,40,Move,70,30,2,0.001,0,0,0
60,40,Move,70,32,3,0.001,0,0,0
60,40,Move,70,34,3,0.001,0,0,0
60,40,Move,70,36,4,0,0,0,0
60,40,Move,70,38,4,0,0,0,0
60,40,Move,70,40,5,0,0,0,0
60,40,Move,70,42,5,0,0,0,0
60,40,Move,70,44,5,0.001,0,0,0
60,40,Move,70,46,4,0.002,0,0,0
60,40,Move,70,48,3,0.002,0,0,0
60,40,Move,70,50,3,0.002,0,0,0
60,40,Move,70,52,3,0.001,0,0,0
60,40,Move,70,54,2,0.001,0,0,0
60,40,Move,70,56,2,0,0,0,0
60,40,Move,70,58,2,0,0,0,0
60,40,Move,70,60,2,0,0,0,0
60,40,Move,70,62,1,0,0,0,0
60,40,Move,70,64,1,0,0,0,0
60,40,Move,68,0,2,0,0,0,0
60,40,Move,68,2,3,0.001,0,0,0
60,40,Move,68,4,3,0.002,0,0,0
60,40,Move,68,6,3,0.003,0,0,0
60,40,Move,68,8,3,0.003,0,0,0
60,40,Move,68,10,3,0.002,0,0,0
60,40,Move,68,12,4,0.001,0,0,0
60,40,Move,68,14,4,0.001,0,0,0
60,40,Move,68,16,3,0.001,0,0,0
60,40,Move,68,18,3,0,0,0,0
60,40,Move,68,20,4,0,0,0,0
60,40,Move,68,22,3,0,0,0,0
60,40,Move,68,24,3,0,0,0,0
60,40,Move,68,26,3,0,0,0,0
60,40,Move,68,28,2,0,0,0,0
60,40,Move,68,30,2,0,0,0,0
60,40,Move,68,32,2,0,0,0,0
60,40,Move,68,34,2,0,0,0,0
60,40,Move,68,36,4,0,0,0,0
60,40,Move,68,38,3,0,0,0,0
60,40,Move,68,40,4,0,0,0,0
60,40,Move,68,42,4,0,0,0,0
60,40,Move,68,44,3,0.001,0,0,0
60,40,Move,68,46,3,0.001,0,0,0
60,40,Move,68,48,2,0.001,0,0,0
60,40,Move,68,50,2,0.001,0,0,0
60,40,Move,68,52,2,0.001,0,0,0
60,40,Move,68,54,2,0,0,0,0
60,40,Move,68,56,2,0,0,0,0
60,40,Move,68,58,2,0,0,0,0
60,40,Move,68,60,2,0,0,0,0
60,40,Move,68,62,1,0,0,0,0
60,40,Move,68,64,1,0,0,0,0
60,40,Move,66,0,2,0,0,0,0
60,40,Move,66,2,3,0.001,0,0,0
60,40,Move,66,4,3,0.001,0,0,0
60,40,Move,66,6,3,0.002,0,0,0
60,40,Move,66,8,3,0.002,0,0,0
60,40,Move,66,10,3,0.002,0,0,0
60,40,Move,66,12,3,0.002,0,0,0
60,40,Move,66,14,4,0.001,0,0,0
60,40,Move,66,16,4,0.001,0,0,0
60,40,Move,66,18,3,0.001,0,0,0
60,40,Move,66,20,2,0,0,0,0
60,40,Move,66,22,3,0,0,0,0
60,40,Move,66,24,3,0,0,0,0
60,40,Move,66,26,3,0,0,0,0
60,40,Move,66,28,2,0,0,0,0
60,40,Move,66,30,2,0,0,0,0
60,40,Move,66,32,2,0,0,0,0
60,40,Move,66,34,2,0,0,0,0
60,40,Move,66,36,2,0,0,0,0
60,40,Move,66,38,2,0,0,0,0
60,40,Move,66,40,2,0,0,0,0
60,40,Move,66,42,3,0,0,0,0
60,40,Move,66,44,2,0,0,0,0
60,40,Move,66,46,2,0,0,0,0
60,40,Move,66,48,2,0,0,0,0
60,40,Move,66,50,2,0,0,0,0
60,40,Move,66,52,2,0,0,0,0
60,40,Move,66,54,2,0,0,0,0
60,40,Move,66,56,2,0,0,0,0
60,40,Move,66,58,2,0,0,0,0
60,40,Move,66,60,1,0,0,0,0
60,40,Move,66,62,1,0,0,0,0
60,40,Move,66,64,1,0,0,0,0
60,40,Move,64,0,2,0,0,0,0
60,40,Move,64,2,3,0,0,0,0
60,40,Move,64,4,3,0.001,0,0,0
60,40,Move,64,6,3,0.001,0,0,0
60,40,Move,64,8,3,0.002,0,0,0
60,40,Move,64,10,3,0.002,0,0,0
60,40,Move,64,12,3,0.002,0,0,0
60,40,Move,64,14,4,0.002,0,0,0
60,40,Move,64,16,4,0.001,0,0,0
60,40,Move,64,18,4,0.001,0,0,0
60,40,Move,64,20,2,0,0,0,0
60,40,Move,64,22,2,0,0,0,0
60,40,Move,64,24,3,0,0,0,0
60,40,Move,64,26,3,0,0,0,0
60,40,Move,64,28,2,0,0,0,0
60,40,Move,64,30,2,0,0,0,0
60,40,Move,64,32,2,0,0,0,0
60,40,Move,64,34,2,0,0,0,0
60,40,Move,64,36,2,0,0,0,0
60,40,Move,64,38,2,0,0,0,0
60,40,Move,64,40,2,0,0,0,0
60,40,Move,64,42,2,0,0,0,0
60,40,Move,64,44,2,0,0,0,0
60,40,Move,64,46,2,0,0,0,0
60,40,Move,64,48,2,0,0,0,0
60,40,Move,64,50,2,0,0,0,0
60,40,Move,64,52,2,0,0,0,0
60,40,Move,64,54,2,0,0,0,0
60,40,Move,64,56,2,0,0,0,0
60,40,Move,64,58,1,0,0,0,0
60,40,Move,64,60,1,0,0,0,0
60,40,Move,64,62,1,0,0,0,0
60,40,Move,62,0,2,0,0,0,0
60,40,Move,62,2,3,0,0,0,0
60,40,Move,62,4,3,0.001,0,0,0
60,40,Move,62,6,3,0.002,0,0,0
60,40,Move,62,8,3,0.002,0,0,0
60,40,Move,62,10,3,0.002,0,0,0
60,40,Move,62,12,3,0.002,0,0,0
60,40,Move,62,14,3,0.002,0,0,0
60,40,Move,62,16,4,0.001,0,0,0
60,40,Move,62,18,3,0.001,0,0,0
60,40,Move,62,20,3,0,0,0,0
60,40,Move,62,22,2,0,0,0,0
60,40,Move,62,24,2,0,0,0,0
60,40,Move,62,26,3,0,0,0,0
60,40,Move,62,28,2,0,0,0,0
60,40,Move,62,30,2,0,0,0,0
60,40,Move,62,32,2,0,0,0,0
60,40,Move,62,34,2,0,0,0,0
60,40,Move,62,36,1,0,0,0,0
60,40,Move,62,38,1,0,0,0,0
60,40,Move,62,42,1,0,0,0,0
60,40,Move,62,44,2,0,0,0,0
60,40,Move,62,46,2,0,0,0,0
60,40,Move,62,48,2,0,0,0,0
60,40,Move,62,50,2,0,0,0,0
60,40,Move,62,52,2,0,0,0,0
60,40,Move,62,54,2,0,0,0,0
60,40,Move,62,56,1,0,0,0,0
60,40,Move,62,58,1,0,0,0,0
60,40,Move,62,60,1,0,0,0,0
60,40,Move,62,62,1,0,0,0,0
60,40,Move,60,0,2,0,0,0,0
60,40,Move,60,2,3,0.001,0,0,0
60,40,Move,60,4,3,0.002,0,0,0
60,40,Move,60,6,3,0.003,0,0,0
60,40,Move,60,8,3,0.004,0,0,0
60,40,Move,60,10,3,0.003,0,0,0
60,40,Move,60,12,3,0.002,0,0,0
60,40,Move,60,14,3,0.002,0,0,0
60,40,Move,60,16,2,0.001,0,0,0
60,40,Move,60,18,3,0.001,0,0,0
60,40,Move,60,20,3,0,0,0,0
60,40,Move,60,22,2,0,0,0,0
60,40,Move,60,24,2,0,0,0,0
60,40,Move,60,26,2,0,0,0,0
60,40,Move,60,28,1,0,0,0,0
60,40,Move,60,30,1,0,0,0,0
60,40,Move,60,32,1,0,0,0,0
60,40,Move,60,46,2,0,0,0,0
60,40,Move,60,48,2,0,0,0,0
60,40,Move,60,50,2,0,0,0,0
60,40,Move,60,52,1,0,0,0,0
60,40,Move,60,54,1,0,0,0,0
60,40,Move,60,56,1,0,0,0,0
60,40,Move,60,58,1,0,0,0,0
60,40,Move,60,60,1,0,0,0,0
60,40,Move,58,0,1,0,0,0,0
60,40,Move,58,2,3,0.001,0,0,0
60,40,Move,58,4,3,0.002,0,0,0
60,40,Move,58,6,3,0.004,0,0,0
60,40,Move,58,8,3,0.005,0,0,0
60,40,Move,58,10,3,0.004,0,0,0
60,40,Move,58,12,3,0.002,0,0,0
60,40,Move,58,14,2,0.001,0,0,0
60,40,Move,58,16,2,0.001,0,0,0
60,40,Move,58,18,2,0,0,0,0
60,40,Move,58,20,3,0,0,0,0
60,40,Move,58,22,2,0,0,0,0
60,40,Move,58,24,2,0,0,0,0
60,40,Move,58,26,2,0,0,0,0
60,40,Move,58,28,1,0,0,0,0
60,40,Move,58,30,1,0,0,0,0
60,40,Move,58,50,1,0,0,0,0
60,40,Move,58,52,1,0,0,0,0
60,40,Move,58,54,1,0,0,0,0
60,40,Move,56,0,1,0,0,0,0
60,40,Move,56,2,1,0.001,0,0,0
60,40,Move,56,4,2,0.002,0,0,0
60,40,Move,56,6,2,0.004,0,0,0
60,40,Move,56,8,2,0.005,0,0,0
60,40,Move,56,10,2,0.004,0,0,0
60,40,Move,56,12,2,0.002,0,0,0
60,40,Move,56,14,2,0.001,0,0,0
60,40,Move,56,16,2,0,0,0,0
60,40,Move,56,18,2,0,0,0,0
60,40,Move,56,20,2,0,0,0,0
60,40,Move,56,22,1,0,0,0,0
60,40,Move,56,24,1,0,0,0,0
60,40,Move,54,0,1,0,0,0,0
60,40,Move,54,2,1,0.001,0,0,0
60,40,Move,54,4,1,0.002,0,0,0
60,40,Move,54,6,2,0.003,0,0,0
60,40,Move,54,8,2,0.003,0,0,0
60,40,Move,54,10,2,0.002,0,0,0
60,40,Move,54,12,2,0.001,0,0,0
60,40,Move,54,14,2,0.001,0,0,0
60,40,Move,54,16,2,0,0,0,0
60,40,Move,54,18,2,0,0,0,0
60,40,Move,54,20,2,0,0,0,0
60,40,Move,54,22,1,0,0,0,0
60,40,Move,52,0,1,0,0,0,0
60,40,Move,52,2,1,0,0,0,0
60,40,Move,52,4,1,0.001,0,0,0
60,40,Move,52,6,1,0.001,0,0,0
60,40,Move,52,8,2,0.001,0,0,0
60,40,Move,52,10,2,0.001,0,0,0
60,40,Move,52,12,2,0.001,0,0,0
60,40,Move,52,14,2,0,0,0,0
60,40,Move,52,16,2,0,0,0,0
60,40,Move,52,18,2,0,0,0,0
60,40,Move,52,20,2,0,0,0,0
60,40,Move,50,0,1,0,0,0,0
60,40,Move,50,2,1,0,0,0,0
60,40,Move,50,4,1,0,0,0,0
60,40,Move,50,6,1,0,0,0,0
60,40,Move,50,8,1,0,0,0,0
60,40,Move,50,10,1,0,0,0,0
60,40,Move,50,12,1,0,0,0,0
60,40,Move,50,14,1,0,0,0,0
60,40,Move,50,16,1,0,0,0,0
60,40,Move,50,18,1,0,0,0,0
60,40,Move,48,0,1,0,0,0,0
60,40,Move,48,2,1,0,0,0,0
60,40,Move,48,4,1,0,0,0,0
60,40,Move,48,6,1,0,0,0,0
60,40,Move,48,8,1,0,0,0,0
60,40,Move,48,10,1,0,0,0,0
60,40,Move,48,12,1,0,0,0,0
60,40,Move,48,14,1,0,0,0,0
60,40,Move,48,16,1,0,0,0,0
60,40,Move,46,2,1,0,0,0,0
60,40,Move,46,4,1,0,0,0,0
60,40,Move,46,6,1,0,0,0,0
60,40,Move,46,8,1,0,0,0,0
60,40,Move,46,10,1,0,0,0,0
60,40,Move,46,12,1,0,0,0,0
60,40,Move,46,14,1,0,0,0,0
60,40,Move,44,8,1,0,0,0,0
